"String","Ref. Ten. (lbs)","Swing Speed","Material","Gauge Nominal (mm)","Gauge Acutal (mm)","Stretch at 40 lbs (%)","Stretch at 51 lbs (%)","Stretch at 62 lbs (%)","Actual Pre-impact Tension (lbs)","Dwell Time (ms)","Deflection (mm)","Tension Change (lbs)","Peak Tension (lbs)","Peak Perp. Force (lbs)","Ave Perp. Force (lbs)","Stiffness (lb/in)","Static Loss lbs.","Stabilization Loss (lbs)","Impact Loss (lbs).","Total Loss (lbs)","Tension Loss (%)","Energy Return (%)","String/String COF","String/Ball COF","Spin Potential"
"LaserFibre 1200 16 (1.30)","51","Fast","Nylon","1.3","","0.0","0.0","0.0","41.54","35.3","32.9","36.6","78.1","32.1","16.1","137.7","3.24","5.94","0.17","9.3","18.4","91.8","0.106","0.603","5.7"
"Luxilon 4G 16 (1.30)","40","Slow","Polyester","1.3","NA","1.2","1.8","2.4","20.90","42.6","20.7","31.3","52.0","13.5","6.7","296.0","5.51","13.28","0.04","18.7","47.4","93.5","NA","NA","NA"
"Luxilon 4G 16 (1.30)","40","Medium","Polyester","1.3","NA","1.2","1.8","2.4","21.28","37.2","27.7","50.5","71.9","24.9","11.4","267.5","5.51","12.90","0.31","18.7","47.2","88.4","NA","NA","NA"
"Luxilon 4G 16 (1.30)","40","Fast","Polyester","1.3","NA","1.2","1.8","2.4","21.26","34.4","32.0","64.6","86.0","34.4","15.7","256.0","5.51","12.92","0.40","18.7","47.4","86.3","NA","NA","NA"
"Luxilon 4G 16 (1.30)","51","Slow","Polyester","1.3","NA","1.2","1.8","2.4","38.87","37.2","17.8","26.0","64.8","14.4","7.7","334.3","3.97","7.88","-0.16","11.7","23","97.2","NA","NA","NA"
"Luxilon 4G 16 (1.30)","51","Medium","Polyester","1.3","NA","1.2","1.8","2.4","39.16","33.3","24.1","45.4","84.5","25.4","13.0","317.2","3.97","7.59","0.13","11.7","23","92.7","NA","NA","NA"
"Luxilon 4G 16 (1.30)","51","Fast","Polyester","1.3","NA","1.2","1.8","2.4","39.14","31.2","29.0","59.3","98.6","35.7","17.3","286.9","3.97","7.61","0.33","11.9","23.5","90.1","NA","NA","NA"
"Luxilon 4G 16 (1.30)","62","Slow","Polyester","1.3","NA","1.2","1.8","2.4","52.15","34.3","16.0","22.3","74.5","14.9","8.5","354.3","3.09","6.50","-0.11","9.5","15.4","95.6","NA","NA","NA"
"Luxilon 4G 16 (1.30)","62","Medium","Polyester","1.3","NA","1.2","1.8","2.4","52.28","31.1","22.9","41.9","94.2","27.0","14.1","324.6","3.09","6.37","0.07","9.5","15.4","95.6","NA","NA","NA"
"Luxilon 4G 16 (1.30)","62","Fast","Polyester","1.3","NA","1.2","1.8","2.4","52.21","29.6","27.1","55.3","107.6","36.5","18.9","305.8","3.09","6.44","0.35","9.9","16","92.4","NA","NA","NA"
"Luxilon 4G 16L (1.25)","40","Slow","Polyester","1.25","NA","1.5","2.4","3.0","24.37","41.7","20.0","29.3","53.8","13.4","7.0","298.3","5.07","10.25","0.05","15.4","38.7","96.2","0.095","0.366","3.9"
"Luxilon 4G 16L (1.25)","40","Medium","Polyester","1.25","NA","1.5","2.4","3.0","24.50","37.0","27.0","45.9","70.3","23.8","11.6","254.9","5.07","10.12","0.24","15.4","38.9","91.8","0.095","0.366","3.9"
"Luxilon 4G 16L (1.25)","40","Fast","Polyester","1.25","NA","1.5","2.4","3.0","24.45","33.7","32.0","59.1","83.6","33.4","13.7","234.9","5.07","10.17","0.37","15.7","39.3","93.9","0.095","0.366","3.9"
"Luxilon 4G 16L (1.25)","51","Slow","Polyester","1.25","NA","1.5","2.4","3.0","39.91","37.2","17.9","23.8","63.7","14.3","8.0","299.5","3.55","7.26","-0.15","10.6","21","96.0","0.095","0.366","3.9"
"Luxilon 4G 16L (1.25)","51","Medium","Polyester","1.25","NA","1.5","2.4","3.0","40.22","33.6","24.0","41.5","81.8","24.5","12.9","292.0","3.55","6.95","0.11","10.6","20.9","94.1","0.095","0.366","3.9"
"Luxilon 4G 16L (1.25)","51","Fast","Polyester","1.25","NA","1.5","2.4","3.0","40.20","31.8","29.0","53.6","93.7","34.0","17.1","258.9","3.55","6.97","0.29","10.8","21.3","90.8","0.095","0.366","3.9"
"Luxilon 4G 16L (1.25)","62","Slow","Polyester","1.25","NA","1.5","2.4","3.0","51.31","34.5","16.0","21.2","72.5","14.5","8.5","335.5","2.62","7.81","-0.20","10.1","16.6","99.8","0.095","0.366","3.9"
"Luxilon 4G 16L (1.25)","62","Medium","Polyester","1.25","NA","1.5","2.4","3.0","51.44","31.7","22.9","38.4","89.7","25.6","13.8","298.3","2.62","7.68","0.04","10.4","16.8","96.2","0.095","0.366","3.9"
"Luxilon 4G 16L (1.25)","62","Fast","Polyester","1.25","NA","1.5","2.4","3.0","51.38","30.2","27.3","50.1","101.4","34.5","18.1","273.2","2.62","7.74","0.36","10.8","17.4","92.4","0.095","0.366","3.9"
"Luxilon 4G Rough 16L","40","Slow","Polyester","1.25","NA","1.8","3.3","3.9","15.02","48.8","24.0","30.0","45.0","13.5","6.0","210.3","7.39","17.28","0.49","25.1","63.4","90.6","0.094","0.399","4.2"
"Luxilon 4G Rough 16L","40","Medium","Polyester","1.25","NA","1.8","3.3","3.9","15.55","41.7","31.1","47.0","62.6","24.3","10.5","197.7","7.39","16.75","1.83","26.0","65.4","85.6","0.094","0.399","4.2"
"Luxilon 4G Rough 16L","40","Fast","Polyester","1.25","NA","1.8","3.3","3.9","15.59","38.5","36.0","59.1","74.7","33.6","14.3","185.2","7.39","16.71","2.82","26.9","67.8","81.4","0.094","0.399","4.2"
"Luxilon 4G Rough 16L","51","Slow","Polyester","1.25","NA","1.8","3.3","3.9","35.06","41.2","20.0","24.0","59.1","14.8","7.2","242.9","5.34","10.32","0.11","15.7","31.1","98.0","0.094","0.399","4.2"
"Luxilon 4G Rough 16L","51","Medium","Polyester","1.25","NA","1.8","3.3","3.9","35.13","36.2","27.0","42.3","77.4","26.1","12.5","235.5","5.34","10.25","0.36","15.9","31.4","93.3","0.094","0.399","4.2"
"Luxilon 4G Rough 16L","51","Fast","Polyester","1.25","NA","1.8","3.3","3.9","35.06","33.9","32.0","54.5","89.5","35.8","17.9","216.0","5.34","10.32","0.99","16.8","32.8","89.7","0.094","0.399","4.2"
"Luxilon 4G Rough 16L","62","Slow","Polyester","1.25","NA","1.8","3.3","3.9","47.89","37.8","18.0","21.2","69.0","15.6","7.8","263.5","4.04","9.81","-0.09","13.7","22.3","97.0","0.094","0.399","4.2"
"Luxilon 4G Rough 16L","62","Medium","Polyester","1.25","NA","1.8","3.3","3.9","48.22","33.8","25.0","38.8","87.1","27.2","13.6","252.0","4.04","9.48","0.59","14.1","22.9","95.6","0.094","0.399","4.2"
"Luxilon 4G Rough 16L","62","Fast","Polyester","1.25","NA","1.8","3.3","3.9","48.09","31.8","29.8","51.2","99.2","36.9","18.6","234.9","4.04","9.61","1.26","15.0","24.1","92.4","0.094","0.399","4.2"
"Luxilon 4G S 15","40","Slow","Polyester","1.41","NA","0.9","1.8","2.4","21.65","41.6","20.0","32.4","54.0","13.5","6.9","328.6","5.12","12.92","0.06","18.1","45.6","95.6","NA","NA","NA"
"Luxilon 4G S 15","40","Medium","Polyester","1.41","NA","0.9","1.8","2.4","21.98","36.2","27.0","52.3","74.3","25.1","11.6","292.0","5.12","12.59","0.22","17.9","45.2","89.7","NA","NA","NA"
"Luxilon 4G S 15","40","Fast","Polyester","1.41","NA","0.9","1.8","2.4","21.96","33.7","31.6","66.2","88.0","34.8","15.8","269.7","5.12","12.61","0.37","18.1","45.6","85.9","NA","NA","NA"
"Luxilon 4G S 15","51","Slow","Polyester","1.41","NA","0.9","1.8","2.4","39.03","36.7","17.4","26.9","65.9","14.3","7.8","361.8","3.33","8.36","-0.04","11.7","23","97.8","NA","NA","NA"
"Luxilon 4G S 15","51","Medium","Polyester","1.41","NA","0.9","1.8","2.4","39.18","32.9","24.0","47.0","86.2","25.9","13.7","332.0","3.33","8.21","0.11","11.7","23","93.5","NA","NA","NA"
"Luxilon 4G S 15","51","Fast","Polyester","1.41","NA","0.9","1.8","2.4","39.14","30.8","28.1","61.3","100.3","35.3","17.9","314.3","3.33","8.25","0.35","11.9","23.5","91.8","NA","NA","NA"
"Luxilon 4G S 15","62","Slow","Polyester","1.41","NA","0.9","1.8","2.4","51.49","33.9","16.0","23.4","74.7","14.9","8.6","370.9","3.24","7.01","-0.11","10.1","16.4","95.6","NA","NA","NA"
"Luxilon 4G S 15","62","Medium","Polyester","1.41","NA","0.9","1.8","2.4","51.60","30.9","22.1","43.9","95.3","26.3","14.4","365.8","3.24","6.90","0.11","10.1","16.6","95.5","NA","NA","NA"
"Luxilon 4G S 15","62","Fast","Polyester","1.41","NA","0.9","1.8","2.4","51.44","29.2","27.0","57.6","108.9","36.8","18.8","320.6","3.24","7.06","0.37","10.6","17.3","92.9","NA","NA","NA"
"Luxilon 4G Soft 1.25","40","Slow","Polyester","1.25","NA","1.5","2.4","3.0","24.92","44.1","21.8","26.5","51.4","14.0","6.5","227.5","3.92","10.85","-0.02","14.8","37.2","95.3","0.078","0.522","6.7"
"Luxilon 4G Soft 1.25","40","Medium","Polyester","1.25","NA","1.5","2.4","3.0","25.16","38.6","28.5","43.4","68.6","24.5","11.2","216.6","3.92","10.61","0.27","14.8","37.3","91.2","0.078","0.522","6.7"
"Luxilon 4G Soft 1.25","40","Fast","Polyester","1.25","NA","1.5","2.4","3.0","25.18","36.1","33.9","54.7","79.8","33.8","15.5","193.2","3.92","10.59","0.29","14.8","37.3","86.3","0.078","0.522","6.7"
"Luxilon 4G Soft 1.25","51","Slow","Polyester","1.25","NA","1.5","2.4","3.0","37.93","40.0","19.4","22.9","60.9","14.7","7.2","249.7","3.62","9.17","-0.11","12.8","25","97.4","0.078","0.522","6.7"
"Luxilon 4G Soft 1.25","51","Medium","Polyester","1.25","NA","1.5","2.4","3.0","38.15","35.6","26.1","39.9","78.1","25.4","12.4","238.9","3.62","8.95","0.05","12.6","24.9","93.7","0.078","0.522","6.7"
"Luxilon 4G Soft 1.25","51","Fast","Polyester","1.25","NA","1.5","2.4","3.0","38.17","33.5","31.0","51.4","89.5","34.7","16.4","217.2","3.62","8.93","0.35","13.0","25.4","90.1","0.078","0.522","6.7"
"Luxilon 4G Soft 1.25","62","Slow","Polyester","1.25","NA","1.5","2.4","3.0","47.52","37.5","18.0","20.7","68.1","15.3","7.7","258.3","3.64","10.58","-0.13","14.1","22.8","96.4","0.078","0.522","6.7"
"Luxilon 4G Soft 1.25","62","Medium","Polyester","1.25","NA","1.5","2.4","3.0","47.74","33.8","24.8","38.1","86.0","26.7","13.2","251.5","3.64","10.36","0.05","14.1","22.8","95.5","0.078","0.522","6.7"
"Luxilon 4G Soft 1.25","62","Fast","Polyester","1.25","NA","1.5","2.4","3.0","47.72","31.9","29.8","49.4","97.0","36.2","17.1","225.7","3.64","10.38","0.40","14.3","23.4","90.8","0.078","0.522","6.7"
"Weiss Cannon 6 Star 16 (1.30)","51","Fast","Nylon","1.3","NA","1.8","5.2","3.0","42.62","34.7","32.0","38.1","80.9","32.3","16.2","151.4","4.52","3.58","0.17","8.4","16.3","91.0","0.107","0.505","4.7"
"Double AR 666 (1.30)","40","Slow","Nylon","1.3","NA","5.2","6.4","7.9","27.83","45.9","22.0","17.4","45.2","12.5","6.5","146.9","6.81","5.05","0.00","11.9","29.9","98.6","0.085","0.491","5.8"
"Double AR 666 (1.30)","40","Medium","Nylon","1.3","NA","5.2","6.4","7.9","27.67","40.6","30.0","32.4","60.0","22.5","11.1","145.7","6.81","5.21","0.13","12.1","30.6","95.6","0.085","0.491","5.8"
"Double AR 666 (1.30)","40","Fast","Nylon","1.3","NA","5.2","6.4","7.9","27.52","37.9","35.7","42.1","69.7","31.0","14.4","134.9","6.81","5.36","0.18","12.3","31.1","89.7","0.085","0.491","5.8"
"Double AR 666 (1.30)","51","Slow","Nylon","1.3","NA","5.2","6.4","7.9","39.20","41.4","19.9","15.4","54.7","13.6","7.1","158.9","5.58","5.94","0.06","11.5","22.8","98.2","0.085","0.491","5.8"
"Double AR 666 (1.30)","51","Medium","Nylon","1.3","NA","5.2","6.4","7.9","38.83","37.2","27.7","30.9","69.7","24.1","11.7","162.9","5.58","6.31","0.09","11.9","23.6","95.8","0.085","0.491","5.8"
"Double AR 666 (1.30)","51","Fast","Nylon","1.3","NA","5.2","6.4","7.9","38.59","34.9","32.2","41.2","79.8","32.1","16.0","161.7","5.58","6.55","0.22","12.3","24.3","92.5","0.085","0.491","5.8"
"Double AR 666 (1.30)","62","Slow","Nylon","1.3","NA","5.2","6.4","7.9","48.49","38.3","18.0","14.8","63.3","14.2","7.6","185.7","5.87","7.38","0.02","13.2","21.5","99.0","0.085","0.491","5.8"
"Double AR 666 (1.30)","62","Medium","Nylon","1.3","NA","5.2","6.4","7.9","48.11","34.7","25.9","29.8","77.8","25.2","12.3","180.0","5.87","7.76","0.04","13.7","22.1","95.3","0.085","0.491","5.8"
"Double AR 666 (1.30)","62","Fast","Nylon","1.3","NA","5.2","6.4","7.9","47.85","33.0","30.3","40.6","88.4","33.4","17.2","180.0","5.87","8.02","0.22","14.1","22.9","93.7","0.085","0.491","5.8"
"Gosen A.K. Control 16","62","Slow","Nylon","1.3","1.31","7.9","9.4","10.3","49.68","37.4","17.7","13.9","63.7","14.1","","181.2","6.15","5.91","0.00","12.1","19.5","96.4","0.093","0.499","5.4"
"Gosen A.K. Control 16","62","Medium","Nylon","1.3","1.31","7.9","9.4","10.3","49.46","34.8","24.7","27.6","77.2","23.8","","184.6","6.15","6.13","0.05","12.3","20","96.4","0.093","0.499","5.4"
"Gosen A.K. Control 16","62","Fast","Nylon","1.3","1.31","7.9","9.4","10.3","49.26","33.1","30.0","39.7","89.1","33.4","","179.5","6.15","6.33","0.22","12.8","20.6","92.9","0.093","0.499","5.4"
"Gosen A.K. Control 16","51","Slow","Nylon","1.3","1.31","7.9","9.4","10.3","39.80","40.8","19.0","14.6","54.2","12.9","","164.0","5.51","5.41","0.00","11.0","21.5","95.8","0.093","0.499","5.4"
"Gosen A.K. Control 16","51","Medium","Nylon","1.3","1.31","7.9","9.4","10.3","39.67","37.3","26.3","29.3","69.0","22.7","","172.6","5.51","5.54","0.07","11.0","21.9","95.6","0.093","0.499","5.4"
"Gosen A.K. Control 16","51","Fast","Nylon","1.3","1.31","7.9","9.4","10.3","39.54","35.2","32.0","39.5","78.9","31.6","","156.6","5.51","5.67","0.20","11.5","22.4","94.3","0.093","0.499","5.4"
"Gosen A.K. Control 16","40","Slow","Nylon","1.3","1.31","7.9","9.4","10.3","29.11","45.3","21.7","15.7","44.8","12.2","","134.3","5.23","5.35","0.03","10.6","26.7","94.9","0.093","0.499","5.4"
"Gosen A.K. Control 16","40","Medium","Nylon","1.3","1.31","7.9","9.4","10.3","28.95","40.8","29.7","29.3","58.2","21.6","","134.9","5.23","5.51","0.04","10.8","27.2","92.7","0.093","0.499","5.4"
"Gosen A.K. Control 16","40","Fast","Nylon","1.3","1.31","7.9","9.4","10.3","28.91","38.4","35.0","39.2","68.1","29.8","","130.3","5.23","5.55","0.16","11.0","27.6","90.1","0.093","0.499","5.4"
"Toroline A5 16L (1.25)","40","Fast","Polyester","1.25","1.0 x","7.9","9.1","12.1","36.49","34.0","31.4","49.6","86.2","33.9","16.0","204.6","5.23","-2.03","0.28","3.5","8.8","86.7","0.071","0.521","7.3"
"Toroline Absolute 17 (1.20)","51","Fast","Polyester","0","1.0 x","7.9","9.1","12.1","27.03","36.5","33.7","50.5","77.4","32.6","14.6","180.6","6.24","17.45","0.20","23.8","47.1","81.9","0.063","0.589","9.3"
"Babolat Addiction 16","62","Slow","Nylon","1.3","1.33","6.7","7.6","8.5","51.77","36.5","17.2","14.6","66.4","14.3","","202.3","5.91","4.06","-0.03","9.9","16.1","97.8","0.127","0.391","3.1"
"Babolat Addiction 16","62","Medium","Nylon","1.3","1.33","6.7","7.6","8.5","51.46","33.9","24.0","29.3","80.9","24.3","","207.5","5.91","4.37","-0.05","10.1","16.6","97.0","0.127","0.391","3.1"
"Babolat Addiction 16","62","Fast","Nylon","1.3","1.33","6.7","7.6","8.5","51.29","32.1","29.1","41.0","92.4","33.6","","197.7","5.91","4.54","0.27","10.8","17.4","94.7","0.127","0.391","3.1"
"Babolat Addiction 16","51","Slow","Nylon","1.3","1.33","6.7","7.6","8.5","40.95","39.7","18.3","15.2","56.0","12.8","","182.9","5.51","4.26","-0.06","9.7","19.1","99.0","0.127","0.391","3.1"
"Babolat Addiction 16","51","Medium","Nylon","1.3","1.33","6.7","7.6","8.5","40.79","36.5","26.0","30.0","70.8","23.0","","180.0","5.51","4.42","-0.02","9.9","19.5","97.8","0.127","0.391","3.1"
"Babolat Addiction 16","51","Fast","Nylon","1.3","1.33","6.7","7.6","8.5","40.70","34.4","31.7","41.2","82.0","32.4","","167.4","5.51","4.51","0.17","10.1","20.1","92.4","0.127","0.391","3.1"
"Babolat Addiction 16","40","Slow","Nylon","1.3","1.33","6.7","7.6","8.5","30.47","43.7","20.4","16.3","46.7","11.9","","160.0","4.94","4.28","-0.05","9.3","23.1","96.4","0.127","0.391","3.1"
"Babolat Addiction 16","40","Medium","Nylon","1.3","1.33","6.7","7.6","8.5","30.41","39.8","28.3","30.9","61.3","21.6","","156.6","4.94","4.34","0.05","9.3","23.5","94.7","0.127","0.391","3.1"
"Babolat Addiction 16","40","Fast","Nylon","1.3","1.33","6.7","7.6","8.5","30.30","37.4","34.0","40.6","70.8","30.1","","142.3","4.94","4.45","0.14","9.5","24","90.1","0.127","0.391","3.1"
"Babolat Addiction 17","62","Slow","Nylon","1.25","1.30","7.3","8.8","9.4","51.33","37.2","17.6","13.7","65.0","14.3","","180.0","6.39","4.02","-0.11","10.4","16.7","97.0","0.141","0.363","2.6"
"Babolat Addiction 17","62","Medium","Nylon","1.25","1.30","7.3","8.8","9.4","51.11","34.6","24.3","26.9","78.1","23.7","","184.6","6.39","4.24","-0.07","10.6","17.1","96.0","0.141","0.363","2.6"
"Babolat Addiction 17","62","Fast","Nylon","1.25","1.30","7.3","8.8","9.4","50.98","32.8","29.9","38.1","89.3","33.3","","173.7","6.39","4.37","0.18","11.0","17.7","94.9","0.141","0.363","2.6"
"Babolat Addiction 17","51","Slow","Nylon","1.25","1.30","7.3","8.8","9.4","40.88","40.4","19.0","14.3","55.1","13.1","","161.2","5.89","3.95","-0.04","9.7","19.3","98.2","0.141","0.363","2.6"
"Babolat Addiction 17","51","Medium","Nylon","1.25","1.30","7.3","8.8","9.4","40.77","37.2","26.3","27.8","68.4","22.5","","162.3","5.89","4.06","0.00","9.9","19.6","95.8","0.141","0.363","2.6"
"Babolat Addiction 17","51","Fast","Nylon","1.25","1.30","7.3","8.8","9.4","40.66","35.0","32.0","38.8","79.4","31.8","","153.7","5.89","4.17","0.13","10.1","20.1","92.9","0.141","0.363","2.6"
"Babolat Addiction 17","40","Slow","Nylon","1.25","1.30","7.3","8.8","9.4","30.08","44.8","21.0","15.0","45.2","11.9","","138.3","5.40","4.21","-0.06","9.5","24.1","97.4","0.141","0.363","2.6"
"Babolat Addiction 17","40","Medium","Nylon","1.25","1.30","7.3","8.8","9.4","30.01","40.5","29.0","28.0","58.0","21.1","","135.4","5.40","4.28","0.02","9.7","24.4","94.3","0.141","0.363","2.6"
"Babolat Addiction 17","40","Fast","Nylon","1.25","1.30","7.3","8.8","9.4","29.94","38.0","34.3","38.8","68.8","29.5","","134.3","5.40","4.35","0.11","9.9","24.8","92.0","0.141","0.363","2.6"
"Luxilon Adrenaline 16","62","Slow","Polyester","1.3","1.27","1.8","2.7","4.2","39.54","38.2","18.0","23.4","63.1","14.2","","293.8","9.57","12.63","-0.33","21.8","35.4","92.9","0.103","0.372","3.6"
"Luxilon Adrenaline 16","62","Medium","Polyester","1.3","1.27","1.8","2.7","4.2","40.02","34.6","25.0","41.9","82.0","25.6","","273.7","9.57","12.15","0.11","21.8","35.4","93.9","0.103","0.372","3.6"
"Luxilon Adrenaline 16","62","Fast","Polyester","1.3","1.27","1.8","2.7","4.2","39.98","32.7","29.8","53.8","93.7","35.0","","245.7","9.57","12.19","0.53","22.3","36.1","89.9","0.103","0.372","3.6"
"Luxilon Adrenaline 16","51","Slow","Polyester","1.3","1.27","1.8","2.7","4.2","27.43","42.0","20.0","26.2","53.8","13.4","","267.5","8.45","14.84","-0.40","22.9","45.1","98.2","0.103","0.372","3.6"
"Luxilon Adrenaline 16","51","Medium","Polyester","1.3","1.27","1.8","2.7","4.2","28.11","37.6","27.0","42.3","70.6","23.8","","236.0","8.45","14.16","0.19","22.7","45","92.0","0.103","0.372","3.6"
"Luxilon Adrenaline 16","51","Fast","Polyester","1.3","1.27","1.8","2.7","4.2","28.09","35.4","32.0","53.6","81.8","32.7","","212.6","8.45","14.18","0.37","22.9","45.3","86.1","0.103","0.372","3.6"
"Luxilon Adrenaline 16","40","Slow","Polyester","1.3","1.27","1.8","2.7","4.2","16.52","46.7","22.7","28.0","44.5","12.6","","221.2","6.26","16.91","-0.17","22.9","57.9","93.7","0.103","0.372","3.6"
"Luxilon Adrenaline 16","40","Medium","Polyester","1.3","1.27","1.8","2.7","4.2","17.00","41.3","30.0","43.7","60.6","22.7","","197.7","6.26","16.43","0.26","22.9","57.8","85.9","0.103","0.372","3.6"
"Luxilon Adrenaline 16","40","Fast","Polyester","1.3","1.27","1.8","2.7","4.2","17.00","38.7","34.9","53.8","70.8","30.9","","179.5","6.26","16.43","0.44","23.2","58.3","80.5","0.103","0.372","3.6"
"Luxilon Adrenaline 16L/1.25","62","Slow","Polyester","1.25","1.24","2.4","3.3","4.5","38.43","38.4","18.0","22.3","60.9","13.7","","279.5","9.99","13.32","-0.36","22.9","37.2","96.2","0.103","0.356","3.5"
"Luxilon Adrenaline 16L/1.25","62","Medium","Polyester","1.25","1.24","2.4","3.3","4.5","38.98","34.8","25.0","39.2","78.3","24.5","","255.5","9.99","12.77","0.08","22.9","37","95.1","0.103","0.356","3.5"
"Luxilon Adrenaline 16L/1.25","62","Fast","Polyester","1.25","1.24","2.4","3.3","4.5","38.98","32.9","30.0","50.5","89.5","33.5","","228.0","9.99","12.77","0.41","23.2","37.5","89.5","0.103","0.356","3.5"
"Luxilon Adrenaline 16L/1.25","51","Slow","Polyester","1.25","1.24","2.4","3.3","4.5","28.14","41.6","22.0","24.7","52.9","14.6","","208.0","8.51","14.07","-0.28","22.3","44","94.1","0.103","0.356","3.5"
"Luxilon Adrenaline 16L/1.25","51","Medium","Polyester","1.25","1.24","2.4","3.3","4.5","28.69","37.3","27.0","40.6","69.2","23.3","","226.9","8.51","13.52","0.27","22.3","44","91.8","0.103","0.356","3.5"
"Luxilon Adrenaline 16L/1.25","51","Fast","Polyester","1.25","1.24","2.4","3.3","4.5","28.66","35.1","32.0","51.2","79.8","31.9","","202.9","8.51","13.55","0.44","22.5","44.3","86.1","0.103","0.356","3.5"
"Luxilon Adrenaline 16L/1.25","40","Slow","Polyester","1.25","1.24","2.4","3.3","4.5","17.40","46.4","22.1","26.5","43.9","12.1","","220.0","6.22","16.07","-0.22","22.1","55.6","92.0","0.103","0.356","3.5"
"Luxilon Adrenaline 16L/1.25","40","Medium","Polyester","1.25","1.24","2.4","3.3","4.5","17.93","41.1","29.9","40.8","58.7","22.0","","184.6","6.22","15.54","0.31","22.1","55.6","86.5","0.103","0.356","3.5"
"Luxilon Adrenaline 16L/1.25","40","Fast","Polyester","1.25","1.24","2.4","3.3","4.5","18.01","38.6","34.3","51.6","69.5","29.8","","178.3","6.22","15.46","0.48","22.3","55.8","81.4","0.103","0.356","3.5"
"Luxilon Adrenaline 17/1.20","62","Slow","Polyester","1.2","1.19","2.1","3.0","4.2","41.04","37.6","18.0","22.7","63.7","14.3","","284.0","8.62","12.08","-0.28","20.5","33.1","96.0","0.131","0.384","2.9"
"Luxilon Adrenaline 17/1.20","62","Medium","Polyester","1.2","1.19","2.1","3.0","4.2","41.45","34.2","24.2","39.7","81.1","24.5","","276.0","8.62","11.67","0.19","20.5","33.2","93.9","0.131","0.384","2.9"
"Luxilon Adrenaline 17/1.20","62","Fast","Polyester","1.2","1.19","2.1","3.0","4.2","41.41","32.3","29.2","51.6","93.1","34.0","","245.7","8.62","11.71","0.49","20.7","33.7","89.3","0.131","0.384","2.9"
"Luxilon Adrenaline 17/1.20","51","Slow","Polyester","1.2","1.19","2.1","3.0","4.2","29.52","41.1","19.9","24.9","54.5","13.5","","253.7","7.36","13.84","-0.25","20.9","41.3","94.7","0.131","0.384","2.9"
"Luxilon Adrenaline 17/1.20","51","Medium","Polyester","1.2","1.19","2.1","3.0","4.2","29.99","37.0","26.4","41.0","71.0","23.4","","237.7","7.36","13.37","0.31","20.9","41.5","91.2","0.131","0.384","2.9"
"Luxilon Adrenaline 17/1.20","51","Fast","Polyester","1.2","1.19","2.1","3.0","4.2","29.99","34.8","31.9","52.0","82.0","32.6","","208.0","7.36","13.37","0.47","21.2","41.8","86.3","0.131","0.384","2.9"
"Luxilon Adrenaline 17/1.20","40","Slow","Polyester","1.2","1.19","2.1","3.0","4.2","19.76","45.2","22.0","26.2","45.9","12.6","","220.0","5.42","14.51","-0.11","19.8","49.9","92.0","0.131","0.384","2.9"
"Luxilon Adrenaline 17/1.20","40","Medium","Polyester","1.2","1.19","2.1","3.0","4.2","20.13","40.2","29.0","41.5","61.5","22.3","","200.0","5.42","14.14","0.31","19.8","50.1","86.7","0.131","0.384","2.9"
"Luxilon Adrenaline 17/1.20","40","Fast","Polyester","1.2","1.19","2.1","3.0","4.2","20.15","37.7","34.0","52.5","72.8","30.9","","185.2","5.42","14.12","0.48","20.1","50.4","82.6","0.131","0.384","2.9"
"Luxilon Adrenaline Rough 16L/1.25","62","Slow","Polyester","1.25","1.25","2.7","4.2","5.2","38.46","38.1","18.0","23.2","61.5","13.9","","290.3","9.94","13.34","-0.33","22.9","37.2","96.8","0.13","0.432","3.3"
"Luxilon Adrenaline Rough 16L/1.25","62","Medium","Polyester","1.25","1.25","2.7","4.2","5.2","38.98","34.4","25.0","40.1","78.9","24.7","","260.6","9.94","12.82","0.17","22.9","37.1","95.3","0.13","0.432","3.3"
"Luxilon Adrenaline Rough 16L/1.25","62","Fast","Polyester","1.25","1.25","2.7","4.2","5.2","39.03","32.6","29.1","51.4","90.4","32.9","","247.5","9.94","12.77","0.71","23.4","37.9","89.1","0.13","0.432","3.3"
"Luxilon Adrenaline Rough 16L/1.25","51","Slow","Polyester","1.25","1.25","2.7","4.2","5.2","27.83","41.5","20.0","25.1","52.9","13.2","","254.3","8.75","14.14","-0.50","22.3","44.1","95.5","0.13","0.432","3.3"
"Luxilon Adrenaline Rough 16L/1.25","51","Medium","Polyester","1.25","1.25","2.7","4.2","5.2","28.51","37.2","27.0","40.1","68.6","23.2","","223.5","8.75","13.46","0.22","22.5","44.2","89.7","0.13","0.432","3.3"
"Luxilon Adrenaline Rough 16L/1.25","51","Fast","Polyester","1.25","1.25","2.7","4.2","5.2","28.51","35.1","31.8","50.5","78.9","31.4","","202.9","8.75","13.46","0.53","22.7","44.8","85.9","0.13","0.432","3.3"
"Luxilon Adrenaline Rough 16L/1.25","40","Slow","Polyester","1.25","1.25","2.7","4.2","5.2","15.94","47.0","22.9","26.9","43.0","12.3","","208.6","7.23","16.52","-0.31","23.4","59.1","91.4","0.13","0.432","3.3"
"Luxilon Adrenaline Rough 16L/1.25","40","Medium","Polyester","1.25","1.25","2.7","4.2","5.2","16.58","41.6","30.0","41.7","58.2","21.8","","188.0","7.23","15.88","0.37","23.6","59.2","86.5","0.13","0.432","3.3"
"Luxilon Adrenaline Rough 16L/1.25","40","Fast","Polyester","1.25","1.25","2.7","4.2","5.2","16.58","39.0","35.0","51.8","68.6","30.0","","172.0","7.23","15.88","0.48","23.6","59.4","81.2","0.13","0.432","3.3"
"Gosen AK Control 17 (1.24)","51","Fast","Nylon","1.24","1.30","2.7","2.4","3.0","42.12","34.7","32.0","37.5","79.6","31.9","16.2","148.6","3.86","4.74","0.18","8.8","17.3","92.5","0.076","0.577","7.6"
"Gosen AK Pro 16","62","Slow","Nylon","1.31","1.36","NA","NA","9.1","49.86","37.1","17.0","14.3","64.2","13.6","","201.7","8.20","3.68","0.12","11.9","19.4","99.4","0.093","0.398","4.3"
"Gosen AK Pro 16","62","Medium","Nylon","1.31","1.36","NA","NA","9.1","49.33","34.2","25.2","30.2","79.6","25.0","","193.7","8.20","4.21","0.05","12.3","20.2","95.1","0.093","0.398","4.3"
"Gosen AK Pro 16","62","Fast","Nylon","1.31","1.36","NA","NA","9.1","49.06","32.4","29.1","42.6","91.7","33.3","","204.6","8.20","4.48","0.20","12.8","20.9","93.9","0.093","0.398","4.3"
"Gosen AK Pro 16","51","Slow","Nylon","1.31","1.36","NA","NA","9.1","40.22","40.0","18.3","15.4","55.6","12.7","","186.9","7.19","3.31","-0.09","10.4","20.5","97.4","0.093","0.398","4.3"
"Gosen AK Pro 16","51","Medium","Nylon","1.31","1.36","NA","NA","9.1","40.02","36.4","26.0","30.4","70.3","22.9","","182.3","7.19","3.51","0.07","10.8","21.2","94.7","0.093","0.398","4.3"
"Gosen AK Pro 16","51","Fast","Nylon","1.31","1.36","NA","NA","9.1","39.78","34.3","31.6","42.8","82.5","32.6","","173.7","7.19","3.75","0.16","11.0","21.9","92.7","0.093","0.398","4.3"
"Gosen AK Pro 16","40","Slow","Nylon","1.31","1.36","NA","NA","9.1","29.39","44.5","20.5","16.3","45.6","11.7","","157.7","6.97","3.33","-0.05","10.1","25.8","95.6","0.093","0.398","4.3"
"Gosen AK Pro 16","40","Medium","Nylon","1.31","1.36","NA","NA","9.1","29.26","39.8","29.0","32.6","61.7","22.4","","157.2","6.97","3.46","0.09","10.6","26.5","92.9","0.093","0.398","4.3"
"Gosen AK Pro 16","40","Fast","Nylon","1.31","1.36","NA","NA","9.1","29.08","37.3","34.0","43.0","72.1","30.6","","150.9","6.97","3.64","0.13","10.8","27.1","89.5","0.093","0.398","4.3"
"Gosen AK Pro 17","62","Slow","Nylon","1.22","1.25","7.3","8.8","10.0","50.10","37.2","17.3","13.9","63.9","13.8","","189.2","6.57","5.07","-0.02","11.7","18.8","96.2","0.089","0.393","4.4"
"Gosen AK Pro 17","62","Medium","Nylon","1.22","1.25","7.3","8.8","10.0","49.88","34.6","24.4","28.0","77.8","23.7","","192.0","6.57","5.29","0.00","11.9","19.2","95.6","0.089","0.393","4.4"
"Gosen AK Pro 17","62","Fast","Nylon","1.22","1.25","7.3","8.8","10.0","49.70","32.8","29.9","40.6","90.2","33.8","","183.5","6.57","5.47","0.22","12.3","19.9","92.9","0.089","0.393","4.4"
"Gosen AK Pro 17","51","Slow","Nylon","1.22","1.25","7.3","8.8","10.0","40.75","40.2","19.0","15.2","56.0","13.3","","171.5","5.47","4.50","-0.02","9.9","19.6","97.4","0.089","0.393","4.4"
"Gosen AK Pro 17","51","Medium","Nylon","1.22","1.25","7.3","8.8","10.0","40.57","37.0","26.1","29.1","69.7","22.8","","174.3","5.47","4.68","0.04","10.1","20.1","94.7","0.089","0.393","4.4"
"Gosen AK Pro 17","51","Fast","Nylon","1.22","1.25","7.3","8.8","10.0","40.42","34.9","32.0","41.0","81.4","32.5","","162.3","5.47","4.83","0.18","10.6","20.7","91.4","0.089","0.393","4.4"
"Gosen AK Pro 17","40","Slow","Nylon","1.22","1.25","7.3","8.8","10.0","30.36","44.4","21.0","15.9","46.3","12.2","","146.3","5.67","3.66","0.02","9.3","23.6","94.7","0.089","0.393","4.4"
"Gosen AK Pro 17","40","Medium","Nylon","1.22","1.25","7.3","8.8","10.0","30.25","40.2","29.0","29.1","59.3","21.5","","141.2","5.67","3.77","0.04","9.5","23.9","94.3","0.089","0.393","4.4"
"Gosen AK Pro 17","40","Fast","Nylon","1.22","1.25","7.3","8.8","10.0","30.14","37.7","34.0","41.2","71.2","30.4","","144.6","5.67","3.88","0.13","9.7","24.4","90.1","0.089","0.393","4.4"
"Gosen AK Pro CX 16 (1.30)","51","Fast","Nylon","1.3","1.19","7.3","5.2","10.3","43.68","33.8","31.7","39.2","82.9","32.9","16.4","158.3","3.64","3.40","0.13","7.1","14.1","92.5","0.073","0.478","6.5"
"Gosen AK Pro CX 17 (1.24)","51","Fast","Nylon","1.24","1.31","2.1","3.3","3.0","43.42","34.0","31.9","39.0","82.5","32.9","16.2","156.6","3.75","3.55","0.16","7.5","14.7","93.9","0.074","0.462","6.2"
"Gosen AK Pro Spin 15L (1.38)","51","Fast","Nylon","1.38","1.26","1.8","3.6","2.7","45.51","33.5","31.0","39.9","85.3","33.1","16.4","168.6","4.85","0.36","0.73","6.0","11.7","92.2","0.074","0.446","6"
"Grapplesnake Alpha 17 (1.25)","51","Fast","Polyester","1.25","1.30","1.5","2.4","3.3","36.21","33.7","31.1","52.0","88.4","34.4","16.1","218.3","4.41","10.10","0.40","15.0","29.4","89.3","0.079","0.532","6.7"
"Luxilon ALU Power 125/16L","62","Slow","Polyester","1.25","1.23","1.8","3.0","3.9","38.74","38.9","18.0","24.0","62.8","14.2","","301.2","10.25","12.75","-0.20","22.7","36.9","94.9","0.077","0.446","5.8"
"Luxilon ALU Power 125/16L","62","Medium","Polyester","1.25","1.23","1.8","3.0","3.9","39.14","34.8","25.6","42.1","81.1","26.0","","260.0","10.25","12.35","0.09","22.7","36.8","93.9","0.077","0.446","5.8"
"Luxilon ALU Power 125/16L","62","Fast","Polyester","1.25","1.23","1.8","3.0","3.9","39.14","32.8","30.0","54.9","94.2","35.3","","248.0","10.25","12.35","0.40","22.9","37.3","88.7","0.077","0.446","5.8"
"Luxilon ALU Power 125/16L","51","Slow","Polyester","1.25","1.23","1.8","3.0","3.9","27.08","42.7","20.2","26.0","53.1","13.4","","258.9","8.58","15.06","-0.22","23.4","46.2","93.1","0.077","0.446","5.8"
"Luxilon ALU Power 125/16L","51","Medium","Polyester","1.25","1.23","1.8","3.0","3.9","27.52","37.9","28.0","43.4","71.0","24.8","","225.2","8.58","14.62","0.18","23.4","46.1","89.5","0.077","0.446","5.8"
"Luxilon ALU Power 125/16L","51","Fast","Polyester","1.25","1.23","1.8","3.0","3.9","27.52","35.5","32.7","54.9","82.5","33.7","","209.2","8.58","14.62","0.42","23.6","46.6","85.0","0.077","0.446","5.8"
"Luxilon ALU Power 125/16L","40","Slow","Polyester","1.25","1.23","1.8","3.0","3.9","17.84","46.7","22.5","27.3","45.2","12.7","","217.7","5.98","15.87","-0.06","21.8","54.9","91.6","0.077","0.446","5.8"
"Luxilon ALU Power 125/16L","40","Medium","Polyester","1.25","1.23","1.8","3.0","3.9","18.24","41.1","30.0","44.1","62.4","23.4","","198.9","5.98","15.47","0.27","21.8","54.7","86.7","0.077","0.446","5.8"
"Luxilon ALU Power 125/16L","40","Fast","Polyester","1.25","1.23","1.8","3.0","3.9","18.28","38.4","35.0","55.1","73.4","32.0","","183.5","5.98","15.43","0.44","21.8","55.1","81.0","0.077","0.446","5.8"
"Luxilon ALU Power Feel 18/1.20","40","Slow","Polyester","1.2","NA","2.1","3.9","5.2","15.50","50.0","24.7","27.1","42.8","13.2","5.9","180.6","6.50","17.69","0.88","25.1","63.2","91.8","0.074","0.396","5.4"
"Luxilon ALU Power Feel 18/1.20","40","Medium","Polyester","1.2","NA","2.1","3.9","5.2","15.52","43.4","32.0","42.1","57.6","23.1","10.0","166.9","6.50","17.67","1.36","25.6","64.3","84.8","0.074","0.396","5.4"
"Luxilon ALU Power Feel 18/1.20","40","Fast","Polyester","1.2","NA","2.1","3.9","5.2","15.59","40.3","37.1","52.3","67.9","31.5","13.4","153.7","6.50","17.60","2.62","26.7","67.3","80.5","0.074","0.396","5.4"
"Luxilon ALU Power Feel 18/1.20","51","Slow","Polyester","1.2","NA","2.1","3.9","5.2","30.94","43.4","20.9","23.4","54.2","14.2","6.9","216.0","5.98","13.80","0.18","20.1","39.3","97.2","0.074","0.396","5.4"
"Luxilon ALU Power Feel 18/1.20","51","Medium","Polyester","1.2","NA","2.1","3.9","5.2","30.96","38.1","28.3","39.5","70.3","24.9","11.6","200.6","5.98","13.78","0.97","20.7","40.9","91.2","0.074","0.396","5.4"
"Luxilon ALU Power Feel 18/1.20","51","Fast","Polyester","1.2","NA","2.1","3.9","5.2","31.05","35.7","33.1","50.3","81.4","33.6","15.5","186.9","5.98","13.69","2.10","21.8","42.9","87.0","0.074","0.396","5.4"
"Luxilon ALU Power Feel 18/1.20","62","Slow","Polyester","1.2","NA","2.1","3.9","5.2","39.12","40.6","19.9","21.6","60.6","15.1","7.3","222.3","5.71","16.91","0.00","22.7","36.6","97.6","0.074","0.396","5.4"
"Luxilon ALU Power Feel 18/1.20","62","Medium","Polyester","1.2","NA","2.1","3.9","5.2","39.87","36.0","26.7","37.7","77.6","25.9","12.4","216.0","5.71","16.16","0.93","22.7","36.9","94.9","0.074","0.396","5.4"
"Luxilon ALU Power Feel 18/1.20","62","Fast","Polyester","1.2","NA","2.1","3.9","5.2","39.82","33.9","31.7","49.0","88.9","35.1","16.7","198.3","5.71","16.21","1.52","23.4","38","89.7","0.074","0.396","5.4"
"Luxilon ALU Power Rough 16L (1.25)","51","Fast","Polyester","1.25","NA","8.2","9.7","5.2","30.87","34.9","32.2","53.1","84.0","33.8","15.6","209.2","5.60","14.25","0.22","20.1","39.6","87.4","0.077","0.498","6.5"
"Luxilon Alu Power Soft 1.25","40","Slow","Polyester","1.25","NA","2.1","3.6","4.5","17.66","47.9","23.8","26.7","44.5","13.2","6.0","192.0","5.78","16.25","-0.07","22.1","55.3","92.4","0.074","0.514","6.9"
"Luxilon Alu Power Soft 1.25","40","Medium","Polyester","1.25","NA","2.1","3.6","4.5","18.19","41.9","31.0","41.2","59.5","23.1","10.2","174.9","5.78","15.72","0.40","21.8","55.2","85.7","0.074","0.514","6.9"
"Luxilon Alu Power Soft 1.25","40","Fast","Polyester","1.25","NA","2.1","3.6","4.5","18.15","39.3","36.0","50.9","69.2","31.1","13.6","160.0","5.78","15.76","0.62","22.3","55.8","80.6","0.074","0.514","6.9"
"Luxilon Alu Power Soft 1.25","51","Slow","Polyester","1.25","NA","2.1","3.6","4.5","32.33","43.2","20.0","23.2","55.3","13.8","8.7","234.3","5.53","12.86","-0.17","18.3","35.9","97.6","0.074","0.514","6.9"
"Luxilon Alu Power Soft 1.25","51","Medium","Polyester","1.25","NA","2.1","3.6","4.5","32.66","37.1","27.8","39.7","72.3","25.2","11.8","208.6","5.53","12.53","0.18","18.3","36","92.2","0.074","0.514","6.9"
"Luxilon Alu Power Soft 1.25","51","Fast","Polyester","1.25","NA","2.1","3.6","4.5","32.63","34.9","32.0","50.1","82.7","33.1","15.5","197.7","5.53","12.56","0.48","18.5","36.6","88.2","0.074","0.514","6.9"
"Luxilon Alu Power Soft 1.25","62","Slow","Polyester","1.25","NA","2.1","3.6","4.5","42.27","39.0","18.3","20.9","63.1","14.4","7.4","253.7","5.67","13.80","-0.37","19.2","30.9","97.2","0.074","0.514","6.9"
"Luxilon Alu Power Soft 1.25","62","Medium","Polyester","1.25","NA","2.1","3.6","4.5","42.82","34.8","26.0","37.9","80.7","26.2","12.6","228.6","5.67","13.25","0.13","19.0","30.9","96.4","0.074","0.514","6.9"
"Luxilon Alu Power Soft 1.25","62","Fast","Polyester","1.25","NA","2.1","3.6","4.5","42.80","32.9","30.2","49.0","91.7","34.6","16.9","217.7","5.67","13.27","0.44","19.4","31.4","90.6","0.074","0.514","6.9"
"Luxilon Alu Power Vibe 16 (1.25)","51","Fast","Polyester","1.25","NA","2.7","6.1","4.5","33.47","34.4","31.9","52.0","85.6","34.0","15.5","208.0","5.25","12.00","0.13","17.4","34.3","86.9","0.107","0.533","5"
"Klip Armour Pro 16/1.30","62","Slow","Gut","1.3","1.30","3.9","5.6","7.0","54.79","37.1","17.0","7.5","62.4","13.3","","106.3","5.56","1.39","0.04","7.1","11.3","98.2","0.194","0.279","1.4"
"Klip Armour Pro 16/1.30","62","Medium","Gut","1.3","1.30","3.9","5.6","7.0","54.55","35.2","25.0","16.3","71.0","22.2","","106.3","5.56","1.63","0.13","7.3","11.9","96.6","0.194","0.279","1.4"
"Klip Armour Pro 16/1.30","62","Fast","Gut","1.3","1.30","3.9","5.6","7.0","54.29","33.7","30.1","23.4","77.6","29.2","","105.2","5.56","1.89","0.11","7.5","12.3","96.6","0.194","0.279","1.4"
"Klip Armour Pro 16/1.30","51","Slow","Gut","1.3","1.30","3.9","5.6","7.0","43.31","40.1","18.0","9.3","52.7","11.9","","116.6","5.60","1.81","0.27","7.7","15.1","98.4","0.194","0.279","1.4"
"Klip Armour Pro 16/1.30","51","Medium","Gut","1.3","1.30","3.9","5.6","7.0","42.87","37.6","27.0","20.1","62.8","21.2","","112.0","5.60","2.25","0.14","7.9","15.7","97.2","0.194","0.279","1.4"
"Klip Armour Pro 16/1.30","51","Fast","Gut","1.3","1.30","3.9","5.6","7.0","42.62","35.8","32.2","27.8","70.3","28.3","","109.2","5.60","2.50","0.20","8.4","16.3","95.8","0.194","0.279","1.4"
"Klip Armour Pro 16/1.30","40","Slow","Gut","1.3","1.30","3.9","5.6","7.0","32.28","44.5","20.2","11.5","43.7","11.1","","113.7","4.78","2.63","0.02","7.5","18.7","98.4","0.194","0.279","1.4"
"Klip Armour Pro 16/1.30","40","Medium","Gut","1.3","1.30","3.9","5.6","7.0","32.10","40.7","29.3","23.2","55.3","20.3","","109.7","4.78","2.81","0.08","7.7","19.3","95.6","0.194","0.279","1.4"
"Klip Armour Pro 16/1.30","40","Fast","Gut","1.3","1.30","3.9","5.6","7.0","31.91","38.5","35.3","31.3","63.1","27.8","","102.3","4.78","3.00","0.16","7.9","20","93.7","0.194","0.279","1.4"
"Gamma Asterisk 16","62","Fast","Nylon","1.3","1.31","8.5","9.7","10.3","48.44","33.1","30.0","39.5","88.0","33.0","","178.3","7.98","5.32","0.19","13.5","21.9","94.7","0.11","0.418","3.8"
"Gamma Asterisk 16","62","Medium","Nylon","1.3","1.31","8.5","9.7","10.3","48.73","35.0","25.0","27.6","76.3","23.9","","178.9","7.98","5.03","0.09","13.0","21.2","95.8","0.11","0.418","3.8"
"Gamma Asterisk 16","62","Slow","Nylon","1.3","1.31","8.5","9.7","10.3","49.13","37.8","17.7","13.0","62.0","13.7","","168.0","7.98","4.63","0.00","12.6","20.4","95.6","0.11","0.418","3.8"
"Gamma Asterisk 16","51","Slow","Nylon","1.3","1.31","8.5","9.7","10.3","40.75","40.6","18.3","13.5","54.2","12.4","","162.9","6.24","3.73","0.13","10.1","19.9","98.4","0.11","0.418","3.8"
"Gamma Asterisk 16","51","Medium","Nylon","1.3","1.31","8.5","9.7","10.3","40.31","37.2","26.7","28.4","68.8","22.9","","162.3","6.24","4.17","0.05","10.4","20.6","94.3","0.11","0.418","3.8"
"Gamma Asterisk 16","51","Fast","Nylon","1.3","1.31","8.5","9.7","10.3","40.09","35.1","32.0","39.5","79.6","31.8","","156.6","6.24","4.39","0.14","10.8","21.2","90.8","0.11","0.418","3.8"
"Gamma Asterisk 16","40","Slow","Nylon","1.3","1.31","8.5","9.7","10.3","30.94","44.9","20.8","13.9","44.8","11.7","","130.3","5.40","3.35","0.00","8.8","22.1","96.4","0.11","0.418","3.8"
"Gamma Asterisk 16","40","Medium","Nylon","1.3","1.31","8.5","9.7","10.3","30.76","40.5","29.4","28.2","59.1","21.7","","133.2","5.40","3.53","0.11","9.0","22.8","93.9","0.11","0.418","3.8"
"Gamma Asterisk 16","40","Fast","Nylon","1.3","1.31","8.5","9.7","10.3","30.52","37.9","34.7","39.2","69.9","30.3","","133.2","5.40","3.77","0.14","9.3","23.4","90.6","0.11","0.418","3.8"
"Gamma Asterisk Spin 16","62","Slow","Nylon","1.33","1.37","NA","NA","13.3","48.62","37.6","17.2","12.6","61.3","13.1","","174.3","9.00","4.12","0.02","13.2","21.3","96.6","0.11","0.433","3.9"
"Gamma Asterisk Spin 16","62","Medium","Nylon","1.33","1.37","NA","NA","13.3","48.05","35.0","25.0","27.6","75.4","23.6","","178.3","9.00","4.69","0.07","13.7","22.3","96.2","0.11","0.433","3.9"
"Gamma Asterisk Spin 16","62","Fast","Nylon","1.33","1.37","NA","NA","13.3","47.74","33.2","30.0","38.8","86.7","32.5","","175.5","9.00","5.00","0.20","14.1","23","96.4","0.11","0.433","3.9"
"Gamma Asterisk Spin 16","51","Slow","Nylon","1.33","1.37","NA","NA","13.3","38.94","41.2","19.0","13.2","52.0","12.4","","148.0","7.61","4.17","-0.02","11.7","23.2","96.0","0.11","0.433","3.9"
"Gamma Asterisk Spin 16","51","Medium","Nylon","1.33","1.37","NA","NA","13.3","38.70","37.6","27.1","28.0","66.6","22.6","","154.3","7.61","4.41","0.09","12.1","23.9","95.3","0.11","0.433","3.9"
"Gamma Asterisk Spin 16","51","Fast","Nylon","1.33","1.37","NA","NA","13.3","38.46","35.5","32.2","38.1","76.5","30.8","","149.7","7.61","4.65","0.18","12.3","24.5","92.2","0.11","0.433","3.9"
"Gamma Asterisk Spin 16","40","Slow","Nylon","1.33","1.37","NA","NA","13.3","28.91","45.8","21.1","13.7","42.8","11.3","","125.2","6.48","4.30","-0.11","10.6","26.9","96.4","0.11","0.433","3.9"
"Gamma Asterisk Spin 16","40","Medium","Nylon","1.33","1.37","NA","NA","13.3","28.86","41.1","30.0","28.0","56.9","21.4","","126.9","6.48","4.35","0.08","10.8","27.5","92.7","0.11","0.433","3.9"
"Gamma Asterisk Spin 16","40","Fast","Nylon","1.33","1.37","NA","NA","13.3","28.69","38.7","35.5","37.7","66.4","29.5","","121.2","6.48","4.52","0.14","11.2","28.1","89.3","0.11","0.433","3.9"
"Gamma Asterisk Tour 16","62","Slow","Nylon/Zyex","1.32","NA","7.3","8.2","9.4","49.59","37.2","17.1","13.5","63.1","13.5","","188.6","6.97","5.18","0.00","12.1","19.7","96.4","0.125","0.424","3.4"
"Gamma Asterisk Tour 16","62","Medium","Nylon/Zyex","1.32","NA","7.3","8.2","9.4","49.35","34.4","24.8","29.3","78.7","24.5","","193.7","6.97","5.42","0.09","12.6","20.2","95.6","0.125","0.424","3.4"
"Gamma Asterisk Tour 16","62","Fast","Nylon/Zyex","1.32","NA","7.3","8.2","9.4","49.11","32.6","30.0","41.2","90.4","33.9","","186.3","6.97","5.66","0.23","12.8","20.8","92.5","0.125","0.424","3.4"
"Gamma Asterisk Tour 16","51","Slow","Nylon/Zyex","1.32","NA","7.3","8.2","9.4","38.72","40.6","18.8","15.0","53.8","12.6","","173.2","7.19","4.81","0.04","12.1","23.7","98.2","0.125","0.424","3.4"
"Gamma Asterisk Tour 16","51","Medium","Nylon/Zyex","1.32","NA","7.3","8.2","9.4","38.54","37.2","26.8","30.2","68.8","23.1","","170.9","7.19","4.99","0.04","12.1","24.1","94.7","0.125","0.424","3.4"
"Gamma Asterisk Tour 16","51","Fast","Nylon/Zyex","1.32","NA","7.3","8.2","9.4","38.39","35.1","32.0","40.8","79.4","31.7","","162.3","7.19","5.14","0.16","12.6","24.6","92.2","0.125","0.424","3.4"
"Gamma Asterisk Tour 16","40","Slow","Nylon/Zyex","1.32","NA","7.3","8.2","9.4","29.22","44.9","21.0","15.9","45.2","11.8","","146.3","6.26","4.21","-0.02","10.4","26.3","96.2","0.125","0.424","3.4"
"Gamma Asterisk Tour 16","40","Medium","Nylon/Zyex","1.32","NA","7.3","8.2","9.4","29.15","40.4","29.3","30.2","59.3","21.8","","142.9","6.26","4.28","0.04","10.6","26.7","92.7","0.125","0.424","3.4"
"Gamma Asterisk Tour 16","40","Fast","Nylon/Zyex","1.32","NA","7.3","8.2","9.4","29.06","38.0","34.5","40.6","69.7","30.1","","137.7","6.26","4.37","0.15","10.8","27.2","89.5","0.125","0.424","3.4"
"Pacific ATP Poly Power Pro 16L","62","Slow","Polyester","1.25","1.27","2.1","3.0","3.0","34.07","39.5","18.1","24.5","58.4","13.3","","302.9","10.17","17.50","-0.26","27.3","44.4","95.6","0.092","0.461","5"
"Pacific ATP Poly Power Pro 16L","62","Medium","Polyester","1.25","1.27","2.1","3.0","3.0","34.71","35.5","26.0","41.7","76.3","24.8","","250.3","10.17","16.86","0.31","27.3","44.3","91.2","0.092","0.461","5"
"Pacific ATP Poly Power Pro 16L","62","Fast","Polyester","1.25","1.27","2.1","3.0","3.0","34.68","33.7","30.5","52.5","87.1","33.3","","228.6","10.17","16.89","0.70","27.8","45","86.9","0.092","0.461","5"
"Pacific ATP Poly Power Pro 16L","51","Slow","Polyester","1.25","1.27","2.1","3.0","3.0","24.87","42.9","20.0","26.0","50.9","12.7","","264.6","8.60","17.25","-0.24","25.6","50.5","95.1","0.092","0.461","5"
"Pacific ATP Poly Power Pro 16L","51","Medium","Polyester","1.25","1.27","2.1","3.0","3.0","25.49","38.3","28.0","42.3","67.7","23.7","","219.5","8.60","16.63","0.40","25.6","50.5","86.9","0.092","0.461","5"
"Pacific ATP Poly Power Pro 16L","51","Fast","Polyester","1.25","1.27","2.1","3.0","3.0","25.49","36.3","33.0","52.0","77.6","32.0","","194.3","8.60","16.63","0.68","26.0","51.1","83.7","0.092","0.461","5"
"Pacific ATP Poly Power Pro 16L","40","Slow","Polyester","1.25","1.27","2.1","3.0","3.0","17.44","46.0","22.0","27.1","44.5","12.3","","228.6","5.98","16.27","-0.11","22.1","55.8","94.7","0.092","0.461","5"
"Pacific ATP Poly Power Pro 16L","40","Medium","Polyester","1.25","1.27","2.1","3.0","3.0","17.97","41.1","30.0","42.1","60.2","22.5","","190.9","5.98","15.74","0.37","22.1","55.7","83.5","0.092","0.461","5"
"Pacific ATP Poly Power Pro 16L","40","Fast","Polyester","1.25","1.27","2.1","3.0","3.0","17.93","38.9","35.0","52.0","70.1","30.6","","172.6","5.98","15.78","0.51","22.3","56.1","78.9","0.092","0.461","5"
"Babolat Attraction 16","51","Slow","Nylon/Polyurethane","1.3","1.32","NA","NA","9.4","40.84","40.2","18.1","13.5","54.2","12.3","","165.7","5.60","4.28","-0.11","9.7","19.3","97.6","0.15","0.398","2.7"
"Babolat Attraction 16","51","Medium","Nylon/Polyurethane","1.3","1.32","NA","NA","9.4","40.79","36.7","26.2","28.9","69.7","22.7","","170.9","5.60","4.33","0.00","9.9","19.6","95.3","0.15","0.398","2.7"
"Babolat Attraction 16","51","Fast","Nylon/Polyurethane","1.3","1.32","NA","NA","9.4","40.68","34.7","32.0","39.7","80.5","32.1","","157.7","5.60","4.44","0.13","10.1","20","90.2","0.15","0.398","2.7"
"Babolat Attraction 16","40","Slow","Nylon/Polyurethane","1.3","1.32","NA","NA","9.4","30.10","44.6","20.8","15.0","45.2","11.7","","140.0","5.29","4.30","-0.04","9.5","24.1","97.8","0.15","0.398","2.7"
"Babolat Attraction 16","40","Medium","Nylon/Polyurethane","1.3","1.32","NA","NA","9.4","30.05","40.0","29.1","29.3","59.3","21.6","","141.2","5.29","4.35","0.02","9.7","24.3","95.1","0.15","0.398","2.7"
"Babolat Attraction 16","40","Fast","Nylon/Polyurethane","1.3","1.32","NA","NA","9.4","30.01","37.7","34.2","39.9","69.9","29.8","","138.9","5.29","4.39","0.15","9.9","24.8","90.6","0.15","0.398","2.7"
"Babolat Attraction 16","62","Fast","Nylon/Polyurethane","1.3","1.32","NA","NA","9.4","50.19","32.6","30.0","40.1","90.4","33.8","","181.7","7.06","4.49","0.11","11.7","18.9","92.2","0.15","0.398","2.7"
"Babolat Attraction 16","62","Medium","Nylon/Polyurethane","1.3","1.32","NA","NA","9.4","50.32","34.3","24.5","28.0","78.3","23.9","","189.7","7.06","4.36","-0.04","11.5","18.4","96.6","0.15","0.398","2.7"
"Babolat Attraction 16","62","Slow","Nylon/Polyurethane","1.3","1.32","NA","NA","9.4","50.49","37.2","17.0","13.0","63.5","13.5","","180.6","7.06","4.19","-0.07","11.2","18.1","99.0","0.15","0.398","2.7"
"IsoSpeed Axon Mono 16L","62","Slow","Polyester","1.25","1.28","3.0","3.3","4.5","43.44","37.6","18.0","20.3","63.9","14.3","","257.2","7.54","10.76","-0.13","18.1","29.4","96.8","0.119","0.383","3.2"
"IsoSpeed Axon Mono 16L","62","Medium","Polyester","1.25","1.28","3.0","3.3","4.5","43.73","34.2","24.1","37.5","81.1","24.5","","261.7","7.54","10.47","0.14","18.1","29.4","93.9","0.119","0.383","3.2"
"IsoSpeed Axon Mono 16L","62","Fast","Polyester","1.25","1.28","3.0","3.3","4.5","43.70","32.4","29.5","49.6","93.3","34.4","","230.9","7.54","10.50","0.35","18.3","29.8","91.2","0.119","0.383","3.2"
"IsoSpeed Axon Mono 16L","51","Slow","Polyester","1.25","1.28","3.0","3.3","4.5","33.32","40.6","19.7","21.8","55.1","13.6","","228.6","7.03","10.37","-0.15","17.2","34","96.0","0.119","0.383","3.2"
"IsoSpeed Axon Mono 16L","51","Medium","Polyester","1.25","1.28","3.0","3.3","4.5","33.65","36.7","26.1","38.6","72.3","23.6","","229.7","7.03","10.04","0.18","17.2","34","92.4","0.119","0.383","3.2"
"IsoSpeed Axon Mono 16L","51","Fast","Polyester","1.25","1.28","3.0","3.3","4.5","33.65","34.7","31.7","49.4","83.1","33.0","","199.5","7.03","10.04","0.38","17.4","34.4","88.7","0.119","0.383","3.2"
"IsoSpeed Axon Mono 16L","40","Slow","Polyester","1.25","1.28","3.0","3.3","4.5","24.70","44.1","21.1","23.6","48.3","12.7","","215.5","4.78","10.21","-0.15","14.8","37.4","94.9","0.119","0.383","3.2"
"IsoSpeed Axon Mono 16L","40","Medium","Polyester","1.25","1.28","3.0","3.3","4.5","25.03","39.4","28.0","38.1","63.3","22.2","","197.7","4.78","9.88","0.29","15.0","37.7","90.6","0.119","0.383","3.2"
"IsoSpeed Axon Mono 16L","40","Fast","Polyester","1.25","1.28","3.0","3.3","4.5","25.00","37.1","33.9","49.8","74.7","31.7","","175.5","4.78","9.91","0.37","15.0","37.9","87.2","0.119","0.383","3.2"
"IsoSpeed Axon Multi 16L","62","Slow","Nylon/Polyolefin","1.25","1.29","4.2","5.5","7.0","45.93","38.5","18.0","12.3","58.4","13.1","","156.0","8.09","7.72","0.15","15.9","25.9","99.6","0.146","0.432","3"
"IsoSpeed Axon Multi 16L","62","Medium","Nylon/Polyolefin","1.25","1.29","4.2","5.5","7.0","45.20","36.4","25.9","23.6","68.8","22.3","","142.9","8.09","8.45","0.24","16.8","27.2","93.7","0.146","0.432","3"
"IsoSpeed Axon Multi 16L","62","Fast","Nylon/Polyolefin","1.25","1.29","4.2","5.5","7.0","44.65","34.9","31.2","32.4","77.2","30.0","","136.0","8.09","9.00","0.42","17.4","28.4","92.0","0.146","0.432","3"
"IsoSpeed Axon Multi 16L","51","Slow","Nylon/Polyolefin","1.25","1.29","4.2","5.5","7.0","37.20","41.4","19.8","14.3","51.4","12.7","","148.6","6.81","6.71","0.07","13.7","26.8","96.2","0.146","0.432","3"
"IsoSpeed Axon Multi 16L","51","Medium","Nylon/Polyolefin","1.25","1.29","4.2","5.5","7.0","36.78","38.6","27.5","25.4","62.2","21.4","","135.4","6.81","7.13","0.24","14.1","28","94.5","0.146","0.432","3"
"IsoSpeed Axon Multi 16L","51","Fast","Nylon/Polyolefin","1.25","1.29","4.2","5.5","7.0","36.32","36.7","33.0","34.0","70.1","29.0","","126.3","6.81","7.59","0.36","14.8","29.1","91.4","0.146","0.432","3"
"IsoSpeed Axon Multi 16L","40","Slow","Nylon/Polyolefin","1.25","1.29","4.2","5.5","7.0","26.46","45.8","21.9","16.3","42.8","11.7","","138.3","6.20","7.03","0.07","13.2","33.5","94.3","0.146","0.432","3"
"IsoSpeed Axon Multi 16L","40","Medium","Nylon/Polyolefin","1.25","1.29","4.2","5.5","7.0","26.22","41.9","30.0","28.4","54.7","20.5","","128.0","6.20","7.27","0.20","13.7","34.4","89.9","0.146","0.432","3"
"IsoSpeed Axon Multi 16L","40","Fast","Nylon/Polyolefin","1.25","1.29","4.2","5.5","7.0","25.93","39.5","35.9","36.8","62.6","28.1","","116.0","6.20","7.56","0.29","14.1","35.4","88.9","0.146","0.432","3"
"Babolat Ballistic Polymono 16","40","Fast","Polyester","1.3","1.3","1.8","3.2","3.3","19.36","37.2","33.9","56.9","76.3","32.3","","201.7","5.23","15.10","0.40","20.7","52.2","79.9","0.085","0.402","4.7"
"Babolat Ballistic Polymono 16","40","Medium","Polyester","1.3","1.3","1.8","3.2","3.3","19.43","39.5","28.9","46.3","65.9","23.8","","225.2","5.23","15.03","0.42","20.7","52.1","85.6","0.085","0.402","4.7"
"Babolat Ballistic Polymono 16","40","Slow","Polyester","1.3","1.3","1.8","3.2","3.3","18.63","44.7","21.2","29.8","48.3","12.8","","267.5","5.23","15.83","-0.36","20.7","52.2","91.4","0.085","0.402","4.7"
"Babolat Ballistic Polymono 16","51","Fast","Polyester","1.3","1.3","1.8","3.2","3.3","27.76","35.4","32.2","55.6","83.3","33.5","","217.7","8.07","14.89","0.33","23.4","45.9","83.0","0.085","0.402","4.7"
"Babolat Ballistic Polymono 16","51","Medium","Polyester","1.3","1.3","1.8","3.2","3.3","27.78","37.0","27.1","45.4","73.2","24.8","","250.9","8.07","14.87","0.28","23.2","45.8","88.0","0.085","0.402","4.7"
"Babolat Ballistic Polymono 16","51","Slow","Polyester","1.3","1.3","1.8","3.2","3.3","26.81","41.5","19.9","27.3","54.2","13.5","","280.6","8.07","15.84","-0.64","23.4","45.9","94.5","0.085","0.402","4.7"
"Babolat Ballistic Polymono 16","62","Fast","Polyester","1.3","1.3","1.8","3.2","3.3","37.37","32.6","30.0","56.4","93.7","35.1","","255.5","9.75","14.62","0.55","24.9","40.4","86.1","0.085","0.402","4.7"
"Babolat Ballistic Polymono 16","62","Medium","Polyester","1.3","1.3","1.8","3.2","3.3","37.37","34.4","25.0","44.3","81.8","25.6","","287.5","9.75","14.62","0.19","24.5","39.8","91.6","0.085","0.402","4.7"
"Babolat Ballistic Polymono 16","62","Slow","Polyester","1.3","1.3","1.8","3.2","3.3","36.60","38.5","18.0","25.8","62.4","14.0","","322.9","9.75","15.39","-0.58","24.5","39.8","97.4","0.085","0.402","4.7"
"Solinco Barb Wire 16","62","Slow","Polyester","1.3","1.38","2.1","2.7","3.0","40.09","37.5","18.0","23.4","63.5","14.3","","293.8","8.49","13.16","-0.35","21.4","34.5","96.2","0.123","0.542","4.4"
"Solinco Barb Wire 16","62","Medium","Polyester","1.3","1.38","2.1","2.7","3.0","40.73","34.1","24.1","40.4","80.9","24.4","","282.3","8.49","12.52","0.16","21.2","34.3","92.7","0.123","0.542","4.4"
"Solinco Barb Wire 16","62","Fast","Polyester","1.3","1.38","2.1","2.7","3.0","40.73","32.3","29.1","51.4","92.2","33.5","","246.9","8.49","12.52","0.44","21.4","34.7","89.3","0.123","0.542","4.4"
"Solinco Barb Wire 16","51","Slow","Polyester","1.3","1.38","2.1","2.7","3.0","30.38","40.5","19.6","24.7","55.1","13.5","","261.7","7.41","12.93","-0.29","20.1","39.5","93.3","0.123","0.542","4.4"
"Solinco Barb Wire 16","51","Medium","Polyester","1.3","1.38","2.1","2.7","3.0","30.89","36.5","26.0","40.8","71.7","23.3","","244.6","7.41","12.42","0.11","19.8","39.3","90.8","0.123","0.542","4.4"
"Solinco Barb Wire 16","51","Fast","Polyester","1.3","1.38","2.1","2.7","3.0","30.89","34.6","31.0","50.7","81.6","31.6","","214.3","7.41","12.42","0.55","20.3","40.2","86.9","0.123","0.542","4.4"
"Solinco Barb Wire 16","40","Slow","Polyester","1.3","1.38","2.1","2.7","3.0","21.90","43.5","21.0","27.3","49.4","12.9","","252.6","5.07","12.72","-0.08","17.6","44.6","92.4","0.123","0.542","4.4"
"Solinco Barb Wire 16","40","Medium","Polyester","1.3","1.38","2.1","2.7","3.0","22.20","39.1","28.0","42.1","64.4","22.5","","218.9","5.07","12.42","0.26","17.9","44.7","88.2","0.123","0.542","4.4"
"Solinco Barb Wire 16","40","Fast","Polyester","1.3","1.38","2.1","2.7","3.0","22.18","36.9","33.0","52.7","75.0","30.9","","196.6","5.07","12.44","0.42","17.9","45.2","83.4","0.123","0.542","4.4"
"Solinco Barb Wire 16L (1.25)","51","Fast","Polyester","1.25","1.19","2.1","3.6","2.1","34.00","35.3","32.8","48.3","82.2","33.7","15.4","182.9","4.01","12.71","0.29","17.0","33.5","85.4","0.105","0.59","5.6"
"Solinco Barb Wire 17 (1.20)","62","Slow","Polyester","1.2","1.25","2.1","3.3","4.5","36.12","39.6","18.7","22.1","58.0","13.6","","254.3","7.72","17.90","-0.44","25.1","40.8","96.4","0.113","0.557","4.9"
"Solinco Barb Wire 17 (1.20)","62","Medium","Polyester","1.2","1.25","2.1","3.3","4.5","36.76","36.0","26.0","36.4","73.2","23.8","","218.9","7.72","17.26","0.20","25.1","40.8","93.3","0.113","0.557","4.9"
"Solinco Barb Wire 17 (1.20)","62","Fast","Polyester","1.2","1.25","2.1","3.3","4.5","36.74","34.1","30.9","46.3","83.1","32.1","","197.2","7.72","17.28","0.51","25.6","41.3","89.3","0.113","0.557","4.9"
"Solinco Barb Wire 17 (1.20)","51","Slow","Polyester","1.2","1.25","2.1","3.3","4.5","29.02","42.1","20.0","22.9","52.0","13.0","","233.7","6.35","15.35","-0.26","21.4","42.3","95.3","0.113","0.557","4.9"
"Solinco Barb Wire 17 (1.20)","51","Medium","Polyester","1.2","1.25","2.1","3.3","4.5","29.55","37.9","27.1","37.3","66.8","22.6","","206.3","6.35","14.82","0.27","21.4","42.3","90.4","0.113","0.557","4.9"
"Solinco Barb Wire 17 (1.20)","51","Fast","Polyester","1.2","1.25","2.1","3.3","4.5","29.55","35.9","32.1","47.2","76.7","30.8","","186.3","6.35","14.82","0.44","21.6","42.6","85.7","0.113","0.557","4.9"
"Solinco Barb Wire 17 (1.20)","40","Slow","Polyester","1.2","1.25","2.1","3.3","4.5","21.32","45.2","22.0","24.5","45.6","12.6","","204.6","4.81","13.56","-0.18","18.1","45.8","92.5","0.113","0.557","4.9"
"Solinco Barb Wire 17 (1.20)","40","Medium","Polyester","1.2","1.25","2.1","3.3","4.5","21.81","40.6","29.0","37.7","59.5","21.6","","182.3","4.81","13.07","0.42","18.3","46.1","87.0","0.113","0.557","4.9"
"Solinco Barb Wire 17 (1.20)","40","Fast","Polyester","1.2","1.25","2.1","3.3","4.5","21.81","38.2","34.1","47.6","69.5","29.6","","166.9","4.81","13.07","0.42","18.3","46.1","84.8","0.113","0.557","4.9"
"Prince Beast XP 16","62","Slow","Polyester","1.3","1.32","2.1","3.3","4.5","39.05","38.2","18.0","22.3","61.3","13.8","","278.9","9.39","13.30","-0.42","22.3","36.1","96.0","0.104","0.409","3.9"
"Prince Beast XP 16","62","Medium","Polyester","1.3","1.32","2.1","3.3","4.5","39.69","34.5","25.0","38.8","78.5","24.5","","252.0","9.39","12.66","0.15","22.3","36","94.5","0.104","0.409","3.9"
"Prince Beast XP 16","62","Fast","Polyester","1.3","1.32","2.1","3.3","4.5","39.65","32.7","29.8","49.8","89.5","33.3","","228.6","9.39","12.70","0.47","22.5","36.5","89.5","0.104","0.409","3.9"
"Prince Beast XP 16","51","Slow","Polyester","1.3","1.32","2.1","3.3","4.5","29.50","41.0","19.8","24.3","53.8","13.3","","250.9","7.28","13.94","-0.27","20.9","41.3","96.4","0.104","0.409","3.9"
"Prince Beast XP 16","51","Medium","Polyester","1.3","1.32","2.1","3.3","4.5","30.05","36.9","26.7","39.2","69.5","23.2","","223.5","7.28","13.39","0.22","20.9","41.2","91.2","0.104","0.409","3.9"
"Prince Beast XP 16","51","Fast","Polyester","1.3","1.32","2.1","3.3","4.5","30.05","35.0","31.7","49.2","79.4","31.5","","198.9","7.28","13.39","0.46","21.2","41.7","87.2","0.104","0.409","3.9"
"Prince Beast XP 16","40","Slow","Polyester","1.3","1.32","2.1","3.3","4.5","19.49","45.5","22.0","25.4","44.8","12.3","","212.0","5.67","14.53","-0.31","19.8","50.1","92.7","0.104","0.409","3.9"
"Prince Beast XP 16","40","Medium","Polyester","1.3","1.32","2.1","3.3","4.5","20.15","40.5","29.1","39.0","59.1","21.5","","186.9","5.67","13.87","0.33","19.8","50.1","87.6","0.104","0.409","3.9"
"Prince Beast XP 16","40","Fast","Polyester","1.3","1.32","2.1","3.3","4.5","20.11","38.3","34.2","49.6","69.7","29.8","","172.6","5.67","13.91","0.38","20.1","50.3","82.8","0.104","0.409","3.9"
"Luxilon Big Banger Ace 18 (1.12)","62","Slow","Polyester","1.12","1.16","2.1","3.3","4.5","38.01","38.7","18.1","22.7","60.6","13.7","","282.3","9.00","14.73","-0.22","23.6","38.1","99.0","0.106","0.419","4"
"Luxilon Big Banger Ace 18 (1.12)","62","Medium","Polyester","1.12","1.16","2.1","3.3","4.5","38.37","35.2","25.1","39.2","77.6","24.4","","252.6","9.00","14.37","0.07","23.4","38","92.9","0.106","0.419","4"
"Luxilon Big Banger Ace 18 (1.12)","62","Fast","Polyester","1.12","1.16","2.1","3.3","4.5","38.43","33.3","30.0","50.3","88.6","33.2","","226.9","9.00","14.31","0.46","23.8","38.5","87.4","0.106","0.419","4"
"Luxilon Big Banger Ace 18 (1.12)","51","Slow","Polyester","1.12","1.16","2.1","3.3","4.5","27.30","42.6","20.0","24.5","51.8","12.9","","248.0","8.71","14.71","-0.22","23.2","45.7","94.7","0.106","0.419","4"
"Luxilon Big Banger Ace 18 (1.12)","51","Medium","Polyester","1.12","1.16","2.1","3.3","4.5","27.76","38.0","27.3","40.8","68.4","23.3","","222.9","8.71","14.25","0.20","23.2","45.7","90.1","0.106","0.419","4"
"Luxilon Big Banger Ace 18 (1.12)","51","Fast","Polyester","1.12","1.16","2.1","3.3","4.5","27.74","35.8","32.0","51.4","79.2","31.7","","203.5","8.71","14.27","0.42","23.4","46.1","85.4","0.106","0.419","4"
"Luxilon Big Banger Ace 18 (1.12)","40","Slow","Polyester","1.12","1.16","2.1","3.3","4.5","16.38","47.6","23.0","26.5","42.8","12.3","","202.9","6.66","16.65","-0.16","23.2","58.3","89.9","0.106","0.419","4"
"Luxilon Big Banger Ace 18 (1.12)","40","Medium","Polyester","1.12","1.16","2.1","3.3","4.5","16.91","42.0","30.0","41.5","58.4","21.9","","186.9","6.66","16.12","0.26","22.9","58.1","85.7","0.106","0.419","4"
"Luxilon Big Banger Ace 18 (1.12)","40","Fast","Polyester","1.12","1.16","2.1","3.3","4.5","16.87","39.3","35.2","51.8","68.8","30.3","","170.3","6.66","16.16","0.35","23.2","58.4","80.3","0.106","0.419","4"
"Luxilon Big Banger ALU Power Fluoro 17","62","Slow","Polyester","1.23","1.23","2.1","3.3","4.5","38.98","38.5","18.0","22.3","61.3","13.8","","278.9","9.04","13.72","-0.20","22.5","36.5","97.0","NA","NA","NA"
"Luxilon Big Banger ALU Power Fluoro 17","62","Medium","Polyester","1.23","1.23","2.1","3.3","4.5","39.38","34.9","25.0","39.5","78.9","24.6","","256.6","9.04","13.32","0.13","22.5","36.4","93.1","NA","NA","NA"
"Luxilon Big Banger ALU Power Fluoro 17","62","Fast","Polyester","1.23","1.23","2.1","3.3","4.5","39.36","33.0","30.0","51.6","90.8","34.1","","233.2","9.04","13.34","0.51","22.9","37.1","90.2","NA","NA","NA"
"Luxilon Big Banger ALU Power Fluoro 17","51","Slow","Polyester","1.23","1.23","2.1","3.3","4.5","27.92","42.1","20.0","24.7","52.7","13.2","","250.9","8.38","14.42","-0.26","22.5","44.4","97.4","NA","NA","NA"
"Luxilon Big Banger ALU Power Fluoro 17","51","Medium","Polyester","1.23","1.23","2.1","3.3","4.5","28.44","37.7","27.0","41.2","69.7","23.5","","228.6","8.38","13.90","0.22","22.5","44.3","91.0","NA","NA","NA"
"Luxilon Big Banger ALU Power Fluoro 17","51","Fast","Polyester","1.23","1.23","2.1","3.3","4.5","28.42","35.5","32.0","52.3","80.5","32.2","","206.9","8.38","13.92","0.42","22.7","44.8","87.0","NA","NA","NA"
"Luxilon Big Banger ALU Power Fluoro 17","40","Slow","Polyester","1.23","1.23","2.1","3.3","4.5","17.73","46.5","22.2","26.9","44.5","12.4","","221.2","6.00","15.96","-0.20","21.8","54.8","92.0","NA","NA","NA"
"Luxilon Big Banger ALU Power Fluoro 17","40","Medium","Polyester","1.23","1.23","2.1","3.3","4.5","18.28","41.2","29.8","41.0","59.3","22.0","","188.0","6.00","15.41","0.31","21.8","54.7","84.3","NA","NA","NA"
"Luxilon Big Banger ALU Power Fluoro 17","40","Fast","Polyester","1.23","1.23","2.1","3.3","4.5","18.26","38.6","34.9","52.5","70.8","30.8","","175.5","6.00","15.43","0.40","21.8","55","80.8","NA","NA","NA"
"Luxilon Big Banger ALU Power Spin 127/16","62","Slow","Polyester","1.27","1.26","1.8","2.7","3.6","37.84","39.0","18.1","23.4","61.3","13.9","","289.2","10.74","13.16","-0.31","23.6","38.2","95.6","0.106","0.454","4.3"
"Luxilon Big Banger ALU Power Spin 127/16","62","Medium","Polyester","1.27","1.26","1.8","2.7","3.6","38.32","35.0","25.9","41.7","80.0","25.9","","253.2","10.74","12.68","0.22","23.6","38.3","92.5","0.106","0.454","4.3"
"Luxilon Big Banger ALU Power Spin 127/16","62","Fast","Polyester","1.27","1.26","1.8","2.7","3.6","38.26","33.0","30.1","53.8","91.9","34.5","","241.7","10.74","12.74","0.36","23.8","38.6","88.7","0.106","0.454","4.3"
"Luxilon Big Banger ALU Power Spin 127/16","51","Slow","Polyester","1.27","1.26","1.8","2.7","3.6","27.89","42.4","20.0","25.4","53.1","13.3","","256.6","8.16","14.67","-0.22","22.5","44.6","94.7","0.106","0.454","4.3"
"Luxilon Big Banger ALU Power Spin 127/16","51","Medium","Polyester","1.27","1.26","1.8","2.7","3.6","28.40","37.4","27.8","42.8","71.2","24.7","","225.7","8.16","14.16","0.29","22.5","44.6","90.1","0.106","0.454","4.3"
"Luxilon Big Banger ALU Power Spin 127/16","51","Fast","Polyester","1.27","1.26","1.8","2.7","3.6","28.38","35.2","32.1","54.0","82.5","33.1","","213.7","8.16","14.18","0.46","22.7","45","85.7","0.106","0.454","4.3"
"Luxilon Big Banger ALU Power Spin 127/16","40","Slow","Polyester","1.27","1.26","1.8","2.7","3.6","17.62","46.8","22.3","27.8","45.4","12.6","","226.3","6.00","16.07","-0.17","21.8","55.2","92.4","0.106","0.454","4.3"
"Luxilon Big Banger ALU Power Spin 127/16","40","Medium","Polyester","1.27","1.26","1.8","2.7","3.6","18.08","40.9","30.0","44.5","62.6","23.5","","201.2","6.00","15.61","0.29","21.8","55.2","85.0","0.106","0.454","4.3"
"Luxilon Big Banger ALU Power Spin 127/16","40","Fast","Polyester","1.27","1.26","1.8","2.7","3.6","18.04","38.2","34.9","55.6","73.6","32.1","","185.2","6.00","15.65","0.42","22.1","55.6","80.5","0.106","0.454","4.3"
"Luxilon Big Banger Original 130/16","62","Slow","Polyester","1.3","1.31","1.5","2.7","3.9","36.51","39.3","18.2","24.7","61.3","14.0","","302.9","11.36","13.87","-0.27","24.9","40.4","95.1","0.082","0.396","4.8"
"Luxilon Big Banger Original 130/16","62","Medium","Polyester","1.3","1.31","1.5","2.7","3.9","37.02","35.1","25.9","43.9","80.9","26.2","","265.7","11.36","13.36","0.20","24.9","40.4","92.9","0.082","0.396","4.8"
"Luxilon Big Banger Original 130/16","62","Fast","Polyester","1.3","1.31","1.5","2.7","3.9","37.00","33.0","30.1","55.8","92.8","34.9","","250.3","11.36","13.38","0.44","25.1","40.8","88.9","0.082","0.396","4.8"
"Luxilon Big Banger Original 130/16","51","Slow","Polyester","1.3","1.31","1.5","2.7","3.9","24.50","43.2","20.5","27.3","51.8","13.3","","265.2","9.53","16.69","-0.26","26.0","51.2","95.5","0.082","0.396","4.8"
"Luxilon Big Banger Original 130/16","51","Medium","Polyester","1.3","1.31","1.5","2.7","3.9","25.09","38.1","28.0","45.0","70.1","24.5","","233.7","9.53","16.10","0.22","25.8","51","91.0","0.082","0.396","4.8"
"Luxilon Big Banger Original 130/16","51","Fast","Polyester","1.3","1.31","1.5","2.7","3.9","25.09","35.8","32.9","56.9","82.0","33.8","","213.2","9.53","16.10","0.44","26.0","51.4","85.2","0.082","0.396","4.8"
"Luxilon Big Banger Original 130/16","40","Slow","Polyester","1.3","1.31","1.5","2.7","3.9","16.10","47.0","23.0","28.7","44.8","12.9","","220.6","5.89","17.70","-0.19","23.4","58.9","92.4","0.082","0.396","4.8"
"Luxilon Big Banger Original 130/16","40","Medium","Polyester","1.3","1.31","1.5","2.7","3.9","16.74","41.2","30.1","45.6","62.4","23.4","","205.2","5.89","17.06","0.33","23.4","58.7","83.2","0.082","0.396","4.8"
"Luxilon Big Banger Original 130/16","40","Fast","Polyester","1.3","1.31","1.5","2.7","3.9","16.78","38.6","35.0","56.7","73.4","32.1","","187.5","5.89","17.02","0.46","23.4","58.9","80.3","0.082","0.396","4.8"
"Luxilon Big Banger Rough 130/16","62","Slow","Polyester","1.3","1.33","2.1","3.0","4.2","38.21","38.9","18.7","24.5","62.6","14.6","","282.9","10.34","13.19","-0.40","23.2","37.5","96.6","0.092","0.405","4.4"
"Luxilon Big Banger Rough 130/16","62","Medium","Polyester","1.3","1.33","2.1","3.0","4.2","38.76","34.7","25.3","43.4","82.2","26.0","","276.0","10.34","12.64","0.11","23.2","37.4","93.5","0.092","0.405","4.4"
"Luxilon Big Banger Rough 130/16","62","Fast","Polyester","1.3","1.33","2.1","3.0","4.2","38.74","32.8","30.1","56.2","94.8","35.7","","252.6","10.34","12.66","0.53","23.6","38.1","86.9","0.092","0.405","4.4"
"Luxilon Big Banger Rough 130/16","51","Slow","Polyester","1.3","1.33","2.1","3.0","4.2","24.14","43.5","20.9","27.3","51.6","13.5","","253.7","10.91","15.67","-0.34","26.2","51.7","93.9","0.092","0.405","4.4"
"Luxilon Big Banger Rough 130/16","51","Medium","Polyester","1.3","1.33","2.1","3.0","4.2","24.78","38.1","28.0","45.6","70.3","24.7","","236.0","10.91","15.03","0.00","26.0","51.1","89.5","0.092","0.405","4.4"
"Luxilon Big Banger Rough 130/16","51","Fast","Polyester","1.3","1.33","2.1","3.0","4.2","24.87","35.8","33.0","56.9","81.8","33.7","","212.6","10.91","14.94","0.50","26.2","52","84.1","0.092","0.405","4.4"
"Luxilon Big Banger Rough 130/16","40","Slow","Polyester","1.3","1.33","2.1","3.0","4.2","14.77","47.5","23.0","29.5","44.3","12.7","","226.9","7.39","17.53","-0.18","24.7","62.3","89.7","0.092","0.405","4.4"
"Luxilon Big Banger Rough 130/16","40","Medium","Polyester","1.3","1.33","2.1","3.0","4.2","15.24","41.7","30.8","46.3","61.5","23.7","","197.7","7.39","17.06","0.36","24.7","62.5","83.4","0.092","0.405","4.4"
"Luxilon Big Banger Rough 130/16","40","Fast","Polyester","1.3","1.33","2.1","3.0","4.2","15.21","38.8","35.0","57.1","72.3","31.7","","188.6","7.39","17.09","0.44","24.9","62.8","78.7","0.092","0.405","4.4"
"Luxilon Big Banger Timo 17 (1.22)","62","Slow","Polyester","1.22","1.25","2.1","3.0","4.2","40.42","37.6","18.0","22.5","62.8","14.1","","282.3","8.91","12.41","-0.35","20.9","34","95.8","0.098","0.382","3.9"
"Luxilon Big Banger Timo 17 (1.22)","62","Medium","Polyester","1.22","1.25","2.1","3.0","4.2","40.95","34.1","24.1","39.7","80.7","24.3","","277.7","8.91","11.88","0.14","20.9","33.9","93.5","0.098","0.382","3.9"
"Luxilon Big Banger Timo 17 (1.22)","62","Fast","Polyester","1.22","1.25","2.1","3.0","4.2","40.92","32.3","29.2","51.8","92.8","33.8","","248.0","8.91","11.91","0.50","21.4","34.5","89.9","0.098","0.382","3.9"
"Luxilon Big Banger Timo 17 (1.22)","51","Slow","Polyester","1.22","1.25","2.1","3.0","4.2","28.07","41.7","20.0","24.5","52.7","13.2","","249.7","7.96","14.69","-0.33","22.3","44","97.2","0.098","0.382","3.9"
"Luxilon Big Banger Timo 17 (1.22)","51","Medium","Polyester","1.22","1.25","2.1","3.0","4.2","28.62","37.3","27.0","41.0","69.5","23.5","","228.0","7.96","14.14","0.18","22.3","43.9","91.2","0.098","0.382","3.9"
"Luxilon Big Banger Timo 17 (1.22)","51","Fast","Polyester","1.22","1.25","2.1","3.0","4.2","28.60","35.2","32.0","52.0","80.7","32.3","","206.9","7.96","14.16","0.38","22.5","44.3","85.9","0.098","0.382","3.9"
"Luxilon Big Banger Timo 17 (1.22)","40","Slow","Polyester","1.22","1.25","2.1","3.0","4.2","17.09","46.4","22.1","26.7","43.9","12.1","","223.5","0.95","21.65","-0.20","22.5","56.4","90.6","0.098","0.382","3.9"
"Luxilon Big Banger Timo 17 (1.22)","40","Medium","Polyester","1.22","1.25","2.1","3.0","4.2","17.60","41.1","29.9","41.5","58.9","22.1","","187.5","0.95","21.14","0.31","22.5","56.4","85.0","0.098","0.382","3.9"
"Luxilon Big Banger Timo 17 (1.22)","40","Fast","Polyester","1.22","1.25","2.1","3.0","4.2","17.55","38.6","34.6","52.5","70.1","30.3","","178.9","0.95","21.19","0.40","22.5","56.8","81.2","0.098","0.382","3.9"
"Luxilon Big Banger TiMO 17L (1.17)","62","Slow","Polyester","1.17","1.19","2.1","3.6","4.5","37.77","39.3","18.4","22.3","60.0","13.8","","269.2","10.01","13.96","-0.20","23.8","38.5","95.1","0.094","0.413","4.4"
"Luxilon Big Banger TiMO 17L (1.17)","62","Medium","Polyester","1.17","1.19","2.1","3.6","4.5","38.23","35.5","25.9","39.2","77.4","25.1","","237.2","10.01","13.50","0.24","23.8","38.5","92.0","0.094","0.413","4.4"
"Luxilon Big Banger TiMO 17L (1.17)","62","Fast","Polyester","1.17","1.19","2.1","3.6","4.5","38.17","33.5","30.1","50.9","89.3","33.6","","228.6","10.01","13.56","0.62","24.3","39.2","88.0","0.094","0.413","4.4"
"Luxilon Big Banger TiMO 17L (1.17)","51","Slow","Polyester","1.17","1.19","2.1","3.6","4.5","27.50","42.6","20.1","24.9","52.3","13.2","","249.2","8.56","14.66","-0.22","22.9","45.3","94.7","0.094","0.413","4.4"
"Luxilon Big Banger TiMO 17L (1.17)","51","Medium","Polyester","1.17","1.19","2.1","3.6","4.5","27.96","38.2","27.9","41.5","69.2","24.2","","216.0","8.56","14.20","0.31","23.2","45.5","89.1","0.094","0.413","4.4"
"Luxilon Big Banger TiMO 17L (1.17)","51","Fast","Polyester","1.17","1.19","2.1","3.6","4.5","27.89","36.0","32.2","52.0","80.0","32.2","","204.0","8.56","14.27","0.44","23.4","45.9","86.5","0.094","0.413","4.4"
"Luxilon Big Banger TiMO 17L (1.17)","40","Slow","Polyester","1.17","1.19","2.1","3.6","4.5","16.34","47.8","23.4","26.7","43.0","12.6","","197.7","6.79","16.56","-0.02","23.4","58.8","91.4","0.094","0.413","4.4"
"Luxilon Big Banger TiMO 17L (1.17)","40","Medium","Polyester","1.17","1.19","2.1","3.6","4.5","16.71","42.4","30.2","41.0","57.8","21.8","","182.9","6.79","16.19","0.39","23.4","58.9","85.0","0.094","0.413","4.4"
"Luxilon Big Banger TiMO 17L (1.17)","40","Fast","Polyester","1.17","1.19","2.1","3.6","4.5","16.67","39.6","35.9","52.3","69.0","31.0","","164.6","6.79","16.23","0.57","23.6","59.4","80.5","0.094","0.413","4.4"
"Luxilon Big Banger Timo 18 (1.10)","62","Slow","Polyester","1.1","1.14","2.4","3.3","4.8","36.67","39.6","19.0","21.6","58.4","13.9","","244.6","8.64","16.43","-0.42","24.7","39.9","96.0","0.107","0.382","3.6"
"Luxilon Big Banger Timo 18 (1.10)","62","Medium","Polyester","1.1","1.14","2.4","3.3","4.8","37.29","35.9","26.0","37.5","74.7","24.3","","226.3","8.64","15.81","0.16","24.7","39.9","91.6","0.107","0.382","3.6"
"Luxilon Big Banger Timo 18 (1.10)","62","Fast","Polyester","1.1","1.14","2.4","3.3","4.8","37.26","33.9","30.9","48.5","85.8","33.1","","206.9","8.64","15.84","0.52","24.9","40.5","88.5","0.107","0.382","3.6"
"Luxilon Big Banger Timo 18 (1.10)","51","Slow","Polyester","1.1","1.14","2.4","3.3","4.8","27.56","42.7","20.1","23.8","51.4","12.9","","240.0","8.38","14.78","-0.33","22.9","45","95.5","0.107","0.382","3.6"
"Luxilon Big Banger Timo 18 (1.10)","51","Medium","Polyester","1.1","1.14","2.4","3.3","4.8","28.07","38.3","27.7","39.0","67.0","23.2","","206.3","8.38","14.27","0.20","22.9","45","90.6","0.107","0.382","3.6"
"Luxilon Big Banger Timo 18 (1.10)","51","Fast","Polyester","1.1","1.14","2.4","3.3","4.8","28.05","36.0","32.8","49.8","78.1","31.9","","189.2","8.38","14.29","0.38","22.9","45.4","85.9","0.107","0.382","3.6"
"Luxilon Big Banger Timo 18 (1.10)","40","Slow","Polyester","1.1","1.14","2.4","3.3","4.8","17.86","47.2","23.0","26.0","43.9","12.6","","200.6","6.31","15.52","-0.11","21.8","54.7","94.5","0.107","0.382","3.6"
"Luxilon Big Banger Timo 18 (1.10)","40","Medium","Polyester","1.1","1.14","2.4","3.3","4.8","18.21","41.9","30.0","40.4","58.7","22.0","","182.3","6.31","15.17","0.24","21.8","54.7","85.7","0.107","0.382","3.6"
"Luxilon Big Banger Timo 18 (1.10)","40","Fast","Polyester","1.1","1.14","2.4","3.3","4.8","18.21","39.1","35.1","51.2","69.2","30.4","","168.6","6.31","15.17","0.35","21.8","55","81.7","0.107","0.382","3.6"
"Luxilon Big Banger XP 125/16L","62","Slow","Polyester","1.25","1.23","1.8","88.2","3.6","36.93","39.3","18.5","24.3","61.3","14.2","","289.2","11.20","13.61","-0.22","24.5","39.8","97.4","0.099","0.407","4.1"
"Luxilon Big Banger XP 125/16L","62","Medium","Polyester","1.25","1.23","1.8","88.2","3.6","37.33","35.3","26.0","42.8","80.0","26.0","","257.2","11.20","13.21","0.11","24.5","39.7","93.9","0.099","0.407","4.1"
"Luxilon Big Banger XP 125/16L","62","Fast","Polyester","1.25","1.23","1.8","88.2","3.6","37.31","33.1","30.3","54.9","92.2","34.9","","242.9","11.20","13.23","0.44","24.9","40.3","89.9","0.099","0.407","4.1"
"Luxilon Big Banger XP 125/16L","51","Slow","Polyester","1.25","1.23","1.8","88.2","3.6","25.91","42.4","20.1","26.2","52.0","13.1","","263.5","641.65","-616.84","-0.20","24.7","48.5","93.1","0.099","0.407","4.1"
"Luxilon Big Banger XP 125/16L","51","Medium","Polyester","1.25","1.23","1.8","88.2","3.6","26.35","37.9","27.7","43.2","69.7","24.1","","228.6","641.65","-617.28","0.26","24.7","48.6","88.4","0.099","0.407","4.1"
"Luxilon Big Banger XP 125/16L","51","Fast","Polyester","1.25","1.23","1.8","88.2","3.6","26.33","35.8","32.7","55.1","81.4","33.3","","209.2","641.65","-617.26","0.49","24.9","49","84.6","0.099","0.407","4.1"
"Luxilon Big Banger XP 125/16L","40","Slow","Polyester","1.25","1.23","1.8","88.2","3.6","17.73","46.3","22.1","28.0","45.6","12.6","","232.0","5.49","16.47","-0.28","21.6","54.6","90.8","0.099","0.407","4.1"
"Luxilon Big Banger XP 125/16L","40","Medium","Polyester","1.25","1.23","1.8","88.2","3.6","18.32","41.0","29.8","44.1","62.4","23.2","","201.7","5.49","15.88","0.35","21.8","54.7","84.5","0.099","0.407","4.1"
"Luxilon Big Banger XP 125/16L","40","Fast","Polyester","1.25","1.23","1.8","88.2","3.6","18.32","38.1","34.4","55.3","73.6","31.6","","190.3","5.49","15.88","0.48","21.8","55.1","81.5","0.099","0.407","4.1"
"Luxilon Big Banger XP 15L (1.38)","62","Slow","Polyester","1.38","1.38","1.8","2.4","3.6","37.60","37.5","18.0","25.4","62.8","14.1","","317.8","10.30","13.84","-0.28","23.8","38.6","94.5","0.106","0.378","3.6"
"Luxilon Big Banger XP 15L (1.38)","62","Medium","Polyester","1.38","1.38","1.8","2.4","3.6","38.15","33.8","24.0","43.7","81.8","24.6","","308.0","10.30","13.29","0.18","23.8","38.5","93.1","0.106","0.378","3.6"
"Luxilon Big Banger XP 15L (1.38)","62","Fast","Polyester","1.38","1.38","1.8","2.4","3.6","38.10","31.9","29.0","55.8","93.9","34.1","","269.7","10.30","13.34","0.48","24.0","39.1","90.1","0.106","0.378","3.6"
"Luxilon Big Banger XP 15L (1.38)","51","Slow","Polyester","1.38","1.38","1.8","2.4","3.6","26.15","41.2","20.0","28.0","54.2","13.5","","284.6","9.26","15.31","-0.38","24.3","47.7","96.6","0.106","0.378","3.6"
"Luxilon Big Banger XP 15L (1.38)","51","Medium","Polyester","1.38","1.38","1.8","2.4","3.6","26.83","36.6","26.1","44.8","71.7","23.4","","266.9","9.26","14.63","0.24","24.0","47.6","90.1","0.106","0.378","3.6"
"Luxilon Big Banger XP 15L (1.38)","51","Fast","Polyester","1.38","1.38","1.8","2.4","3.6","26.81","34.5","31.2","56.7","83.3","32.5","","236.6","9.26","14.65","0.44","24.3","48","84.5","0.106","0.378","3.6"
"Luxilon Big Banger XP 15L (1.38)","40","Slow","Polyester","1.38","1.38","1.8","2.4","3.6","17.62","44.3","21.9","30.2","47.8","13.1","","256.0","4.81","17.26","-0.20","21.8","55.1","92.4","0.106","0.378","3.6"
"Luxilon Big Banger XP 15L (1.38)","40","Medium","Polyester","1.38","1.38","1.8","2.4","3.6","18.17","39.2","28.1","46.5","64.6","22.7","","240.0","4.81","16.71","0.31","21.8","55","85.7","0.106","0.378","3.6"
"Luxilon Big Banger XP 15L (1.38)","40","Fast","Polyester","1.38","1.38","1.8","2.4","3.6","18.15","37.0","33.3","57.1","75.2","31.3","","209.7","4.81","16.73","0.40","21.8","55.3","81.4","0.106","0.378","3.6"
"Tourna Big Hitter 16","62","Slow","Polyester","1.3","1.33","1.5","2.4","3.3","40.33","37.3","17.9","24.0","64.4","14.4","","305.2","8.40","13.01","-0.24","21.2","34.3","98.0","NA","NA","NA"
"Tourna Big Hitter 16","62","Medium","Polyester","1.3","1.33","1.5","2.4","3.3","40.73","34.0","24.0","41.0","81.8","24.6","","288.0","8.40","12.61","0.18","21.2","34.3","92.7","NA","NA","NA"
"Tourna Big Hitter 16","62","Fast","Polyester","1.3","1.33","1.5","2.4","3.3","40.68","32.3","29.0","52.9","93.5","33.9","","254.9","8.40","12.66","0.55","21.6","35","88.2","NA","NA","NA"
"Tourna Big Hitter 16","51","Slow","Polyester","1.3","1.33","1.5","2.4","3.3","30.63","39.9","19.1","25.8","56.4","13.5","","286.3","7.63","12.46","-0.17","19.8","39.3","95.3","NA","NA","NA"
"Tourna Big Hitter 16","51","Medium","Polyester","1.3","1.33","1.5","2.4","3.3","31.02","36.2","26.0","42.6","73.6","23.9","","256.0","7.63","12.07","0.19","19.8","39.2","89.7","NA","NA","NA"
"Tourna Big Hitter 16","51","Fast","Polyester","1.3","1.33","1.5","2.4","3.3","30.98","34.3","31.0","53.4","84.2","32.7","","225.7","7.63","12.11","0.44","20.1","39.8","86.3","NA","NA","NA"
"Tourna Big Hitter 16","40","Slow","Polyester","1.3","1.33","1.5","2.4","3.3","21.34","43.4","20.9","28.7","50.1","13.1","","266.9","5.07","13.28","-0.16","18.1","45.8","91.2","NA","NA","NA"
"Tourna Big Hitter 16","40","Medium","Polyester","1.3","1.33","1.5","2.4","3.3","21.74","38.7","28.0","44.3","66.2","23.2","","230.3","5.07","12.88","0.31","18.3","46","86.3","NA","NA","NA"
"Tourna Big Hitter 16","40","Fast","Polyester","1.3","1.33","1.5","2.4","3.3","21.74","36.5","32.8","55.6","77.4","31.8","","209.7","5.07","12.88","0.48","18.5","46.4","82.3","NA","NA","NA"
"Tourna Big HItter Black 7 16 (1.25)","51","Fast","Polyester","1.25","1.31","1.5","9.1","3.3","38.59","33.2","30.6","51.6","90.2","34.5","16.6","222.9","3.06","9.07","0.22","12.3","24.3","88.9","0.109","0.608","5.6"
"Tourna Big Hitter Black 7 17","40","Slow","Polyester","1.23","NA","2.1","3.3","4.8","20.95","45.4","22.0","23.8","44.8","12.3","6.4","200.0","4.63","14.11","-0.33","18.5","46.4","94.1","0.088","0.552","6.3"
"Tourna Big Hitter Black 7 17","40","Medium","Polyester","1.23","NA","2.1","3.3","4.8","21.63","40.5","29.1","36.8","58.4","21.3","10.5","176.0","4.63","13.43","0.26","18.3","46.2","87.8","0.088","0.552","6.3"
"Tourna Big Hitter Black 7 17","40","Fast","Polyester","1.23","NA","2.1","3.3","4.8","21.59","38.4","34.1","45.2","66.8","28.4","14.0","158.3","4.63","13.47","0.42","18.5","46.7","81.5","0.088","0.552","6.3"
"Tourna Big Hitter Black 7 17","51","Slow","Polyester","1.23","NA","2.1","3.3","4.8","29.00","41.9","20.0","22.5","51.6","12.9","7.0","229.7","4.96","16.76","-0.26","21.4","42.3","96.0","0.088","0.552","6.3"
"Tourna Big Hitter Black 7 17","51","Medium","Polyester","1.23","NA","2.1","3.3","4.8","29.48","38.0","27.2","35.7","65.3","22.2","11.3","196.0","4.96","16.28","0.22","21.4","42.3","90.2","0.088","0.552","6.3"
"Tourna Big Hitter Black 7 17","51","Fast","Polyester","1.23","NA","2.1","3.3","4.8","29.50","36.0","32.1","44.3","73.9","29.6","15.1","175.5","4.96","16.26","0.57","21.8","43","86.3","0.088","0.552","6.3"
"Tourna Big Hitter Black 7 17","62","Slow","Polyester","1.23","NA","2.1","3.3","4.8","33.69","40.1","19.1","21.8","55.6","13.3","7.2","244.0","6.88","21.17","-0.33","27.8","44.9","96.6","0.088","0.552","6.3"
"Tourna Big Hitter Black 7 17","62","Medium","Polyester","1.23","NA","2.1","3.3","4.8","34.33","36.4","26.0","35.7","70.1","22.8","11.8","214.9","6.88","20.53","0.20","27.6","44.7","94.9","0.088","0.552","6.3"
"Tourna Big Hitter Black 7 17","62","Fast","Polyester","1.23","NA","2.1","3.3","4.8","34.31","34.6","31.1","45.4","79.8","31.0","15.9","191.5","6.88","20.55","0.51","28.0","45.3","88.5","0.088","0.552","6.3"
"Tourna Big Hitter Blue 16","62","Slow","Polyester","1.3","1.31","1.5","2.4","3.3","40.53","37.2","17.9","24.5","65.0","14.6","","309.8","8.62","12.59","-0.37","20.9","33.8","97.0","NA","NA","NA"
"Tourna Big Hitter Blue 16","62","Medium","Polyester","1.3","1.31","1.5","2.4","3.3","41.15","33.9","24.0","41.2","82.2","24.7","","289.8","8.62","11.97","0.20","20.7","33.7","92.2","NA","NA","NA"
"Tourna Big Hitter Blue 16","62","Fast","Polyester","1.3","1.31","1.5","2.4","3.3","41.08","32.3","29.0","52.7","93.7","34.0","","254.9","8.62","12.04","0.55","21.2","34.4","88.7","NA","NA","NA"
"Tourna Big Hitter Blue 16","51","Slow","Polyester","1.3","1.31","1.5","2.4","3.3","31.88","40.0","19.0","25.8","57.8","13.7","","290.9","6.84","12.00","-0.14","18.7","36.9","94.3","NA","NA","NA"
"Tourna Big Hitter Blue 16","51","Medium","Polyester","1.3","1.31","1.5","2.4","3.3","32.19","36.1","26.0","42.1","74.3","24.1","","252.6","6.84","11.69","0.20","18.7","36.9","89.1","NA","NA","NA"
"Tourna Big Hitter Blue 16","51","Fast","Polyester","1.3","1.31","1.5","2.4","3.3","32.15","34.2","30.8","52.7","84.9","32.7","","226.3","6.84","11.73","0.35","19.0","37.3","85.7","NA","NA","NA"
"Tourna Big Hitter Blue 16","40","Slow","Polyester","1.3","1.31","1.5","2.4","3.3","21.65","43.5","21.0","28.7","50.3","13.2","","264.0","5.27","12.77","-0.09","17.9","45.2","92.9","NA","NA","NA"
"Tourna Big Hitter Blue 16","40","Medium","Polyester","1.3","1.31","1.5","2.4","3.3","22.01","38.7","28.0","45.0","67.0","23.4","","233.2","5.27","12.41","0.22","17.9","45.1","88.0","NA","NA","NA"
"Tourna Big Hitter Blue 16","40","Fast","Polyester","1.3","1.31","1.5","2.4","3.3","22.01","36.4","33.0","55.6","77.6","32.0","","208.0","5.27","12.41","0.40","18.1","45.6","83.7","NA","NA","NA"
"Tourna Big Hitter Blue 17","62","Slow","Polyester","1.25","1.26","1.8","2.4","3.3","41.56","37.8","18.0","22.9","64.4","14.5","","286.9","7.45","12.73","-0.27","19.8","32.3","96.8","0.092","0.452","4.9"
"Tourna Big Hitter Blue 17","62","Medium","Polyester","1.25","1.26","1.8","2.4","3.3","42.03","34.4","24.4","39.7","81.8","24.9","","272.0","7.45","12.26","0.13","19.8","32.1","92.7","0.092","0.452","4.9"
"Tourna Big Hitter Blue 17","62","Fast","Polyester","1.25","1.26","1.8","2.4","3.3","42.03","32.7","29.5","50.9","93.1","34.2","","238.3","7.45","12.26","0.69","20.3","33","88.7","0.092","0.452","4.9"
"Tourna Big Hitter Blue 17","51","Slow","Polyester","1.25","1.26","1.8","2.4","3.3","32.48","40.5","19.6","25.1","57.6","14.1","","263.5","6.37","11.87","-0.11","18.1","35.7","95.3","0.092","0.452","4.9"
"Tourna Big Hitter Blue 17","51","Medium","Polyester","1.25","1.26","1.8","2.4","3.3","32.81","36.5","26.1","41.7","74.5","24.3","","249.7","6.37","11.54","0.15","18.1","35.6","90.8","0.092","0.452","4.9"
"Tourna Big Hitter Blue 17","51","Fast","Polyester","1.25","1.26","1.8","2.4","3.3","32.83","34.4","31.0","52.7","85.6","33.1","","222.3","6.37","11.52","0.55","18.5","36.3","87.2","0.092","0.452","4.9"
"Tourna Big Hitter Blue 17","40","Slow","Polyester","1.25","1.26","1.8","2.4","3.3","22.23","43.8","21.0","28.0","50.3","13.2","","257.7","5.40","12.06","-0.08","17.4","43.8","92.4","0.092","0.452","4.9"
"Tourna Big Hitter Blue 17","40","Medium","Polyester","1.25","1.26","1.8","2.4","3.3","22.65","38.9","28.0","44.5","67.3","23.6","","230.9","5.40","11.64","0.36","17.4","43.8","87.6","0.092","0.452","4.9"
"Tourna Big Hitter Blue 17","40","Fast","Polyester","1.25","1.26","1.8","2.4","3.3","22.58","36.6","33.0","55.8","78.3","32.3","","208.0","5.40","11.71","0.35","17.4","44","85.9","0.092","0.452","4.9"
"Tourna Big Hitter Blue Rough 16","62","Slow","Polyester","1.3","1.27","2.4","3.6","4.8","41.70","37.3","18.0","22.7","64.4","14.4","","286.3","7.76","12.28","-0.39","19.6","31.8","96.2","0.117","0.394","3.4"
"Tourna Big Hitter Blue Rough 16","62","Medium","Polyester","1.3","1.27","2.4","3.6","4.8","42.38","33.9","24.1","40.1","82.5","24.8","","281.8","7.76","11.60","0.13","19.4","31.6","93.5","0.117","0.394","3.4"
"Tourna Big Hitter Blue Rough 16","62","Fast","Polyester","1.3","1.27","2.4","3.6","4.8","42.34","32.1","29.0","51.8","94.4","34.2","","250.9","7.76","11.64","0.47","19.8","32.2","91.8","0.117","0.394","3.4"
"Tourna Big Hitter Blue Rough 16","51","Slow","Polyester","1.3","1.27","2.4","3.6","4.8","29.99","40.7","19.9","24.7","54.7","13.6","","255.5","8.03","12.70","-0.33","20.3","40.2","94.1","0.117","0.394","3.4"
"Tourna Big Hitter Blue Rough 16","51","Medium","Polyester","1.3","1.27","2.4","3.6","4.8","30.47","36.5","26.1","41.2","71.7","23.4","","246.3","8.03","12.22","0.20","20.5","40.3","91.4","0.117","0.394","3.4"
"Tourna Big Hitter Blue Rough 16","51","Fast","Polyester","1.3","1.27","2.4","3.6","4.8","30.45","34.5","31.3","53.6","84.0","32.9","","222.3","8.03","12.24","0.29","20.5","40.5","86.7","0.117","0.394","3.4"
"Tourna Big Hitter Blue Rough 16","40","Slow","Polyester","1.3","1.27","2.4","3.6","4.8","17.82","45.8","22.0","27.8","45.6","12.6","","233.7","6.50","15.37","-0.24","21.6","54.5","92.0","0.117","0.394","3.4"
"Tourna Big Hitter Blue Rough 16","40","Medium","Polyester","1.3","1.27","2.4","3.6","4.8","18.39","40.5","29.4","43.7","62.0","22.8","","204.6","6.50","14.80","0.33","21.6","54.5","85.9","0.117","0.394","3.4"
"Tourna Big Hitter Blue Rough 16","40","Fast","Polyester","1.3","1.27","2.4","3.6","4.8","18.37","37.8","34.0","54.7","73.2","31.1","","192.0","6.50","14.82","0.38","21.6","54.7","80.6","0.117","0.394","3.4"
"Tourna Big Hitter Blue Rough 17","62","Slow","Polyester","1.25","1.23","2.4","3.9","4.8","39.93","38.1","18.0","22.7","62.6","14.1","","285.8","9.17","12.64","-0.29","21.6","34.9","94.7","0.128","0.412","3.2"
"Tourna Big Hitter Blue Rough 17","62","Medium","Polyester","1.25","1.23","2.4","3.9","4.8","40.55","34.4","24.7","39.9","80.5","24.9","","265.2","9.17","12.02","0.15","21.4","34.6","93.5","0.128","0.412","3.2"
"Tourna Big Hitter Blue Rough 17","62","Fast","Polyester","1.25","1.23","2.4","3.9","4.8","40.55","32.5","29.9","52.5","93.1","34.7","","239.5","9.17","12.02","0.49","21.6","35.1","89.1","0.128","0.412","3.2"
"Tourna Big Hitter Blue Rough 17","51","Slow","Polyester","1.25","1.23","2.4","3.9","4.8","28.47","41.6","20.0","26.0","54.5","13.6","","263.5","8.25","14.00","-0.28","22.1","43.3","93.5","0.128","0.412","3.2"
"Tourna Big Hitter Blue Rough 17","51","Medium","Polyester","1.25","1.23","2.4","3.9","4.8","29.02","37.3","27.0","41.7","70.8","23.8","","233.2","8.25","13.45","0.24","21.8","43.3","90.4","0.128","0.412","3.2"
"Tourna Big Hitter Blue Rough 17","51","Fast","Polyester","1.25","1.23","2.4","3.9","4.8","29.00","35.0","32.0","52.9","81.8","32.8","","209.7","8.25","13.47","0.49","22.3","43.8","85.0","0.128","0.412","3.2"
"Tourna Big Hitter Blue Rough 17","40","Slow","Polyester","1.25","1.23","2.4","3.9","4.8","15.77","47.2","23.0","27.6","43.2","12.4","","210.9","7.36","16.56","-0.24","23.6","59.7","90.6","0.128","0.412","3.2"
"Tourna Big Hitter Blue Rough 17","40","Medium","Polyester","1.25","1.23","2.4","3.9","4.8","16.32","41.8","30.0","42.1","58.4","21.9","","190.3","7.36","16.01","0.36","23.8","59.8","84.1","0.128","0.412","3.2"
"Tourna Big Hitter Blue Rough 17","40","Fast","Polyester","1.25","1.23","2.4","3.9","4.8","16.29","39.2","35.0","53.4","69.7","30.4","","176.6","7.36","16.04","0.52","23.8","60.3","80.1","0.128","0.412","3.2"
"Tourna Big HItter Silver 16","51","Fast","Polyester","1.25","1.27","2.4","8.5","7.9","37.60","33.7","31.0","49.6","87.1","33.8","16.3","209.2","3.13","9.99","0.23","13.2","26.3","88.0","0.075","0.507","6.8"
"Tourna Big Hitter Silver 17","62","Slow","Polyester","1.25","1.27","2.1","3.3","4.5","33.87","40.7","19.8","23.2","56.9","14.1","","239.5","9.64","18.23","-0.20","27.8","44.8","97.0","0.083","0.446","5.4"
"Tourna Big Hitter Silver 17","62","Medium","Polyester","1.25","1.27","2.1","3.3","4.5","34.31","36.9","26.7","37.7","71.9","24.0","","214.9","9.64","17.79","0.26","27.8","44.9","90.4","0.083","0.446","5.4"
"Tourna Big Hitter Silver 17","62","Fast","Polyester","1.25","1.27","2.1","3.3","4.5","34.29","35.0","31.9","48.1","82.2","32.8","","192.0","9.64","17.81","0.66","28.2","45.5","85.9","0.083","0.446","5.4"
"Tourna Big Hitter Silver 17","51","Slow","Polyester","1.25","1.27","2.1","3.3","4.5","28.27","42.5","20.1","24.0","52.3","13.1","","242.3","7.32","15.13","-0.22","22.3","43.8","95.5","0.083","0.446","5.4"
"Tourna Big Hitter Silver 17","51","Medium","Polyester","1.25","1.27","2.1","3.3","4.5","28.73","38.4","27.9","38.6","67.3","23.5","","201.2","7.32","14.67","0.33","22.3","44","89.9","0.083","0.446","5.4"
"Tourna Big Hitter Silver 17","51","Fast","Polyester","1.25","1.27","2.1","3.3","4.5","28.73","36.3","32.5","48.3","77.2","31.3","","185.7","7.32","14.67","0.33","22.3","44","85.6","0.083","0.446","5.4"
"Tourna Big Hitter Silver 17","40","Slow","Polyester","1.25","1.27","2.1","3.3","4.5","19.43","46.3","22.2","25.6","45.2","12.5","","211.5","5.98","14.28","-0.11","20.1","50.8","91.8","0.083","0.446","5.4"
"Tourna Big Hitter Silver 17","40","Medium","Polyester","1.25","1.27","2.1","3.3","4.5","19.40","41.4","30.0","40.1","59.5","22.3","","181.2","5.98","14.31","0.00","20.3","51.1","86.7","0.083","0.446","5.4"
"Tourna Big Hitter Silver 17","40","Fast","Polyester","1.25","1.27","2.1","3.3","4.5","19.69","38.9","34.9","50.3","69.9","30.5","","167.4","5.98","14.02","0.51","20.5","51.7","82.6","0.083","0.446","5.4"
"Tourna Big Hitter Silver 7 Tour 16 (1.30)","51","Fast","Polyester","1.3","1.28","2.1","8.2","5.2","41.45","32.3","30.0","52.7","94.2","35.3","17.0","238.3","2.87","6.40","0.19","9.5","18.7","90.1","NA","NA","NA"
"Tourna Big Hitter Silver Rough 16","62","Slow","Polyester","1.3","1.29","2.1","3.9","5.2","39.84","37.8","18.0","22.5","62.2","14.0","","281.8","9.48","12.42","-0.40","21.6","34.8","98.2","0.1","0.453","4.5"
"Tourna Big Hitter Silver Rough 16","62","Medium","Polyester","1.3","1.29","2.1","3.9","5.2","40.44","34.3","24.4","39.2","79.8","24.3","","269.2","9.48","11.82","0.18","21.4","34.8","93.1","0.1","0.453","4.5"
"Tourna Big Hitter Silver Rough 16","62","Fast","Polyester","1.3","1.29","2.1","3.9","5.2","40.40","32.6","29.6","50.9","91.3","33.7","","236.6","9.48","11.86","0.38","21.8","35.2","88.9","0.1","0.453","4.5"
"Tourna Big Hitter Silver Rough 16","51","Slow","Polyester","1.3","1.29","2.1","3.9","5.2","27.96","41.6","20.0","24.9","52.9","13.2","","253.7","8.05","14.71","-0.15","22.5","44.6","94.3","0.1","0.453","4.5"
"Tourna Big Hitter Silver Rough 16","51","Medium","Polyester","1.3","1.29","2.1","3.9","5.2","28.42","37.4","27.0","41.0","69.5","23.4","","229.7","8.05","14.25","0.20","22.5","44.3","91.2","0.1","0.453","4.5"
"Tourna Big Hitter Silver Rough 16","51","Fast","Polyester","1.3","1.29","2.1","3.9","5.2","28.44","35.3","32.0","52.0","80.5","32.2","","206.3","8.05","14.23","0.52","22.7","45","86.1","0.1","0.453","4.5"
"Tourna Big Hitter Silver Rough 16","40","Slow","Polyester","1.3","1.29","2.1","3.9","5.2","16.54","46.7","22.3","26.7","43.2","12.1","","218.9","6.06","17.09","-0.24","22.9","57.7","90.6","0.1","0.453","4.5"
"Tourna Big Hitter Silver Rough 16","40","Medium","Polyester","1.3","1.29","2.1","3.9","5.2","17.15","41.5","30.0","41.2","58.4","21.9","","186.3","6.06","16.48","0.28","22.7","57.5","83.9","0.1","0.453","4.5"
"Tourna Big Hitter Silver Rough 16","40","Fast","Polyester","1.3","1.29","2.1","3.9","5.2","17.13","39.0","35.0","51.2","68.4","29.9","","170.3","6.06","16.50","0.46","22.9","58","79.4","0.1","0.453","4.5"
"Tourna Big Hitter Silver Rough 17","62","Slow","Polyester","1.25","1.22","3.0","4.2","5.2","38.17","38.7","18.1","22.1","60.2","13.6","","273.7","8.82","14.75","-0.22","23.4","37.8","98.0","0.102","0.423","4.1"
"Tourna Big Hitter Silver Rough 17","62","Medium","Polyester","1.25","1.22","3.0","4.2","5.2","38.50","35.1","25.1","37.9","76.5","24.0","","244.0","8.82","14.42","0.18","23.4","37.9","94.1","0.102","0.423","4.1"
"Tourna Big Hitter Silver Rough 17","62","Fast","Polyester","1.25","1.22","3.0","4.2","5.2","38.46","33.3","30.0","48.3","86.7","32.5","","217.7","8.82","14.46","0.51","23.8","38.5","89.1","0.102","0.423","4.1"
"Tourna Big Hitter Silver Rough 17","51","Slow","Polyester","1.25","1.22","3.0","4.2","5.2","29.15","41.5","20.0","23.8","52.9","13.2","","241.7","7.72","13.85","-0.35","21.2","41.8","95.1","0.102","0.423","4.1"
"Tourna Big Hitter Silver Rough 17","51","Medium","Polyester","1.25","1.22","3.0","4.2","5.2","29.83","37.4","27.0","39.0","69.0","23.3","","217.7","7.72","13.17","0.19","21.2","41.6","91.0","0.102","0.423","4.1"
"Tourna Big Hitter Silver Rough 17","51","Fast","Polyester","1.25","1.22","3.0","4.2","5.2","29.86","35.2","32.0","49.6","79.4","31.8","","197.2","7.72","13.14","0.49","21.4","42.1","85.7","0.102","0.423","4.1"
"Tourna Big Hitter Silver Rough 17","40","Slow","Polyester","1.25","1.22","3.0","4.2","5.2","18.30","46.4","22.6","25.6","43.9","12.4","","202.9","6.17","15.22","-0.11","21.2","53.6","92.5","0.102","0.423","4.1"
"Tourna Big Hitter Silver Rough 17","40","Medium","Polyester","1.25","1.22","3.0","4.2","5.2","18.70","41.3","29.9","40.4","58.9","22.1","","182.9","6.17","14.82","0.18","21.2","53.3","86.5","0.102","0.423","4.1"
"Tourna Big Hitter Silver Rough 17","40","Fast","Polyester","1.25","1.22","3.0","4.2","5.2","18.72","38.5","34.9","50.7","69.5","30.3","","169.7","6.17","14.80","0.44","21.4","53.9","82.1","0.102","0.423","4.1"
"Weiss Cannon Black 5 Edge 17 (1.24)","40","Slow","Polyester","1.24","NA","2.1","3.3","4.5","17.09","46.2","22.0","27.6","44.5","12.3","6.0","229.7","7.39","15.21","0.00","22.5","56.9","92.4","0.095","0.448","4.7"
"Weiss Cannon Black 5 Edge 17 (1.24)","40","Medium","Polyester","1.24","NA","2.1","3.3","4.5","17.57","40.7","30.0","43.0","60.6","22.7","10.6","194.9","7.39","14.73","0.37","22.5","56.7","85.6","0.095","0.448","4.7"
"Weiss Cannon Black 5 Edge 17 (1.24)","40","Fast","Polyester","1.24","NA","2.1","3.3","4.5","17.53","38.1","34.7","53.8","71.2","30.9","14.1","181.7","7.39","14.77","0.44","22.5","56.9","82.6","0.095","0.448","4.7"
"Weiss Cannon Black 5 Edge 17 (1.24)","51","Slow","Polyester","1.24","NA","2.1","3.3","4.5","34.11","39.6","18.9","23.2","57.3","13.5","7.3","265.2","5.29","11.32","-0.18","16.3","32.4","95.8","0.095","0.448","4.7"
"Weiss Cannon Black 5 Edge 17 (1.24)","51","Medium","Polyester","1.24","NA","2.1","3.3","4.5","34.53","35.5","26.0","39.7","74.3","24.1","12.3","238.9","5.29","10.90","0.13","16.3","32.2","92.2","0.095","0.448","4.7"
"Weiss Cannon Black 5 Edge 17 (1.24)","51","Fast","Polyester","1.24","NA","2.1","3.3","4.5","34.53","33.7","30.9","50.7","85.1","32.9","16.8","215.5","5.29","10.90","0.46","16.8","32.8","89.7","0.095","0.448","4.7"
"Weiss Cannon Black 5 Edge 17 (1.24)","62","Slow","Polyester","1.24","NA","2.1","3.3","4.5","45.09","36.6","17.1","20.9","65.9","14.1","7.9","288.6","5.05","11.60","-0.18","16.5","26.7","99.2","0.095","0.448","4.7"
"Weiss Cannon Black 5 Edge 17 (1.24)","62","Medium","Polyester","1.24","NA","2.1","3.3","4.5","45.40","33.3","24.0","37.5","82.9","24.9","13.1","265.2","5.05","11.29","0.13","16.5","26.7","93.5","0.095","0.448","4.7"
"Weiss Cannon Black 5 Edge 17 (1.24)","62","Fast","Polyester","1.24","NA","2.1","3.3","4.5","45.38","31.7","29.0","48.7","94.2","34.1","17.1","235.5","5.05","11.31","0.44","16.8","27.2","90.2","0.095","0.448","4.7"
"Tecnifibre Black Code 15L (1.32)","51","Fast","Polyester","1.32","NA","2.4","1.8","4.5","35.94","33.9","31.6","51.8","87.8","34.7","16.2","210.3","3.92","10.86","0.20","15.0","29.5","87.6","0.094","0.578","6.1"
"Tecnifibre Black Code 16","62","Slow","Polyester","1.28","1.31","1.5","2.4","2.7","42.53","36.5","17.6","23.8","66.4","14.6","","313.2","8.18","11.03","-0.16","19.0","30.9","96.4","NA","NA","NA"
"Tecnifibre Black Code 16","62","Medium","Polyester","1.28","1.31","1.5","2.4","2.7","42.82","33.3","24.0","41.9","84.9","25.4","","296.0","8.18","10.74","0.22","19.2","31","93.9","NA","NA","NA"
"Tecnifibre Black Code 16","62","Fast","Polyester","1.28","1.31","1.5","2.4","2.7","42.78","31.6","28.2","54.0","96.8","34.1","","276.6","8.18","10.78","0.44","19.4","31.4","89.5","NA","NA","NA"
"Tecnifibre Black Code 16","51","Slow","Polyester","1.28","1.31","1.5","2.4","2.7","31.84","39.5","19.0","25.6","57.3","13.6","","288.0","7.10","11.78","-0.20","18.7","36.8","92.5","NA","NA","NA"
"Tecnifibre Black Code 16","51","Medium","Polyester","1.28","1.31","1.5","2.4","2.7","32.26","35.6","25.9","43.7","75.9","24.6","","264.6","7.10","11.36","0.29","18.7","37","89.5","NA","NA","NA"
"Tecnifibre Black Code 16","51","Fast","Polyester","1.28","1.31","1.5","2.4","2.7","32.19","33.6","30.1","55.8","88.0","33.1","","249.7","7.10","11.43","0.42","19.0","37.3","87.4","NA","NA","NA"
"Tecnifibre Black Code 16","40","Slow","Polyester","1.28","1.31","1.5","2.4","2.7","21.70","43.2","21.0","28.4","50.1","13.2","","261.7","5.25","12.74","-0.09","17.9","45.1","94.7","NA","NA","NA"
"Tecnifibre Black Code 16","40","Medium","Polyester","1.28","1.31","1.5","2.4","2.7","22.01","38.4","28.0","45.4","67.5","23.6","","235.5","5.25","12.43","0.22","17.9","45.1","87.6","NA","NA","NA"
"Tecnifibre Black Code 16","40","Fast","Polyester","1.28","1.31","1.5","2.4","2.7","22.05","36.0","32.6","57.8","79.8","32.5","","221.2","5.25","12.39","0.55","18.1","45.8","85.4","NA","NA","NA"
"Tecnifibre Black Code 17","62","Slow","Polyester","1.24","1.26","1.5","2.4","2.7","42.20","36.6","17.2","24.3","66.4","14.2","","334.9","8.27","11.27","-0.03","19.6","31.6","97.2","0.118","0.5","4.2"
"Tecnifibre Black Code 17","62","Medium","Polyester","1.24","1.26","1.5","2.4","2.7","42.20","33.3","23.0","42.3","84.5","24.3","","324.6","8.27","11.27","0.13","19.6","31.9","93.9","0.118","0.5","4.2"
"Tecnifibre Black Code 17","62","Fast","Polyester","1.24","1.26","1.5","2.4","2.7","42.12","31.7","28.6","54.2","96.4","34.4","","270.9","8.27","11.35","0.47","20.1","32.5","90.2","0.118","0.5","4.2"
"Tecnifibre Black Code 17","51","Slow","Polyester","1.24","1.26","1.5","2.4","2.7","30.41","40.4","19.3","25.6","56.0","13.5","","278.9","7.36","12.95","-0.17","20.1","39.7","95.8","0.118","0.5","4.2"
"Tecnifibre Black Code 17","51","Medium","Polyester","1.24","1.26","1.5","2.4","2.7","30.85","36.2","26.0","42.8","73.6","23.9","","256.6","7.36","12.51","0.29","20.1","39.7","89.5","0.118","0.5","4.2"
"Tecnifibre Black Code 17","51","Fast","Polyester","1.24","1.26","1.5","2.4","2.7","30.83","34.1","31.0","55.8","86.7","33.6","","236.0","7.36","12.53","0.51","20.3","40.2","87.0","0.118","0.5","4.2"
"Tecnifibre Black Code 17","40","Slow","Polyester","1.24","1.26","1.5","2.4","2.7","20.04","44.3","21.6","28.9","49.0","13.2","","250.9","5.80","13.85","-0.05","19.6","49.4","93.1","0.118","0.5","4.2"
"Tecnifibre Black Code 17","40","Medium","Polyester","1.24","1.26","1.5","2.4","2.7","20.31","39.4","28.2","44.5","65.0","22.9","","228.6","5.80","13.58","0.35","19.6","49.7","85.9","0.118","0.5","4.2"
"Tecnifibre Black Code 17","40","Fast","Polyester","1.24","1.26","1.5","2.4","2.7","20.26","36.9","33.4","57.1","77.4","32.2","","208.6","5.80","13.63","0.42","19.8","50","82.6","0.118","0.5","4.2"
"Tecnifibre Black Code 18","62","Slow","Polyester","1.18","1.19","2.4","3.0","3.9","39.23","38.4","18.0","22.3","61.5","13.9","","280.0","8.14","14.37","-0.22","22.3","36.1","94.5","0.104","0.474","4.6"
"Tecnifibre Black Code 18","62","Medium","Polyester","1.18","1.19","2.4","3.0","3.9","39.65","34.9","25.0","37.9","77.6","24.3","","247.5","8.14","13.95","0.18","22.3","36.1","92.2","0.104","0.474","4.6"
"Tecnifibre Black Code 18","62","Fast","Polyester","1.18","1.19","2.4","3.0","3.9","39.65","33.0","30.0","50.1","89.7","33.6","","225.7","8.14","13.95","0.51","22.5","36.6","88.5","0.104","0.474","4.6"
"Tecnifibre Black Code 18","51","Slow","Polyester","1.18","1.19","2.4","3.0","3.9","30.10","41.2","20.0","23.6","53.8","13.4","","240.6","7.50","13.12","-0.13","20.5","40.4","93.5","0.104","0.474","4.6"
"Tecnifibre Black Code 18","51","Medium","Polyester","1.18","1.19","2.4","3.0","3.9","30.50","37.1","26.5","39.2","69.9","23.1","","228.0","7.50","12.72","0.29","20.5","40.4","90.4","0.104","0.474","4.6"
"Tecnifibre Black Code 18","51","Fast","Polyester","1.18","1.19","2.4","3.0","3.9","30.47","35.0","32.0","50.9","81.4","32.5","","202.9","7.50","12.75","0.37","20.7","40.7","87.4","0.104","0.474","4.6"
"Tecnifibre Black Code 18","40","Slow","Polyester","1.18","1.19","2.4","3.0","3.9","19.38","45.6","22.0","26.0","45.4","12.5","","219.5","6.24","14.07","-0.02","20.3","51.1","92.7","0.104","0.474","4.6"
"Tecnifibre Black Code 18","40","Medium","Polyester","1.18","1.19","2.4","3.0","3.9","19.76","40.6","29.3","41.5","61.3","22.4","","196.6","6.24","13.69","0.40","20.3","51.2","87.0","0.104","0.474","4.6"
"Tecnifibre Black Code 18","40","Fast","Polyester","1.18","1.19","2.4","3.0","3.9","19.76","37.9","34.1","51.8","71.7","30.5","","181.7","6.24","13.69","0.40","20.3","51.2","81.2","0.104","0.474","4.6"
"Tecnifibre Black Code 4S 16 (1.30)","51","Fast","Polyester","1.3","1.26","2.4","7.6","2.7","38.04","32.9","30.2","54.7","92.6","35.0","16.7","242.9","3.75","8.93","0.27","13.0","25.5","89.5","0.073","0.674","9.2"
"Tecnifibre Black Code 4S 17 (1.25)","40","Slow","Polyester","1.25","NA","2.1","3.3","3.9","20.48","46.6","23.0","27.8","48.3","13.9","6.3","214.3","5.91","13.30","-0.27","19.0","47.7","91.4","0.067","0.658","9.8"
"Tecnifibre Black Code 4S 17 (1.25)","40","Medium","Polyester","1.25","NA","2.1","3.3","3.9","21.17","40.2","30.0","44.8","65.9","24.8","11.2","201.7","5.91","12.61","0.38","19.0","47.6","90.2","0.067","0.658","9.8"
"Tecnifibre Black Code 4S 17 (1.25)","40","Fast","Polyester","1.25","NA","2.1","3.3","3.9","21.06","37.5","35.0","56.4","77.6","34.0","14.9","186.9","5.91","12.72","0.44","19.0","48.1","84.3","0.067","0.658","9.8"
"Tecnifibre Black Code 4S 17 (1.25)","51","Slow","Polyester","1.25","NA","2.1","3.3","3.9","36.18","41.2","20.0","23.6","59.8","14.9","7.2","239.5","4.85","9.69","-0.38","14.1","27.9","98.0","0.067","0.658","9.8"
"Tecnifibre Black Code 4S 17 (1.25)","51","Medium","Polyester","1.25","NA","2.1","3.3","3.9","36.87","36.3","27.0","41.5","78.3","26.4","13.1","230.9","4.85","9.00","0.16","14.1","27.6","93.1","0.067","0.658","9.8"
"Tecnifibre Black Code 4S 17 (1.25)","51","Fast","Polyester","1.25","NA","2.1","3.3","3.9","36.82","34.0","31.9","52.5","89.3","35.7","17.0","209.2","4.85","9.05","0.48","14.3","28.3","88.9","0.067","0.658","9.8"
"Tecnifibre Black Code 4S 17 (1.25)","62","Slow","Polyester","1.25","NA","2.1","3.3","3.9","47.72","38.2","18.4","21.2","68.8","15.8","7.9","254.3","4.19","9.83","-0.22","13.9","22.4","95.8","0.067","0.658","9.8"
"Tecnifibre Black Code 4S 17 (1.25)","62","Medium","Polyester","1.25","NA","2.1","3.3","3.9","47.91","34.2","26.6","38.4","86.4","28.7","13.7","220.0","4.19","9.64","0.08","13.9","22.5","95.3","0.067","0.658","9.8"
"Tecnifibre Black Code 4S 17 (1.25)","62","Fast","Polyester","1.25","NA","2.1","3.3","3.9","47.85","32.3","30.0","50.3","98.1","36.8","19.5","227.5","4.19","9.70","0.38","14.3","23.1","92.2","0.067","0.658","9.8"
"Tecnifibre Black Code 4S 18 (1.20)","51","Fast","Polyester","1.2","NA","2.7","2.4","3.9","38.04","33.5","31.0","49.6","87.8","34.0","16.4","210.3","3.64","9.04","0.22","13.0","25.4","88.4","0.087","0.532","6.1"
"Alien Black Diamond 16","62","Slow","Polyester","1.3","1.31","3.0","5.2","5.8","33.08","39.7","19.0","24.5","57.6","13.7","","274.3","10.61","18.05","-0.50","28.2","45.6","95.6","0.1","0.453","4.5"
"Alien Black Diamond 16","62","Medium","Polyester","1.3","1.31","3.0","5.2","5.8","34.00","35.8","26.0","39.7","73.9","23.9","","239.5","10.61","17.13","0.24","28.0","45.3","91.4","0.1","0.453","4.5"
"Alien Black Diamond 16","62","Fast","Polyester","1.3","1.31","3.0","5.2","5.8","34.00","34.0","30.3","50.5","84.7","32.1","","223.5","10.61","17.13","0.55","28.2","45.8","87.8","0.1","0.453","4.5"
"Alien Black Diamond 16","51","Slow","Polyester","1.3","1.31","3.0","5.2","5.8","24.81","43.0","20.2","25.8","50.5","12.7","","256.6","8.40","17.51","-0.17","25.8","50.7","94.5","0.1","0.453","4.5"
"Alien Black Diamond 16","51","Medium","Polyester","1.3","1.31","3.0","5.2","5.8","25.42","38.6","27.9","39.9","65.3","22.8","","207.5","8.40","16.90","0.33","25.6","50.5","88.5","0.1","0.453","4.5"
"Alien Black Diamond 16","51","Fast","Polyester","1.3","1.31","3.0","5.2","5.8","25.45","36.6","32.6","49.8","75.2","30.7","","190.3","8.40","16.87","0.47","25.8","50.7","83.0","0.1","0.453","4.5"
"Alien Black Diamond 16","40","Slow","Polyester","1.3","1.31","3.0","5.2","5.8","15.15","47.7","23.1","26.9","42.1","12.2","","205.2","7.36","17.18","-0.09","24.5","61.6","88.9","0.1","0.453","4.5"
"Alien Black Diamond 16","40","Medium","Polyester","1.3","1.31","3.0","5.2","5.8","15.63","42.8","30.1","38.8","54.5","20.5","","174.3","7.36","16.70","0.19","24.3","61.1","82.4","0.1","0.453","4.5"
"Alien Black Diamond 16","40","Fast","Polyester","1.3","1.31","3.0","5.2","5.8","15.77","40.5","35.8","48.1","63.7","28.5","","152.6","7.36","16.56","0.40","24.3","61.3","76.4","0.1","0.453","4.5"
"IsoSpeed Black Fire 17","40","Slow","Polyester","1.25","NA","2.1","3.0","4.5","19.54","45.0","21.8","26.9","46.5","12.7","6.3","230.9","5.38","14.77","-0.30","19.8","50","92.9","0.069","0.386","5.6"
"IsoSpeed Black Fire 17","40","Medium","Polyester","1.25","NA","2.1","3.0","4.5","20.35","40.0","29.0","41.0","61.3","22.3","10.6","197.2","5.38","13.96","0.42","19.8","49.8","85.4","0.069","0.386","5.6"
"IsoSpeed Black Fire 17","40","Fast","Polyester","1.25","NA","2.1","3.0","4.5","20.26","37.8","34.0","50.3","70.6","30.0","14.0","176.6","5.38","14.05","0.64","20.1","50.6","83.7","0.069","0.386","5.6"
"IsoSpeed Black Fire 17","51","Slow","Polyester","1.25","NA","2.1","3.0","4.5","30.76","40.5","19.2","24.5","55.1","13.2","7.1","268.6","5.31","14.65","-0.33","19.6","38.7","97.0","0.069","0.386","5.6"
"IsoSpeed Black Fire 17","51","Medium","Polyester","1.25","NA","2.1","3.0","4.5","31.38","36.4","26.1","39.9","71.2","23.2","11.9","238.3","5.31","14.03","0.29","19.6","38.7","90.6","0.069","0.386","5.6"
"IsoSpeed Black Fire 17","51","Fast","Polyester","1.25","NA","2.1","3.0","4.5","31.38","34.5","31.6","50.1","81.6","32.2","15.6","204.6","5.31","14.03","0.60","19.8","39.3","86.5","0.069","0.386","5.6"
"IsoSpeed Black Fire 17","62","Slow","Polyester","1.25","NA","2.1","3.0","4.5","40.40","37.4","17.9","22.5","62.8","14.1","7.6","286.3","5.82","15.52","-0.28","20.9","34.1","97.6","0.069","0.386","5.6"
"IsoSpeed Black Fire 17","62","Medium","Polyester","1.25","NA","2.1","3.0","4.5","41.01","33.9","24.5","39.2","80.3","24.6","12.8","265.7","5.82","14.91","0.17","20.9","33.9","93.3","0.069","0.386","5.6"
"IsoSpeed Black Fire 17","62","Fast","Polyester","1.25","NA","2.1","3.0","4.5","41.01","32.2","29.6","50.1","91.1","33.7","16.4","232.6","5.82","14.91","0.50","21.2","34.4","88.4","0.069","0.386","5.6"
"Genesis Black Magic 16 (1.29)","51","Fast","Polyester","1.29","NA","2.4","4.5","4.5","32.63","34.5","32.0","52.3","84.9","34.0","15.8","207.5","5.38","12.71","0.22","18.3","36.1","86.1","0.08","0.494","6.2"
"Kirschbaum Black Shark 16 (1.30)","40","Slow","Polyester","1.3","NA","1.5","3.0","4.2","17.11","45.2","22.0","28.9","46.1","12.6","6.4","242.3","6.39","16.19","-0.24","22.3","56.3","92.7","0.08","0.429","5.4"
"Kirschbaum Black Shark 16 (1.30)","40","Medium","Polyester","1.3","NA","1.5","3.0","4.2","17.86","40.3","29.0","43.0","60.9","22.1","10.6","207.5","6.39","15.44","0.35","22.3","55.9","83.7","0.08","0.429","5.4"
"Kirschbaum Black Shark 16 (1.30)","40","Fast","Polyester","1.3","NA","1.5","3.0","4.2","17.82","37.9","34.0","52.5","70.3","29.9","13.8","184.0","6.39","15.48","0.71","22.5","56.9","78.7","0.08","0.429","5.4"
"Kirschbaum Black Shark 16 (1.30)","51","Slow","Polyester","1.3","NA","1.5","3.0","4.2","29.90","40.1","19.2","26.0","56.0","13.5","7.3","285.8","6.15","14.67","-0.13","20.7","40.8","95.1","0.08","0.429","5.4"
"Kirschbaum Black Shark 16 (1.30)","51","Medium","Polyester","1.3","NA","1.5","3.0","4.2","30.34","36.1","26.0","42.6","72.8","23.7","11.6","255.5","6.15","14.23","0.24","20.7","40.7","95.3","0.08","0.429","5.4"
"Kirschbaum Black Shark 16 (1.30)","51","Fast","Polyester","1.3","NA","1.5","3.0","4.2","30.32","34.1","31.0","52.7","83.1","32.2","15.3","223.5","6.15","14.25","0.49","20.9","41.2","86.1","0.08","0.429","5.4"
"Kirschbaum Black Shark 16 (1.30)","62","Slow","Polyester","1.3","NA","1.5","3.0","4.2","42.67","36.4","17.2","23.4","66.2","14.2","8.1","322.3","6.39","12.68","-0.33","18.7","30.4","99.2","0.08","0.429","5.4"
"Kirschbaum Black Shark 16 (1.30)","62","Medium","Polyester","1.3","NA","1.5","3.0","4.2","43.17","33.2","24.0","40.1","83.3","25.0","13.3","283.5","6.39","12.18","0.11","18.7","30.2","96.6","0.08","0.429","5.4"
"Kirschbaum Black Shark 16 (1.30)","62","Fast","Polyester","1.3","NA","1.5","3.0","4.2","43.15","31.4","28.1","51.8","95.0","33.4","16.6","266.9","6.39","12.20","0.53","19.2","31","90.6","0.08","0.429","5.4"
"Kirschbaum Black Shark 17 (1.25)","40","Slow","Polyester","1.25","NA","2.4","3.9","NA","17.57","46.0","22.1","27.8","45.4","12.5","6.3","232.6","6.06","16.06","-0.11","22.1","55.4","92.7","0.072","0.421","5.8"
"Kirschbaum Black Shark 17 (1.25)","40","Medium","Polyester","1.25","NA","2.4","3.9","NA","18.28","40.8","29.7","40.6","58.9","21.9","10.5","186.9","6.06","15.35","0.35","21.8","54.8","85.9","0.072","0.421","5.8"
"Kirschbaum Black Shark 17 (1.25)","40","Fast","Polyester","1.25","NA","2.4","3.9","NA","18.24","38.4","34.1","50.5","68.8","29.3","13.5","177.2","6.06","15.39","0.58","22.1","55.5","82.1","0.072","0.421","5.8"
"Kirschbaum Black Shark 17 (1.25)","51","Slow","Polyester","1.25","NA","2.4","3.9","NA","31.09","40.3","19.3","24.0","55.1","13.3","7.4","261.2","6.11","13.52","-0.33","19.4","38","96.4","0.072","0.421","5.8"
"Kirschbaum Black Shark 17 (1.25)","51","Medium","Polyester","1.25","NA","2.4","3.9","NA","31.69","36.2","26.0","39.7","71.4","23.2","12.0","238.3","6.11","12.92","0.20","19.2","37.9","91.6","0.072","0.421","5.8"
"Kirschbaum Black Shark 17 (1.25)","51","Fast","Polyester","1.25","NA","2.4","3.9","NA","31.66","34.3","31.0","51.4","82.9","32.2","15.9","216.6","6.11","12.95","0.42","19.4","38.4","88.2","0.072","0.421","5.8"
"Kirschbaum Black Shark 17 (1.25)","62","Slow","Polyester","1.25","NA","2.4","3.9","NA","43.24","36.7","17.6","22.3","65.5","14.4","7.9","290.9","5.89","12.61","-0.26","18.3","29.5","98.2","0.072","0.421","5.8"
"Kirschbaum Black Shark 17 (1.25)","62","Medium","Polyester","1.25","NA","2.4","3.9","NA","43.70","33.5","24.0","37.9","81.8","24.5","13.7","268.0","5.89","12.15","0.09","18.1","29.4","94.3","0.072","0.421","5.8"
"Kirschbaum Black Shark 17 (1.25)","62","Fast","Polyester","1.25","NA","2.4","3.9","NA","43.70","31.8","28.6","49.4","93.1","33.3","16.9","245.7","5.89","12.15","0.53","18.5","30.1","90.8","0.072","0.421","5.8"
"Polyfibre Black Venom 16 (1.30)","62","Slow","Polyester","1.3","1.32","2.4","3.9","5.8","29.46","40.7","19.8","25.8","55.3","13.7","","268.0","13.41","18.87","-0.48","31.8","51.5","93.3","0.097","0.42","4.3"
"Polyfibre Black Venom 16 (1.30)","62","Medium","Polyester","1.3","1.32","2.4","3.9","5.8","30.38","36.6","26.0","41.2","71.7","23.3","","247.5","13.41","17.95","0.28","31.8","51.3","90.4","0.097","0.42","4.3"
"Polyfibre Black Venom 16 (1.30)","62","Fast","Polyester","1.3","1.32","2.4","3.9","5.8","30.34","34.6","31.1","51.8","82.2","32.0","","217.7","13.41","17.99","0.59","32.0","51.8","85.4","0.097","0.42","4.3"
"Polyfibre Black Venom 16 (1.30)","51","Slow","Polyester","1.3","1.32","2.4","3.9","5.8","21.68","43.9","21.5","27.1","48.7","13.1","","237.7","9.90","19.14","-0.41","28.7","56.4","91.4","0.097","0.42","4.3"
"Polyfibre Black Venom 16 (1.30)","51","Medium","Polyester","1.3","1.32","2.4","3.9","5.8","22.54","39.4","28.0","40.6","63.3","22.1","","210.9","9.90","18.28","0.42","28.7","56.4","86.7","0.097","0.42","4.3"
"Polyfibre Black Venom 16 (1.30)","51","Fast","Polyester","1.3","1.32","2.4","3.9","5.8","22.47","37.5","33.4","49.4","71.9","30.0","","180.0","9.90","18.35","0.60","28.9","56.9","80.6","0.097","0.42","4.3"
"Polyfibre Black Venom 16 (1.30)","40","Slow","Polyester","1.3","1.32","2.4","3.9","5.8","15.50","47.1","22.6","27.6","43.0","12.2","","218.3","6.77","17.42","-0.24","24.0","60.3","90.6","0.097","0.42","4.3"
"Polyfibre Black Venom 16 (1.30)","40","Medium","Polyester","1.3","1.32","2.4","3.9","5.8","16.12","42.1","30.0","39.9","56.0","21.0","","180.0","6.77","16.80","0.42","24.0","60.4","81.9","0.097","0.42","4.3"
"Polyfibre Black Venom 16 (1.30)","40","Fast","Polyester","1.3","1.32","2.4","3.9","5.8","16.14","40.1","35.2","48.5","64.6","28.5","","159.4","6.77","16.78","0.57","24.0","60.8","76.2","0.097","0.42","4.3"
"Polyfibre Black Venom 16L (1.25)","62","Slow","Polyester","1.25","1.25","2.7","4.8","6.7","29.88","40.9","19.8","24.9","54.7","13.6","","256.6","13.12","18.74","-0.50","31.3","50.8","95.6","NA","NA","NA"
"Polyfibre Black Venom 16L (1.25)","62","Medium","Polyester","1.25","1.25","2.7","4.8","6.7","30.74","36.8","26.1","39.9","70.8","23.0","","239.5","13.12","17.88","0.31","31.3","50.7","89.9","NA","NA","NA"
"Polyfibre Black Venom 16L (1.25)","62","Fast","Polyester","1.25","1.25","2.7","4.8","6.7","30.72","34.8","31.6","51.4","82.2","32.5","","209.2","13.12","17.90","0.62","31.8","51.3","85.2","NA","NA","NA"
"Polyfibre Black Venom 16L (1.25)","51","Slow","Polyester","1.25","1.25","2.7","4.8","6.7","19.84","45.4","22.0","25.8","45.6","12.6","","217.2","10.52","20.36","-0.40","30.4","60.1","91.2","NA","NA","NA"
"Polyfibre Black Venom 16L (1.25)","51","Medium","Polyester","1.25","1.25","2.7","4.8","6.7","20.73","40.6","29.0","39.2","59.8","21.7","","189.2","10.52","19.47","0.38","30.4","59.9","85.6","NA","NA","NA"
"Polyfibre Black Venom 16L (1.25)","51","Fast","Polyester","1.25","1.25","2.7","4.8","6.7","20.75","38.5","34.0","48.5","69.2","29.4","","170.3","10.52","19.45","0.68","30.6","60.4","79.9","NA","NA","NA"
"Polyfibre Black Venom 16L (1.25)","40","Slow","Polyester","1.25","1.25","2.7","4.8","6.7","14.29","48.8","23.9","26.2","40.6","12.1","","186.9","7.14","18.26","-0.06","25.4","63.8","88.4","NA","NA","NA"
"Polyfibre Black Venom 16L (1.25)","40","Medium","Polyester","1.25","1.25","2.7","4.8","6.7","14.82","43.6","31.0","38.4","53.1","20.6","","162.3","7.14","17.73","0.51","25.4","63.9","81.0","NA","NA","NA"
"Polyfibre Black Venom 16L (1.25)","40","Fast","Polyester","1.25","1.25","2.7","4.8","6.7","14.75","41.6","36.1","46.7","61.3","27.7","","145.7","7.14","17.80","0.59","25.6","64.3","74.8","NA","NA","NA"
"Polyfibre Black Venom Rough 16L (1.25)","51","Fast","Polyester","1.25","1.18","2.7","3.9","6.7","20.13","38.5","35.4","49.8","69.9","30.9","13.7","162.3","8.38","22.21","0.26","30.9","60.8","80.8","0.085","0.531","6.2"
"Dunlop Black Widow 16","40","Slow","Polyester","1.31","NA","2.1","3.6","4.5","21.83","44.2","21.3","24.7","46.5","12.4","6.6","221.2","4.74","13.12","-0.15","17.6","44.6","93.5","0.107","0.557","5.2"
"Dunlop Black Widow 16","40","Medium","Polyester","1.31","NA","2.1","3.6","4.5","22.29","39.6","28.1","38.8","61.1","21.5","10.7","199.5","4.74","12.66","0.26","17.6","44.5","88.9","0.107","0.557","5.2"
"Dunlop Black Widow 16","40","Fast","Polyester","1.31","NA","2.1","3.6","4.5","22.27","37.4","33.9","48.1","70.3","29.8","14.1","169.7","4.74","12.68","0.51","17.9","45.2","84.3","0.107","0.557","5.2"
"Dunlop Black Widow 16","51","Slow","Polyester","1.31","NA","2.1","3.6","4.5","31.22","40.5","19.5","22.7","54.0","13.2","7.3","242.9","5.56","13.94","-0.33","19.2","37.8","95.3","0.107","0.557","5.2"
"Dunlop Black Widow 16","51","Medium","Polyester","1.31","NA","2.1","3.6","4.5","31.82","36.7","26.1","36.8","68.6","22.3","11.9","220.0","5.56","13.34","0.20","19.2","37.7","91.2","0.107","0.557","5.2"
"Dunlop Black Widow 16","51","Fast","Polyester","1.31","NA","2.1","3.6","4.5","31.82","35.0","31.0","45.9","77.6","30.1","15.0","193.2","5.56","13.34","0.46","19.4","38.2","87.2","0.107","0.557","5.2"
"Dunlop Black Widow 16","62","Slow","Polyester","1.31","NA","2.1","3.6","4.5","37.97","38.3","18.0","21.4","59.3","13.3","7.7","267.5","6.11","17.66","-0.29","23.4","38","99.2","0.107","0.557","5.2"
"Dunlop Black Widow 16","62","Medium","Polyester","1.31","NA","2.1","3.6","4.5","38.50","35.0","25.0","35.9","74.5","23.3","12.5","234.3","6.11","17.13","0.16","23.4","37.9","92.9","0.107","0.557","5.2"
"Dunlop Black Widow 16","62","Fast","Polyester","1.31","NA","2.1","3.6","4.5","38.50","33.3","30.0","46.1","84.7","31.7","16.9","208.6","6.11","17.13","0.55","23.8","38.5","89.7","0.107","0.557","5.2"
"Dunlop Black Widow 17","40","Slow","Polyester","1.26","NA","1.2","1.5","3.0","23.81","42.9","20.9","26.9","50.7","13.3","6.8","250.3","4.81","11.07","-0.25","15.7","39.4","94.5","0.107","0.573","5.4"
"Dunlop Black Widow 17","40","Medium","Polyester","1.26","NA","1.2","1.5","3.0","24.37","38.2","28.0","42.1","66.4","23.2","11.2","217.7","4.81","10.51","0.34","15.7","39.4","87.2","0.107","0.573","5.4"
"Dunlop Black Widow 17","40","Fast","Polyester","1.26","NA","1.2","1.5","3.0","24.17","36.1","32.7","52.7","76.7","31.5","15.4","199.5","4.81","10.71","0.36","15.9","40","85.7","0.107","0.573","5.4"
"Dunlop Black Widow 17","51","Slow","Polyester","1.26","NA","1.2","1.5","3.0","34.73","39.4","18.9","23.4","58.2","13.7","7.6","266.9","3.92","12.07","-0.26","15.7","31","96.4","0.107","0.573","5.4"
"Dunlop Black Widow 17","51","Medium","Polyester","1.26","NA","1.2","1.5","3.0","35.19","35.6","26.0","38.1","73.4","23.8","12.3","230.3","3.92","11.61","0.15","15.7","30.9","89.7","0.107","0.573","5.4"
"Dunlop Black Widow 17","51","Fast","Polyester","1.26","NA","1.2","1.5","3.0","35.15","33.8","30.2","48.5","83.8","31.6","15.9","216.6","3.92","11.65","0.47","16.1","31.6","87.6","0.107","0.573","5.4"
"Dunlop Black Widow 17","62","Slow","Polyester","1.26","NA","1.2","1.5","3.0","39.67","37.9","18.0","22.5","62.2","14.0","8.0","281.2","4.81","17.26","-0.42","21.6","35.1","97.8","0.107","0.573","5.4"
"Dunlop Black Widow 17","62","Medium","Polyester","1.26","NA","1.2","1.5","3.0","40.26","34.3","24.7","38.1","78.3","24.2","12.6","253.2","4.81","16.67","0.17","21.6","35.1","92.9","0.107","0.573","5.4"
"Dunlop Black Widow 17","62","Fast","Polyester","1.26","NA","1.2","1.5","3.0","40.22","32.7","29.8","48.1","88.4","32.9","16.4","219.5","4.81","16.71","0.64","22.1","35.9","87.2","0.107","0.573","5.4"
"Dunlop Black Widow 18 (1.21)","51","Fast","Polyester","1.21","NA","2.1","2.4","3.0","35.24","34.6","32.0","49.2","84.5","33.8","16.3","194.9","2.98","12.50","0.18","15.7","30.9","89.7","0.099","0.571","5.8"
"Tourna Black Zone 16","40","Slow","Polyester","1.3","NA","1.5","2.4","3.3","24.30","44.5","21.8","25.8","50.3","13.7","6.5","220.6","4.78","10.61","-0.13","15.2","38.4","94.9","0.075","0.417","5.6"
"Tourna Black Zone 16","40","Medium","Polyester","1.3","NA","1.5","2.4","3.3","24.85","39.0","29.0","41.9","66.6","24.2","10.8","202.3","4.78","10.06","0.29","15.2","38.1","89.3","0.075","0.417","5.6"
"Tourna Black Zone 16","40","Fast","Polyester","1.3","NA","1.5","2.4","3.3","24.83","36.6","34.0","52.3","77.2","32.7","14.6","184.6","4.78","10.08","0.53","15.4","38.8","84.8","0.075","0.417","5.6"
"Tourna Black Zone 16","51","Slow","Polyester","1.3","NA","1.5","2.4","3.3","35.83","40.7","19.8","22.9","58.9","14.6","7.1","237.2","4.15","10.74","-0.20","14.8","29","95.8","0.075","0.417","5.6"
"Tourna Black Zone 16","51","Medium","Polyester","1.3","NA","1.5","2.4","3.3","36.25","36.2","26.4","38.8","75.2","24.8","12.2","226.3","4.15","10.32","0.13","14.6","28.8","92.5","0.075","0.417","5.6"
"Tourna Black Zone 16","51","Fast","Polyester","1.3","NA","1.5","2.4","3.3","36.29","34.2","31.9","49.4","85.6","34.1","15.7","197.2","4.15","10.28","0.52","15.0","29.5","88.2","0.075","0.417","5.6"
"Tourna Black Zone 16","62","Slow","Polyester","1.3","NA","1.5","2.4","3.3","44.08","38.5","18.1","21.2","65.3","14.7","7.6","262.9","5.01","12.65","-0.26","17.4","28.2","96.0","0.075","0.417","5.6"
"Tourna Black Zone 16","62","Medium","Polyester","1.3","NA","1.5","2.4","3.3","44.56","34.5","25.6","37.5","82.0","26.2","12.8","232.0","5.01","12.17","0.13","17.4","28","94.9","0.075","0.417","5.6"
"Tourna Black Zone 16","62","Fast","Polyester","1.3","NA","1.5","2.4","3.3","44.56","32.6","30.0","48.1","92.6","34.8","16.9","217.7","5.01","12.17","0.57","17.6","28.7","91.4","0.075","0.417","5.6"
"Tourna Black Zone 17","51","Fast","Polyester","1.2","NA","1.2","6.7","3.3","35.02","34.8","32.0","47.0","82.0","32.8","15.8","186.9","3.40","12.30","0.29","15.9","31.5","88.0","0.08","0.477","6"
"Weiss Cannon Blue Rock N Power","51","Fast","Polyester","1.2","1.35","6.4","7.3","8.2","37.26","33.0","30.2","50.3","87.5","33.1","16.4","224.0","3.97","9.49","0.22","13.7","27","88.7","0.059","0.654","11.1"
"Boris Becker Bomber 16","62","Slow","Polyester","1.28","NA","2.1","3.3","4.5","36.65","38.6","18.0","24.3","60.9","13.7","","305.2","9.90","15.19","-0.28","24.7","40.2","96.0","0.09","0.461","5.1"
"Boris Becker Bomber 16","62","Medium","Polyester","1.28","NA","2.1","3.3","4.5","37.18","35.1","25.2","40.6","77.6","24.5","","258.3","9.90","14.66","0.25","24.7","40.2","92.9","0.09","0.461","5.1"
"Boris Becker Bomber 16","62","Fast","Polyester","1.28","NA","2.1","3.3","4.5","37.15","33.3","30.0","51.8","88.9","33.3","","233.7","9.90","14.69","0.68","25.4","40.9","88.0","0.09","0.461","5.1"
"Boris Becker Bomber 16","51","Slow","Polyester","1.28","NA","2.1","3.3","4.5","26.97","42.0","20.0","26.2","53.1","13.3","","266.3","8.31","15.44","-0.15","23.6","46.5","94.7","0.09","0.461","5.1"
"Boris Becker Bomber 16","51","Medium","Polyester","1.28","NA","2.1","3.3","4.5","27.34","37.8","27.3","41.0","68.4","23.3","","225.2","8.31","15.07","0.39","23.8","46.9","90.1","0.09","0.461","5.1"
"Boris Becker Bomber 16","51","Fast","Polyester","1.28","NA","2.1","3.3","4.5","27.30","35.9","32.0","51.6","78.9","31.5","","204.6","8.31","15.11","0.38","23.8","46.9","85.0","0.09","0.461","5.1"
"Boris Becker Bomber 16","40","Slow","Polyester","1.28","NA","2.1","3.3","4.5","16.38","46.9","23.0","27.6","43.9","12.6","","212.0","6.17","17.14","-0.03","23.4","58.7","92.0","0.09","0.461","5.1"
"Boris Becker Bomber 16","40","Medium","Polyester","1.28","NA","2.1","3.3","4.5","16.52","41.7","30.0","41.7","58.0","21.8","","187.5","6.17","17.00","0.14","23.4","58.7","84.5","0.09","0.461","5.1"
"Boris Becker Bomber 16","40","Fast","Polyester","1.28","NA","2.1","3.3","4.5","16.76","39.4","35.2","51.4","68.1","30.0","","169.2","6.17","16.76","0.55","23.6","59.2","78.3","0.09","0.461","5.1"
"Boris Becker Bomber 17","62","Slow","Polyester","1.23","1.23","2.4","3.9","5.2","33.96","40.6","19.7","22.9","56.9","14.0","","239.5","10.17","17.61","-0.24","27.6","44.6","96.0","NA","NA","NA"
"Boris Becker Bomber 17","62","Medium","Polyester","1.23","1.23","2.4","3.9","5.2","34.53","36.7","26.1","38.6","73.0","23.9","","229.7","10.17","17.04","0.35","27.6","44.6","91.8","NA","NA","NA"
"Boris Becker Bomber 17","62","Fast","Polyester","1.23","1.23","2.4","3.9","5.2","34.55","34.7","31.6","49.8","84.2","33.4","","201.7","10.17","17.02","0.59","27.8","45","86.7","NA","NA","NA"
"Boris Becker Bomber 17","51","Slow","Polyester","1.23","1.23","2.4","3.9","5.2","26.31","43.3","20.7","24.9","51.2","13.2","","236.6","8.16","16.25","-0.17","24.3","47.8","93.9","NA","NA","NA"
"Boris Becker Bomber 17","51","Medium","Polyester","1.23","1.23","2.4","3.9","5.2","26.92","38.9","28.0","39.2","66.2","23.2","","203.5","8.16","15.64","0.44","24.3","47.8","87.6","NA","NA","NA"
"Boris Becker Bomber 17","51","Fast","Polyester","1.23","1.23","2.4","3.9","5.2","26.86","36.9","33.0","48.7","75.6","31.2","","182.3","8.16","15.70","0.71","24.5","48.4","83.5","NA","NA","NA"
"Boris Becker Bomber 17","40","Slow","Polyester","1.23","1.23","2.4","3.9","5.2","16.82","47.9","23.3","26.2","43.0","12.5","","197.2","6.15","16.72","-0.05","22.7","57.5","90.6","NA","NA","NA"
"Boris Becker Bomber 17","40","Medium","Polyester","1.23","1.23","2.4","3.9","5.2","16.89","42.9","30.8","39.5","56.4","21.7","","169.2","6.15","16.65","0.13","22.9","57.8","84.8","NA","NA","NA"
"Boris Becker Bomber 17","40","Fast","Polyester","1.23","1.23","2.4","3.9","5.2","17.13","40.3","36.0","48.7","65.9","29.6","","152.6","6.15","16.41","0.59","23.2","58.3","79.9","NA","NA","NA"
"Boris Becker Bomber NYC 16 (1.28)","51","Fast","Polyester","1.28","1.31","2.4","10.3","3.9","36.65","33.7","32.0","52.3","88.9","35.5","16.3","208.0","4.08","9.99","0.25","14.3","28.2","89.3","0.078","0.417","5.3"
"Boris Becker Bomber NYC 17 (1.23)","51","Fast","Polyester","1.23","1.35","NA","NA","7.3","37.04","33.9","31.8","51.2","88.2","35.1","16.7","205.7","3.31","10.37","0.22","13.9","27.4","89.3","0.076","0.42","5.5"
"One Strings Carbon NRG 16","40","Slow","Polyester","1.3","NA","1.8","3.3","4.5","19.54","47.2","23.0","26.2","45.6","13.1","6.2","201.2","6.02","14.13","-0.04","20.1","50.7","93.5","0.082","0.419","5.1"
"One Strings Carbon NRG 16","40","Medium","Polyester","1.3","NA","1.8","3.3","4.5","19.96","41.6","30.2","39.9","60.0","22.6","10.1","178.3","6.02","13.71","0.38","20.1","50.7","85.2","0.082","0.419","5.1"
"One Strings Carbon NRG 16","40","Fast","Polyester","1.3","NA","1.8","3.3","4.5","19.91","39.3","35.9","48.5","68.4","30.6","13.3","153.2","6.02","13.76","0.62","20.3","51.4","79.9","0.082","0.419","5.1"
"One Strings Carbon NRG 16","51","Slow","Polyester","1.3","NA","1.8","3.3","4.5","29.33","43.2","20.7","23.8","53.1","13.7","6.8","225.2","6.00","15.39","-0.17","21.2","41.8","96.4","0.082","0.419","5.1"
"One Strings Carbon NRG 16","51","Medium","Polyester","1.3","NA","1.8","3.3","4.5","29.83","38.2","28.0","39.2","69.2","24.2","11.2","204.0","6.00","14.89","0.26","21.2","41.7","91.8","0.082","0.419","5.1"
"One Strings Carbon NRG 16","51","Fast","Polyester","1.3","NA","1.8","3.3","4.5","29.86","36.0","33.0","48.3","78.3","32.2","15.0","180.0","6.00","14.86","0.58","21.4","42.3","83.4","0.082","0.419","5.1"
"One Strings Carbon NRG 16","62","Slow","Polyester","1.3","NA","1.8","3.3","4.5","37.31","40.4","19.5","22.7","60.0","14.6","7.2","241.7","7.47","16.96","-0.20","24.3","39.2","95.3","0.082","0.419","5.1"
"One Strings Carbon NRG 16","62","Medium","Polyester","1.3","NA","1.8","3.3","4.5","37.75","35.9","26.2","39.5","77.2","25.3","12.1","232.6","7.47","16.52","0.07","24.0","39","93.3","0.082","0.419","5.1"
"One Strings Carbon NRG 16","62","Fast","Polyester","1.3","NA","1.8","3.3","4.5","37.77","34.0","31.2","49.4","87.3","34.1","16.5","206.3","7.47","16.50","0.62","24.5","39.8","88.4","0.082","0.419","5.1"
"One Strings Carbon Tour 17 (1.25)","40","Slow","Polyester","1.25","NA","1.5","2.4","3.0","23.88","43.8","21.3","28.7","52.7","14.0","6.6","258.3","4.65","11.16","-0.04","15.7","39.7","96.0","NA","NA","NA"
"One Strings Carbon Tour 17 (1.25)","40","Medium","Polyester","1.25","NA","1.5","2.4","3.0","24.12","38.3","28.2","45.9","70.1","24.7","11.4","234.3","4.65","10.92","0.26","15.9","39.9","90.4","NA","NA","NA"
"One Strings Carbon Tour 17 (1.25)","40","Fast","Polyester","1.25","NA","1.5","2.4","3.0","24.08","35.7","33.0","57.3","81.4","33.6","14.8","213.7","4.65","10.96","0.44","16.1","40.4","86.1","NA","NA","NA"
"One Strings Carbon Tour 17 (1.25)","51","Slow","Polyester","1.25","NA","1.5","2.4","3.0","37.99","39.5","19.0","24.5","62.4","14.8","7.3","276.0","4.26","8.47","-0.18","12.6","24.7","98.8","NA","NA","NA"
"One Strings Carbon Tour 17 (1.25)","51","Medium","Polyester","1.25","NA","1.5","2.4","3.0","38.30","35.1","26.0","41.5","79.8","25.9","12.7","249.7","4.26","8.16","0.13","12.6","24.7","92.2","NA","NA","NA"
"One Strings Carbon Tour 17 (1.25)","51","Fast","Polyester","1.25","NA","1.5","2.4","3.0","38.30","33.1","30.6","52.7","91.1","34.8","17.1","229.2","4.26","8.16","0.48","13.0","25.4","89.1","NA","NA","NA"
"One Strings Carbon Tour 17 (1.25)","62","Slow","Polyester","1.25","NA","1.5","2.4","3.0","48.40","37.0","17.9","21.6","70.1","15.7","7.9","274.9","3.62","9.72","-0.15","13.2","21.4","95.6","NA","NA","NA"
"One Strings Carbon Tour 17 (1.25)","62","Medium","Polyester","1.25","NA","1.5","2.4","3.0","48.66","33.3","24.1","39.2","88.0","26.5","13.5","273.2","3.62","9.46","0.08","13.2","21.3","93.9","NA","NA","NA"
"One Strings Carbon Tour 17 (1.25)","62","Fast","Polyester","1.25","NA","1.5","2.4","3.0","48.64","31.4","29.0","50.9","99.7","36.1","17.8","246.3","3.62","9.48","0.48","13.7","22","91.2","NA","NA","NA"
"Toroline Cash 16L (1.25)","51","Fast","Polyester","1.25","NA","2.4","1.8","3.0","33.30","35.5","32.8","48.3","81.6","33.4","15.2","182.9","4.30","13.12","0.22","17.6","34.8","85.0","0.068","0.518","7.6"
"Poly Star Classic 16 (1.30)","62","Slow","Polyester","1.3","1.32","2.1","3.0","4.8","28.16","41.1","20.0","26.7","54.7","13.7","","271.5","14.42","19.16","-0.46","33.1","53.6","95.6","0.111","0.466","4.2"
"Poly Star Classic 16 (1.30)","62","Medium","Polyester","1.3","1.32","2.1","3.0","4.8","28.95","37.0","26.2","42.1","71.0","23.3","","249.2","14.42","18.37","0.24","33.1","53.5","88.5","0.111","0.466","4.2"
"Poly Star Classic 16 (1.30)","62","Fast","Polyester","1.3","1.32","2.1","3.0","4.8","28.95","35.2","31.8","52.3","81.4","32.4","","209.7","14.42","18.37","0.62","33.3","54.1","83.0","0.111","0.466","4.2"
"Poly Star Classic 16 (1.30)","51","Slow","Polyester","1.3","1.32","2.1","3.0","4.8","22.34","43.5","21.0","26.9","49.4","12.9","","248.6","9.50","18.88","-0.35","28.0","55.3","93.7","0.111","0.466","4.2"
"Poly Star Classic 16 (1.30)","51","Medium","Polyester","1.3","1.32","2.1","3.0","4.8","23.09","39.2","28.0","40.8","63.7","22.3","","210.9","9.50","18.13","0.20","27.8","54.9","85.9","0.111","0.466","4.2"
"Poly Star Classic 16 (1.30)","51","Fast","Polyester","1.3","1.32","2.1","3.0","4.8","23.11","37.3","33.0","49.8","72.8","30.1","","185.7","9.50","18.11","0.71","28.2","55.8","81.5","0.111","0.466","4.2"
"Poly Star Classic 16 (1.30)","40","Slow","Polyester","1.3","1.32","2.1","3.0","4.8","16.47","46.2","22.1","28.7","45.2","12.4","","238.3","5.89","17.33","-0.20","22.9","58","90.4","0.111","0.466","4.2"
"Poly Star Classic 16 (1.30)","40","Medium","Polyester","1.3","1.32","2.1","3.0","4.8","16.76","41.5","29.7","41.7","58.4","21.7","","191.5","5.89","17.04","0.11","22.9","58.1","85.7","0.111","0.466","4.2"
"Poly Star Classic 16 (1.30)","40","Fast","Polyester","1.3","1.32","2.1","3.0","4.8","16.96","39.4","34.9","50.5","67.5","29.4","","168.6","5.89","16.84","0.38","23.2","58.2","77.8","0.111","0.466","4.2"
"Poly Star Classic 16L (1.25)","62","Slow","Polyester","1.25","1.25","2.4","3.9","5.8","30.87","40.1","19.0","25.1","56.0","13.3","","282.3","12.22","18.65","-0.35","30.4","49.4","95.1","0.083","0.368","4.4"
"Poly Star Classic 16L (1.25)","62","Medium","Polyester","1.25","1.25","2.4","3.9","5.8","31.53","36.3","26.0","40.8","72.3","23.5","","244.6","12.22","17.99","0.22","30.4","49.3","92.0","0.083","0.368","4.4"
"Poly Star Classic 16L (1.25)","62","Fast","Polyester","1.25","1.25","2.4","3.9","5.8","31.53","34.4","31.0","51.6","83.1","32.2","","218.3","12.22","17.99","0.31","30.4","49.4","86.1","0.083","0.368","4.4"
"Poly Star Classic 16L (1.25)","51","Slow","Polyester","1.25","1.25","2.4","3.9","5.8","22.71","43.9","21.1","25.4","48.1","12.7","","232.6","9.15","18.86","-0.35","27.6","54.5","92.9","0.083","0.368","4.4"
"Poly Star Classic 16L (1.25)","51","Medium","Polyester","1.25","1.25","2.4","3.9","5.8","23.42","39.5","28.0","39.7","63.3","22.1","","205.7","9.15","18.15","0.36","27.6","54.5","86.7","0.083","0.368","4.4"
"Poly Star Classic 16L (1.25)","51","Fast","Polyester","1.25","1.25","2.4","3.9","5.8","23.44","37.5","33.6","48.5","71.9","30.2","","174.9","9.15","18.13","0.35","27.6","54.5","81.7","0.083","0.368","4.4"
"Poly Star Classic 16L (1.25)","40","Slow","Polyester","1.25","1.25","2.4","3.9","5.8","15.96","47.4","23.0","26.9","43.0","12.4","","207.5","6.28","17.45","-0.36","23.4","58.9","90.6","0.083","0.368","4.4"
"Poly Star Classic 16L (1.25)","40","Medium","Polyester","1.25","1.25","2.4","3.9","5.8","16.65","42.5","30.1","38.1","54.7","20.6","","171.5","6.28","16.76","0.40","23.4","59.1","84.1","0.083","0.368","4.4"
"Poly Star Classic 16L (1.25)","40","Fast","Polyester","1.25","1.25","2.4","3.9","5.8","16.65","40.3","35.8","47.2","63.7","28.6","","149.7","6.28","16.76","0.47","23.6","59.2","77.4","0.083","0.368","4.4"
"Poly Star Classic 17 (1.20)","62","Slow","Polyester","1.2","1.22","2.4","4.5","7.6","29.06","41.4","20.0","25.6","54.7","13.7","","261.2","13.76","18.92","-0.53","32.2","52.1","94.3","0.09","0.362","4"
"Poly Star Classic 17 (1.20)","62","Medium","Polyester","1.2","1.22","2.4","4.5","7.6","29.97","37.1","26.8","41.0","71.0","23.8","","232.0","13.76","18.01","0.29","32.0","51.9","90.1","0.09","0.362","4"
"Poly Star Classic 17 (1.20)","62","Fast","Polyester","1.2","1.22","2.4","4.5","7.6","29.99","35.1","31.8","52.3","82.2","32.6","","210.3","13.76","17.99","0.62","32.4","52.4","84.8","0.09","0.362","4"
"Poly Star Classic 17 (1.20)","51","Slow","Polyester","1.2","1.22","2.4","4.5","7.6","19.45","45.7","22.0","26.2","45.6","12.6","","220.0","10.30","20.97","-0.11","31.1","61.4","90.2","0.09","0.362","4"
"Poly Star Classic 17 (1.20)","51","Medium","Polyester","1.2","1.22","2.4","4.5","7.6","19.89","41.0","29.2","39.7","59.5","21.7","","189.2","10.30","20.53","0.40","31.3","61.6","83.9","0.09","0.362","4"
"Poly Star Classic 17 (1.20)","51","Fast","Polyester","1.2","1.22","2.4","4.5","7.6","19.89","38.9","34.5","48.7","68.6","29.6","","166.9","10.30","20.53","0.42","31.3","61.6","78.7","0.09","0.362","4"
"Poly Star Classic 17 (1.20)","40","Slow","Polyester","1.2","1.22","2.4","4.5","7.6","13.85","49.1","24.0","26.7","40.6","12.2","","188.6","6.84","19.00","-0.04","25.8","65","86.5","0.09","0.362","4"
"Poly Star Classic 17 (1.20)","40","Medium","Polyester","1.2","1.22","2.4","4.5","7.6","14.31","44.2","31.2","37.9","52.3","20.4","","158.9","6.84","18.54","0.42","25.8","65","79.9","0.09","0.362","4"
"Poly Star Classic 17 (1.20)","40","Fast","Polyester","1.2","1.22","2.4","4.5","7.6","14.38","42.0","36.8","46.1","60.4","27.8","","138.3","6.84","18.47","0.62","26.0","65.3","74.0","0.09","0.362","4"
"Pacific Classic Natural Gut 16","62","Slow","Gut","1.34","1.30","5.5","7.3","9.1","54.09","37.5","17.2","6.6","60.6","13.0","","90.9","5.47","2.18","-0.40","7.3","11.8","95.8","0.149","0.422","2.8"
"Pacific Classic Natural Gut 16","62","Medium","Gut","1.34","1.30","5.5","7.3","9.1","54.22","36.0","25.0","13.9","68.1","21.3","","90.9","5.47","2.05","0.24","7.7","12.6","98.4","0.149","0.422","2.8"
"Pacific Classic Natural Gut 16","62","Fast","Gut","1.34","1.30","5.5","7.3","9.1","53.85","34.7","31.0","21.2","75.0","29.0","","89.2","5.47","2.42","0.69","8.6","13.9","96.0","0.149","0.422","2.8"
"Pacific Classic Natural Gut 16","51","Slow","Gut","1.34","1.30","5.5","7.3","9.1","43.66","40.5","19.0","9.0","52.7","12.5","","101.2","4.92","2.14","-0.26","6.8","13.4","99.2","0.149","0.422","2.8"
"Pacific Classic Natural Gut 16","51","Medium","Gut","1.34","1.30","5.5","7.3","9.1","43.66","38.2","26.9","17.9","61.5","20.7","","100.0","4.92","2.14","0.09","7.1","14.1","98.6","0.149","0.422","2.8"
"Pacific Classic Natural Gut 16","51","Fast","Gut","1.34","1.30","5.5","7.3","9.1","43.39","36.2","32.1","25.4","68.8","27.6","","100.0","4.92","2.41","0.48","7.7","15.4","96.8","0.149","0.422","2.8"
"Pacific Classic Natural Gut 16","40","Slow","Gut","1.34","1.30","5.5","7.3","9.1","32.13","44.5","20.9","10.6","42.8","11.2","","98.9","5.07","2.49","-0.13","7.5","18.7","98.4","0.149","0.422","2.8"
"Pacific Classic Natural Gut 16","40","Medium","Gut","1.34","1.30","5.5","7.3","9.1","32.06","41.3","29.3","20.3","52.3","19.2","","95.4","5.07","2.56","0.04","7.7","19.3","96.2","0.149","0.422","2.8"
"Pacific Classic Natural Gut 16","40","Fast","Gut","1.34","1.30","5.5","7.3","9.1","31.88","39.3","35.3","27.6","59.3","26.2","","89.7","5.07","2.74","0.11","7.9","19.9","93.7","0.149","0.422","2.8"
"MSV Co-Focus 17L (1.18)","51","Fast","Polyester","1.18","1.32","5.5","6.7","NA","35.24","34.8","32.3","47.6","82.9","33.4","16.4","185.7","3.46","12.02","0.25","15.7","31","88.5","0.068","0.493","7.2"
"MSV Co.-Focus 16L","62","Slow","Polyester","1.27","1.28","2.1","3.3","5.2","35.83","39.7","19.0","23.4","59.3","14.1","","263.5","9.26","16.65","-0.22","25.6","41.6","95.1","0.089","0.377","4.2"
"MSV Co.-Focus 16L","62","Medium","Polyester","1.27","1.28","2.1","3.3","5.2","36.34","36.0","26.0","39.2","75.6","24.6","","236.6","9.26","16.14","0.16","25.6","41.4","94.3","0.089","0.377","4.2"
"MSV Co.-Focus 16L","62","Fast","Polyester","1.27","1.28","2.1","3.3","5.2","36.34","34.1","30.9","50.1","86.4","33.3","","213.2","9.26","16.14","0.73","26.2","42.3","86.7","0.089","0.377","4.2"
"MSV Co.-Focus 16L","51","Slow","Polyester","1.27","1.28","2.1","3.3","5.2","25.80","43.0","20.6","25.6","51.4","13.3","","244.6","8.78","16.14","-0.15","24.7","48.8","94.7","0.089","0.377","4.2"
"MSV Co.-Focus 16L","51","Medium","Polyester","1.27","1.28","2.1","3.3","5.2","26.20","38.9","28.0","39.9","66.2","23.2","","206.9","8.78","15.74","0.45","24.9","49.2","89.5","0.089","0.377","4.2"
"MSV Co.-Focus 16L","51","Fast","Polyester","1.27","1.28","2.1","3.3","5.2","26.15","36.8","33.0","49.6","75.6","31.2","","184.6","8.78","15.79","0.64","25.1","49.7","85.2","0.089","0.377","4.2"
"MSV Co.-Focus 16L","40","Slow","Polyester","1.27","1.28","2.1","3.3","5.2","15.88","47.8","23.1","27.1","43.0","12.4","","206.9","5.93","17.88","-0.06","23.8","59.8","91.4","0.089","0.377","4.2"
"MSV Co.-Focus 16L","40","Medium","Polyester","1.27","1.28","2.1","3.3","5.2","16.32","42.8","30.6","40.6","56.9","21.8","","176.6","5.93","17.44","0.49","23.8","60.1","84.1","0.089","0.377","4.2"
"MSV Co.-Focus 16L","40","Fast","Polyester","1.27","1.28","2.1","3.3","5.2","16.32","40.3","36.0","50.1","66.4","29.9","","157.2","5.93","17.44","0.71","24.0","60.7","78.7","0.089","0.377","4.2"
"Polyfibre Cobra 17/1.20","62","Slow","Polyester","1.2","1.24","2.7","4.8","8.2","31.29","41.2","20.0","23.8","55.1","13.8","","242.3","12.28","18.17","-0.24","30.2","48.9","95.1","0.107","0.385","3.6"
"Polyfibre Cobra 17/1.20","62","Medium","Polyester","1.2","1.24","2.7","4.8","8.2","31.75","37.1","26.8","39.2","71.0","23.7","","222.3","12.28","17.71","0.26","30.2","49","90.2","0.107","0.385","3.6"
"Polyfibre Cobra 17/1.20","62","Fast","Polyester","1.2","1.24","2.7","4.8","8.2","31.71","35.1","32.0","50.5","82.0","32.9","","200.0","12.28","17.75","0.73","30.6","49.8","86.1","0.107","0.385","3.6"
"Polyfibre Cobra 17/1.20","51","Slow","Polyester","1.2","1.24","2.7","4.8","8.2","18.54","47.1","23.0","25.1","43.7","12.5","","192.0","10.47","21.71","-0.16","32.0","63.1","91.6","0.107","0.385","3.6"
"Polyfibre Cobra 17/1.20","51","Medium","Polyester","1.2","1.24","2.7","4.8","8.2","19.12","42.2","30.1","38.4","57.3","21.6","","172.0","10.47","21.13","0.49","32.2","63.3","84.5","0.107","0.385","3.6"
"Polyfibre Cobra 17/1.20","51","Fast","Polyester","1.2","1.24","2.7","4.8","8.2","19.10","39.9","35.4","47.6","66.6","29.5","","154.3","10.47","21.15","0.67","32.2","63.7","79.6","0.107","0.385","3.6"
"Polyfibre Cobra 17/1.20","40","Slow","Polyester","1.2","1.24","2.7","4.8","8.2","13.87","50.5","24.2","25.4","39.2","11.9","","176.6","6.73","19.09","-0.04","25.8","64.9","87.2","0.107","0.385","3.6"
"Polyfibre Cobra 17/1.20","40","Medium","Polyester","1.2","1.24","2.7","4.8","8.2","14.33","45.3","32.0","36.6","50.9","20.4","","145.2","6.73","18.63","0.48","25.8","65.1","79.2","0.107","0.385","3.6"
"Polyfibre Cobra 17/1.20","40","Fast","Polyester","1.2","1.24","2.7","4.8","8.2","14.33","43.0","37.9","44.3","58.7","27.8","","125.2","6.73","18.63","0.61","26.0","65.4","74.0","0.107","0.385","3.6"
"Mantis Comfort Poly 16","62","Slow","Polyester","1.3","1.32","1.5","2.4","3.6","38.37","37.9","18.0","24.7","63.1","14.2","","309.2","9.15","14.22","-0.33","23.2","37.3","98.2","0.092","0.438","4.8"
"Mantis Comfort Poly 16","62","Medium","Polyester","1.3","1.32","1.5","2.4","3.6","38.94","34.2","24.3","41.9","80.7","24.5","","288.0","9.15","13.65","0.15","22.9","37.2","93.1","0.092","0.438","4.8"
"Mantis Comfort Poly 16","62","Fast","Polyester","1.3","1.32","1.5","2.4","3.6","38.94","32.5","29.7","53.4","92.2","34.2","","246.3","9.15","13.65","0.53","23.4","37.8","88.4","0.092","0.438","4.8"
"Mantis Comfort Poly 16","51","Slow","Polyester","1.3","1.32","1.5","2.4","3.6","30.25","40.3","19.7","27.3","57.6","14.2","","284.6","7.30","13.17","-0.29","20.1","39.8","95.6","0.092","0.438","4.8"
"Mantis Comfort Poly 16","51","Medium","Polyester","1.3","1.32","1.5","2.4","3.6","30.76","36.4","26.0","43.4","74.1","24.1","","261.2","7.30","12.66","0.18","20.1","39.7","91.2","0.092","0.438","4.8"
"Mantis Comfort Poly 16","51","Fast","Polyester","1.3","1.32","1.5","2.4","3.6","30.74","34.5","31.0","53.1","83.8","32.5","","224.6","7.30","12.68","0.40","20.3","40.2","86.3","0.092","0.438","4.8"
"Mantis Comfort Poly 16","40","Slow","Polyester","1.3","1.32","1.5","2.4","3.6","22.05","43.0","21.0","28.4","50.5","13.2","","261.2","4.45","13.19","-0.13","17.4","44.1","93.7","0.092","0.438","4.8"
"Mantis Comfort Poly 16","40","Medium","Polyester","1.3","1.32","1.5","2.4","3.6","22.45","38.5","28.0","44.3","66.8","23.4","","229.7","4.45","12.79","0.36","17.6","44.3","87.6","0.092","0.438","4.8"
"Mantis Comfort Poly 16","40","Fast","Polyester","1.3","1.32","1.5","2.4","3.6","22.40","36.4","32.6","54.5","76.7","31.3","","208.0","4.45","12.84","0.50","17.9","44.8","83.0","0.092","0.438","4.8"
"Dunlop Comfort Poly 17","62","Slow","Polyester","1.25","1.23","2.1","3.0","3.9","41.72","37.0","17.9","24.3","65.9","14.7","","309.2","9.11","10.91","-2.16","17.9","28.9","92.7","0.089","0.398","4.5"
"Dunlop Comfort Poly 17","62","Medium","Polyester","1.25","1.23","2.1","3.0","3.9","42.38","33.6","24.0","43.0","85.3","25.6","","303.5","9.11","10.25","0.13","19.4","31.6","94.5","0.089","0.398","4.5"
"Dunlop Comfort Poly 17","62","Fast","Polyester","1.25","1.23","2.1","3.0","3.9","42.31","31.8","29.0","55.3","97.7","35.4","","267.5","9.11","10.32","0.53","19.8","32.3","89.5","0.089","0.398","4.5"
"Dunlop Comfort Poly 17","51","Slow","Polyester","1.25","1.23","2.1","3.0","3.9","29.50","40.7","19.6","26.7","56.2","13.7","","282.3","8.18","13.04","-0.07","21.2","41.7","91.8","0.089","0.398","4.5"
"Dunlop Comfort Poly 17","51","Medium","Polyester","1.25","1.23","2.1","3.0","3.9","29.88","36.4","26.2","44.3","74.3","24.3","","262.9","8.18","12.66","0.22","21.2","41.5","89.1","0.089","0.398","4.5"
"Dunlop Comfort Poly 17","51","Fast","Polyester","1.25","1.23","2.1","3.0","3.9","29.90","34.2","31.1","56.2","86.2","33.5","","236.6","8.18","12.64","0.53","21.4","42.1","87.0","0.089","0.398","4.5"
"Dunlop Comfort Poly 17","40","Slow","Polyester","1.25","1.23","2.1","3.0","3.9","16.65","46.0","22.3","29.5","46.3","12.9","","241.2","6.09","16.95","-0.06","22.9","57.9","89.9","0.089","0.398","4.5"
"Dunlop Comfort Poly 17","40","Medium","Polyester","1.25","1.23","2.1","3.0","3.9","17.07","40.5","29.4","45.9","62.8","23.1","","214.9","6.09","16.53","0.47","23.2","58.2","85.2","0.089","0.398","4.5"
"Dunlop Comfort Poly 17","40","Fast","Polyester","1.25","1.23","2.1","3.0","3.9","17.07","37.8","34.0","56.9","73.9","31.4","","200.0","6.09","16.53","0.47","23.2","58.2","81.0","0.089","0.398","4.5"
"Dunlop Comfort Synthetic 16","62","Slow","Nylon","1.3","1.32","7.9","9.4","10.0","51.09","36.7","17.0","15.0","65.9","14.0","","209.7","7.52","3.13","0.00","10.6","17.2","96.2","0.11","0.452","4.1"
"Dunlop Comfort Synthetic 16","62","Medium","Nylon","1.3","1.32","7.9","9.4","10.0","50.83","34.0","24.0","29.3","80.3","24.1","","207.5","7.52","3.39","0.09","11.0","17.8","96.2","0.11","0.452","4.1"
"Dunlop Comfort Synthetic 16","62","Fast","Nylon","1.3","1.32","7.9","9.4","10.0","50.58","32.1","29.1","43.0","93.7","34.0","","207.5","7.52","3.64","0.20","11.2","18.4","93.7","0.11","0.452","4.1"
"Dunlop Comfort Synthetic 16","51","Slow","Nylon","1.3","1.32","7.9","9.4","10.0","41.34","39.6","18.2","15.2","56.4","12.8","","186.9","6.42","2.96","0.02","9.5","18.5","97.4","0.11","0.452","4.1"
"Dunlop Comfort Synthetic 16","51","Medium","Nylon","1.3","1.32","7.9","9.4","10.0","41.01","36.3","26.0","30.2","71.2","23.1","","181.2","6.42","3.29","0.02","9.7","19.2","94.9","0.11","0.452","4.1"
"Dunlop Comfort Synthetic 16","51","Fast","Nylon","1.3","1.32","7.9","9.4","10.0","40.86","34.1","31.1","42.1","82.9","32.3","","177.2","6.42","3.44","0.13","9.9","19.7","92.7","0.11","0.452","4.1"
"Dunlop Comfort Synthetic 16","40","Slow","Nylon","1.3","1.32","7.9","9.4","10.0","29.64","44.6","21.0","15.9","45.4","11.9","","145.7","6.37","3.68","0.05","10.1","25.4","97.0","0.11","0.452","4.1"
"Dunlop Comfort Synthetic 16","40","Medium","Nylon","1.3","1.32","7.9","9.4","10.0","29.50","40.1","29.0","29.8","59.3","21.5","","144.0","6.37","3.82","0.06","10.1","25.8","94.1","0.11","0.452","4.1"
"Dunlop Comfort Synthetic 16","40","Fast","Nylon","1.3","1.32","7.9","9.4","10.0","29.37","37.6","34.1","41.5","70.8","30.2","","144.0","6.37","3.95","0.13","10.4","26.3","90.1","0.11","0.452","4.1"
"Mantis Comfort Synthetic 16","62","Slow","Nylon","1.3","1.32","8.8","10.0","11.5","49.92","37.2","17.7","11.9","61.7","13.7","","154.9","6.50","5.32","0.04","11.9","19.2","96.2","0.115","0.438","3.8"
"Mantis Comfort Synthetic 16","62","Medium","Nylon","1.3","1.32","8.8","10.0","11.5","49.52","34.6","24.2","26.0","75.6","22.9","","180.6","6.50","5.72","0.00","12.1","19.8","96.4","0.115","0.438","3.8"
"Mantis Comfort Synthetic 16","62","Fast","Nylon","1.3","1.32","8.8","10.0","11.5","49.33","32.9","29.9","37.9","87.3","32.7","","172.6","6.50","5.91","0.22","12.6","20.5","93.7","0.115","0.438","3.8"
"Mantis Comfort Synthetic 16","51","Slow","Nylon","1.3","1.32","8.8","10.0","11.5","38.85","41.1","19.3","12.8","51.6","12.4","","138.3","6.04","5.83","0.00","11.9","23.4","96.6","0.115","0.438","3.8"
"Mantis Comfort Synthetic 16","51","Medium","Nylon","1.3","1.32","8.8","10.0","11.5","38.65","37.8","26.9","26.7","65.3","21.9","","150.3","6.04","6.03","0.02","12.1","23.8","95.5","0.115","0.438","3.8"
"Mantis Comfort Synthetic 16","51","Fast","Nylon","1.3","1.32","8.8","10.0","11.5","38.50","35.5","32.0","37.7","76.1","30.5","","149.2","6.04","6.18","0.16","12.3","24.4","89.3","0.115","0.438","3.8"
"Mantis Comfort Synthetic 16","40","Slow","Nylon","1.3","1.32","8.8","10.0","11.5","29.06","45.5","21.7","13.7","42.8","11.6","","117.2","4.34","6.29","-0.02","10.6","26.7","95.5","0.115","0.438","3.8"
"Mantis Comfort Synthetic 16","40","Medium","Nylon","1.3","1.32","8.8","10.0","11.5","29.02","41.3","29.9","26.0","54.9","20.6","","117.7","4.34","6.33","0.05","10.8","27","93.7","0.115","0.438","3.8"
"Mantis Comfort Synthetic 16","40","Fast","Nylon","1.3","1.32","8.8","10.0","11.5","28.93","38.7","35.0","37.0","65.9","28.8","","122.3","4.34","6.42","0.13","10.8","27.4","90.4","0.115","0.438","3.8"
"Dunlop Comfort Synthetic 17","62","Slow","Nylon","1.25","1.26","7.6","8.8","9.7","52.06","35.6","16.2","15.0","67.0","13.6","","233.7","6.37","3.31","-0.13","9.5","15.5","99.0","NA","NA","NA"
"Dunlop Comfort Synthetic 17","62","Medium","Nylon","1.25","1.26","7.6","8.8","9.7","51.84","33.3","23.9","30.0","81.8","24.5","","212.6","6.37","3.53","0.15","10.1","16.3","95.8","NA","NA","NA"
"Dunlop Comfort Synthetic 17","62","Fast","Nylon","1.25","1.26","7.6","8.8","9.7","51.49","31.5","28.1","43.0","94.6","33.3","","221.2","6.37","3.88","0.38","10.6","17.2","95.3","NA","NA","NA"
"Dunlop Comfort Synthetic 17","51","Slow","Nylon","1.25","1.26","7.6","8.8","9.7","41.59","39.1","18.0","15.9","57.6","13.0","","198.3","5.53","3.60","-0.02","9.0","18","98.4","NA","NA","NA"
"Dunlop Comfort Synthetic 17","51","Medium","Nylon","1.25","1.26","7.6","8.8","9.7","41.41","35.7","25.9","31.1","72.5","23.5","","188.6","5.53","3.78","0.07","9.3","18.5","94.7","NA","NA","NA"
"Dunlop Comfort Synthetic 17","51","Fast","Nylon","1.25","1.26","7.6","8.8","9.7","41.21","33.7","30.9","43.2","84.2","32.5","","184.0","5.53","3.98","0.33","9.9","19.4","93.5","NA","NA","NA"
"Dunlop Comfort Synthetic 17","40","Slow","Nylon","1.25","1.26","7.6","8.8","9.7","28.58","44.5","21.0","16.5","45.2","11.9","","152.0","7.28","3.83","0.00","11.0","28","96.8","NA","NA","NA"
"Dunlop Comfort Synthetic 17","40","Medium","Nylon","1.25","1.26","7.6","8.8","9.7","28.51","39.8","28.9","30.6","59.3","21.4","","149.7","7.28","3.90","0.04","11.2","28.3","94.1","NA","NA","NA"
"Dunlop Comfort Synthetic 17","40","Fast","Nylon","1.25","1.26","7.6","8.8","9.7","28.40","37.4","34.0","41.7","70.1","29.8","","146.9","7.28","4.01","0.13","11.5","28.8","89.5","NA","NA","NA"
"Kirschbaum Competition 16/1.30","62","Slow","Polyester","1.3","1.30","1.5","2.7","4.2","39.51","38.0","18.0","23.4","62.8","14.2","","293.2","8.82","13.41","-0.29","22.1","35.5","97.4","0.082","0.403","4.9"
"Kirschbaum Competition 16/1.30","62","Medium","Polyester","1.3","1.30","1.5","2.7","4.2","40.02","34.3","25.0","41.7","81.8","25.5","","270.9","8.82","12.90","0.22","22.1","35.5","93.7","0.082","0.403","4.9"
"Kirschbaum Competition 16/1.30","62","Fast","Polyester","1.3","1.30","1.5","2.7","4.2","39.98","32.4","29.9","53.8","93.7","35.1","","245.2","8.82","12.94","0.51","22.3","36.1","89.1","0.082","0.403","4.9"
"Kirschbaum Competition 16/1.30","51","Slow","Polyester","1.3","1.30","1.5","2.7","4.2","26.55","42.2","20.0","25.8","52.5","13.1","","262.3","8.71","15.46","-0.35","23.8","47","96.0","0.082","0.403","4.9"
"Kirschbaum Competition 16/1.30","51","Medium","Polyester","1.3","1.30","1.5","2.7","4.2","27.21","38.1","27.6","42.6","69.9","24.1","","227.5","8.71","14.80","0.26","23.8","46.9","94.3","0.082","0.403","4.9"
"Kirschbaum Competition 16/1.30","51","Fast","Polyester","1.3","1.30","1.5","2.7","4.2","27.21","35.6","32.1","53.1","80.5","32.2","","210.3","8.71","14.80","0.57","24.0","47.5","84.6","0.082","0.403","4.9"
"Kirschbaum Competition 16/1.30","40","Slow","Polyester","1.3","1.30","1.5","2.7","4.2","18.19","45.9","22.0","28.0","46.1","12.7","","234.9","5.78","15.72","-0.18","21.4","53.7","91.6","0.082","0.403","4.9"
"Kirschbaum Competition 16/1.30","40","Medium","Polyester","1.3","1.30","1.5","2.7","4.2","18.74","40.6","29.8","43.7","62.4","23.2","","199.5","5.78","15.17","0.33","21.2","53.6","84.6","0.082","0.403","4.9"
"Kirschbaum Competition 16/1.30","40","Fast","Polyester","1.3","1.30","1.5","2.7","4.2","18.74","38.3","34.1","53.4","72.1","30.8","","186.3","5.78","15.17","0.44","21.4","53.9","79.7","0.082","0.403","4.9"
"Kirschbaum Competition 17 (1.25)","62","Slow","Polyester","1.25","1.26","2.4","3.6","4.8","39.16","37.3","17.9","23.8","62.8","14.1","","299.5","9.92","12.66","-0.42","22.1","35.9","95.1","0.103","0.463","4.5"
"Kirschbaum Competition 17 (1.25)","62","Medium","Polyester","1.25","1.26","2.4","3.6","4.8","39.82","34.1","24.1","40.8","80.7","24.3","","286.9","9.92","12.00","0.13","22.1","35.7","92.9","0.103","0.463","4.5"
"Kirschbaum Competition 17 (1.25)","62","Fast","Polyester","1.25","1.26","2.4","3.6","4.8","39.80","32.3","29.1","52.7","92.4","33.6","","253.2","9.92","12.02","0.42","22.3","36.2","88.7","0.103","0.463","4.5"
"Kirschbaum Competition 17 (1.25)","51","Slow","Polyester","1.25","1.26","2.4","3.6","4.8","26.59","41.8","20.0","25.8","52.3","13.1","","261.2","9.13","15.00","-0.29","23.8","47","94.1","0.103","0.463","4.5"
"Kirschbaum Competition 17 (1.25)","51","Medium","Polyester","1.25","1.26","2.4","3.6","4.8","27.14","37.5","27.0","41.7","69.0","23.3","","233.2","9.13","14.45","0.28","23.8","47","90.2","0.103","0.463","4.5"
"Kirschbaum Competition 17 (1.25)","51","Fast","Polyester","1.25","1.26","2.4","3.6","4.8","27.12","35.3","32.0","52.9","80.0","32.0","","210.3","9.13","14.47","0.48","24.0","47.5","84.5","0.103","0.463","4.5"
"Kirschbaum Competition 17 (1.25)","40","Slow","Polyester","1.25","1.26","2.4","3.6","4.8","15.44","47.1","23.0","27.6","43.0","12.4","","211.5","6.31","17.94","-0.17","24.0","60.7","90.6","0.103","0.463","4.5"
"Kirschbaum Competition 17 (1.25)","40","Medium","Polyester","1.25","1.26","2.4","3.6","4.8","16.07","41.8","30.0","41.7","57.8","21.7","","188.0","6.31","17.31","0.37","24.0","60.4","83.7","0.103","0.463","4.5"
"Kirschbaum Competition 17 (1.25)","40","Fast","Polyester","1.25","1.26","2.4","3.6","4.8","16.07","39.2","35.0","51.6","67.7","29.6","","171.5","6.31","17.31","0.39","24.0","60.5","77.8","0.103","0.463","4.5"
"Kirschbaum Competition 17L (1.20)","62","Slow","Polyester","1.2","1.19","2.7","4.2","5.2","36.14","39.3","18.4","21.8","58.0","13.3","","264.6","10.17","15.43","-0.29","25.4","41","94.3","0.103","0.422","4.1"
"Kirschbaum Competition 17L (1.20)","62","Medium","Polyester","1.2","1.19","2.7","4.2","5.2","36.67","35.6","25.9","37.5","74.1","24.0","","226.3","10.17","14.90","0.22","25.4","41","92.7","0.103","0.422","4.1"
"Kirschbaum Competition 17L (1.20)","62","Fast","Polyester","1.2","1.19","2.7","4.2","5.2","36.63","33.8","30.1","48.3","84.9","32.0","","216.0","10.17","14.94","0.51","25.6","41.5","89.5","0.103","0.422","4.1"
"Kirschbaum Competition 17L (1.20)","51","Slow","Polyester","1.2","1.19","2.7","4.2","5.2","27.89","42.1","20.0","23.6","51.4","12.8","","238.9","7.96","14.87","-0.27","22.5","44.5","95.5","0.103","0.422","4.1"
"Kirschbaum Competition 17L (1.20)","51","Medium","Polyester","1.2","1.19","2.7","4.2","5.2","28.36","38.1","27.2","37.9","66.2","22.5","","207.5","7.96","14.40","0.31","22.7","44.7","91.0","0.103","0.422","4.1"
"Kirschbaum Competition 17L (1.20)","51","Fast","Polyester","1.2","1.19","2.7","4.2","5.2","28.36","35.9","32.1","48.1","76.5","30.6","","190.3","7.96","14.40","0.44","22.7","45","86.1","0.103","0.422","4.1"
"Kirschbaum Competition 17L (1.20)","40","Slow","Polyester","1.2","1.19","2.7","4.2","5.2","16.87","47.2","23.0","25.8","42.8","12.3","","198.3","6.75","16.07","-0.13","22.7","57.2","92.9","0.103","0.422","4.1"
"Kirschbaum Competition 17L (1.20)","40","Medium","Polyester","1.2","1.19","2.7","4.2","5.2","17.24","42.3","30.0","38.1","55.3","20.8","","171.5","6.75","15.70","0.39","22.9","57.6","84.6","0.103","0.422","4.1"
"Kirschbaum Competition 17L (1.20)","40","Fast","Polyester","1.2","1.19","2.7","4.2","5.2","17.20","39.8","35.7","48.1","65.3","29.2","","153.2","6.75","15.74","0.42","22.9","57.7","79.6","0.103","0.422","4.1"
"Gosen Compositemaster I 16","62","Slow","Nylon","1.28","1.2 x","7.9","9.1","10.3","50.21","37.4","17.3","13.5","63.7","13.8","","181.7","6.68","4.85","0.00","11.5","18.7","98.0","0.083","0.345","4.2"
"Gosen Compositemaster I 16","62","Medium","Nylon","1.28","1.2 x","7.9","9.1","10.3","49.88","34.7","24.5","28.4","78.3","23.9","","192.6","6.68","5.18","0.05","11.9","19.3","96.6","0.083","0.345","4.2"
"Gosen Compositemaster I 16","62","Fast","Nylon","1.28","1.2 x","7.9","9.1","10.3","49.68","32.8","30.0","41.0","90.6","34.0","","184.6","6.68","5.38","0.20","12.3","19.9","93.9","0.083","0.345","4.2"
"Gosen Compositemaster I 16","51","Slow","Nylon","1.28","1.2 x","7.9","9.1","10.3","40.46","40.6","19.0","14.6","55.1","13.1","","165.2","5.80","4.46","0.02","10.4","20.3","95.8","0.083","0.345","4.2"
"Gosen Compositemaster I 16","51","Medium","Nylon","1.28","1.2 x","7.9","9.1","10.3","40.26","37.1","26.7","30.0","70.1","23.4","","170.9","5.80","4.66","0.04","10.6","20.7","94.1","0.083","0.345","4.2"
"Gosen Compositemaster I 16","51","Fast","Nylon","1.28","1.2 x","7.9","9.1","10.3","40.09","34.9","32.0","41.7","81.8","32.7","","165.2","5.80","4.83","0.18","10.8","21.3","91.8","0.083","0.345","4.2"
"Gosen Compositemaster I 16","40","Slow","Nylon","1.28","1.2 x","7.9","9.1","10.3","30.08","44.9","21.1","15.4","45.4","12.0","","140.0","5.27","4.34","0.07","9.7","24.4","94.7","0.083","0.345","4.2"
"Gosen Compositemaster I 16","40","Medium","Nylon","1.28","1.2 x","7.9","9.1","10.3","29.92","40.5","29.1","29.8","59.8","21.8","","142.9","5.27","4.50","0.06","9.9","24.8","92.5","0.083","0.345","4.2"
"Gosen Compositemaster I 16","40","Fast","Nylon","1.28","1.2 x","7.9","9.1","10.3","29.79","38.0","34.6","40.8","70.6","30.5","","138.3","5.27","4.63","0.15","10.1","25.3","90.8","0.083","0.345","4.2"
"Gosen Compositemaster II 16","62","Slow","Nylon","1.28","1.0 x","9.1","10.6","12.1","48.09","38.4","18.0","13.7","61.7","13.9","","170.3","7.47","6.18","0.00","13.7","22.1","96.4","0.079","0.352","4.5"
"Gosen Compositemaster II 16","62","Medium","Nylon","1.28","1.0 x","9.1","10.6","12.1","47.78","35.6","25.3","27.3","75.2","23.8","","173.2","7.47","6.49","0.00","13.9","22.6","96.2","0.079","0.352","4.5"
"Gosen Compositemaster II 16","62","Fast","Nylon","1.28","1.0 x","9.1","10.6","12.1","47.61","33.7","30.3","38.8","86.4","32.7","","171.5","7.47","6.66","0.25","14.3","23.3","94.1","0.079","0.352","4.5"
"Gosen Compositemaster II 16","51","Slow","Nylon","1.28","1.0 x","9.1","10.6","12.1","39.49","41.4","19.7","14.1","53.6","13.2","","148.0","5.84","5.39","0.00","11.2","22.1","96.6","0.079","0.352","4.5"
"Gosen Compositemaster II 16","51","Medium","Nylon","1.28","1.0 x","9.1","10.6","12.1","39.20","37.9","27.0","27.6","66.6","22.5","","152.6","5.84","5.68","0.06","11.5","22.8","94.3","0.079","0.352","4.5"
"Gosen Compositemaster II 16","51","Fast","Nylon","1.28","1.0 x","9.1","10.6","12.1","39.03","35.7","32.2","38.4","77.4","31.1","","150.9","5.84","5.85","0.22","11.9","23.5","93.1","0.079","0.352","4.5"
"Gosen Compositemaster II 16","40","Slow","Nylon","1.28","1.0 x","9.1","10.6","12.1","29.15","45.9","21.9","14.3","43.7","11.9","","121.7","5.89","4.65","0.02","10.6","26.6","92.7","0.079","0.352","4.5"
"Gosen Compositemaster II 16","40","Medium","Nylon","1.28","1.0 x","9.1","10.6","12.1","29.02","41.4","30.0","28.4","57.3","21.5","","128.6","5.89","4.78","0.07","10.8","27.1","92.7","0.079","0.352","4.5"
"Gosen Compositemaster II 16","40","Fast","Nylon","1.28","1.0 x","9.1","10.6","12.1","28.89","38.8","35.3","38.6","67.5","29.7","","126.3","5.89","4.91","0.14","11.0","27.6","89.3","0.079","0.352","4.5"
"Solinco Confidential 16 (1.30)","51","Fast","Polyester","1.3","1.2 x","9.1","9.4","10.3","39.67","32.9","30.4","50.5","90.2","34.3","16.7","222.3","2.80","8.25","0.22","11.2","22.2","89.5","0.1","0.637","6.4"
"Solinco Confidential Soft 16L (1.25)","51","Fast","Polyester","1.25","1.00","7.9","10.6","11.5","36.82","34.2","31.9","48.5","85.3","34.0","16.0","194.3","3.79","10.11","0.13","14.1","27.7","86.9","0.081","0.525","6.5"
"Babolat Conquest 16","40","Slow","Nylon","1.3","1.32","7.0","8.5","9.7","26.86","45.9","21.8","16.5","43.4","11.9","","141.7","7.23","5.60","0.03","12.8","32.4","95.1","0.097","0.413","4.3"
"Babolat Conquest 16","40","Medium","Nylon","1.3","1.32","7.0","8.5","9.7","26.72","40.9","30.0","31.8","58.7","21.9","","144.0","7.23","5.74","0.08","13.0","32.9","91.2","0.097","0.413","4.3"
"Babolat Conquest 16","40","Fast","Nylon","1.3","1.32","7.0","8.5","9.7","26.59","38.3","35.1","42.6","69.0","30.4","","139.4","7.23","5.87","0.15","13.2","33.4","88.4","0.097","0.413","4.3"
"Babolat Conquest 16","62","Slow","Nylon","1.3","1.32","7.0","8.5","9.7","46.37","38.0","17.8","15.4","61.7","13.7","","198.3","9.35","6.02","0.07","15.4","25","95.6","0.097","0.413","4.3"
"Babolat Conquest 16","62","Medium","Nylon","1.3","1.32","7.0","8.5","9.7","45.89","34.7","25.1","32.0","77.8","24.4","","206.9","9.35","6.50","0.07","15.9","25.8","94.7","0.097","0.413","4.3"
"Babolat Conquest 16","62","Fast","Nylon","1.3","1.32","7.0","8.5","9.7","45.58","32.8","30.0","44.8","90.4","33.9","","201.7","9.35","6.81","0.25","16.3","26.6","91.2","0.097","0.413","4.3"
"Babolat Conquest 16","51","Fast","Nylon","1.3","1.32","7.0","8.5","9.7","35.63","35.3","32.1","44.5","80.0","32.2","","174.9","8.38","6.71","0.24","15.4","30.2","90.8","0.097","0.413","4.3"
"Babolat Conquest 16","51","Medium","Nylon","1.3","1.32","7.0","8.5","9.7","35.85","37.5","27.3","32.4","68.4","23.3","","176.0","8.38","6.49","0.08","15.0","29.5","93.7","0.097","0.413","4.3"
"Babolat Conquest 16","51","Slow","Nylon","1.3","1.32","7.0","8.5","9.7","36.07","41.6","19.5","15.7","51.8","12.7","","167.4","8.38","6.27","0.02","14.6","28.9","96.8","0.097","0.413","4.3"
"IsoSpeed Control 16","62","Slow","Nylon/Polyolefin","1.3","1.33","3.9","5.2","6.1","49.02","37.6","17.8","13.5","62.4","13.9","","171.5","6.50","6.22","0.20","13.0","20.9","96.8","NA","NA","NA"
"IsoSpeed Control 16","62","Medium","Nylon/Polyolefin","1.3","1.33","3.9","5.2","6.1","48.47","35.3","25.0","25.8","74.3","23.2","","167.4","6.50","6.77","0.16","13.5","21.8","96.2","NA","NA","NA"
"IsoSpeed Control 16","62","Fast","Nylon/Polyolefin","1.3","1.33","3.9","5.2","6.1","48.05","33.6","30.0","35.3","83.3","31.3","","159.4","6.50","7.19","0.33","14.1","22.7","93.3","NA","NA","NA"
"IsoSpeed Control 16","51","Slow","Nylon/Polyolefin","1.3","1.33","3.9","5.2","6.1","38.85","40.8","19.0","15.0","53.8","12.8","","167.4","5.73","6.14","0.06","11.9","23.5","96.2","NA","NA","NA"
"IsoSpeed Control 16","51","Medium","Nylon/Polyolefin","1.3","1.33","3.9","5.2","6.1","38.50","37.7","26.7","27.6","66.2","22.1","","157.2","5.73","6.49","0.16","12.3","24.4","94.3","NA","NA","NA"
"IsoSpeed Control 16","51","Fast","Nylon/Polyolefin","1.3","1.33","3.9","5.2","6.1","38.17","35.7","32.0","37.7","75.9","30.4","","149.7","5.73","6.82","0.31","12.8","25.3","91.2","NA","NA","NA"
"IsoSpeed Control 16","40","Slow","Nylon/Polyolefin","1.3","1.33","3.9","5.2","6.1","28.05","45.1","21.6","17.0","45.2","12.2","","148.0","4.85","6.79","0.07","11.7","29.5","95.1","NA","NA","NA"
"IsoSpeed Control 16","40","Medium","Nylon/Polyolefin","1.3","1.33","3.9","5.2","6.1","27.85","41.0","29.7","30.0","57.8","21.4","","138.3","4.85","6.99","0.13","11.9","30.2","92.7","NA","NA","NA"
"IsoSpeed Control 16","40","Fast","Nylon/Polyolefin","1.3","1.33","3.9","5.2","6.1","27.61","38.5","34.8","39.7","67.3","29.3","","133.2","4.85","7.23","0.31","12.3","31.2","90.8","NA","NA","NA"
"IsoSpeed Control Classic 16","62","Slow","Polyolefin","1.3","1.33","2.7","4.2","4.5","47.91","38.2","18.0","12.6","60.4","13.6","","156.6","7.94","5.89","0.17","14.1","22.7","98.0","0.17","0.386","2.3"
"IsoSpeed Control Classic 16","62","Medium","Polyolefin","1.3","1.33","2.7","4.2","4.5","47.03","36.2","25.6","23.4","70.6","22.6","","144.6","7.94","6.77","0.26","15.0","24.3","93.7","0.17","0.386","2.3"
"IsoSpeed Control Classic 16","62","Fast","Polyolefin","1.3","1.33","2.7","4.2","4.5","46.35","34.7","31.0","31.5","78.1","30.2","","133.7","7.94","7.45","0.35","15.7","25.5","92.0","0.17","0.386","2.3"
"IsoSpeed Control Classic 16","51","Slow","Polyolefin","1.3","1.33","2.7","4.2","4.5","36.05","41.7","19.9","15.4","51.4","12.8","","158.3","7.41","7.26","0.11","14.8","29.1","95.3","0.17","0.386","2.3"
"IsoSpeed Control Classic 16","51","Medium","Polyolefin","1.3","1.33","2.7","4.2","4.5","35.46","38.7","27.7","26.9","62.4","21.6","","142.3","7.41","7.85","0.27","15.4","30.6","93.7","0.17","0.386","2.3"
"IsoSpeed Control Classic 16","51","Fast","Polyolefin","1.3","1.33","2.7","4.2","4.5","34.91","36.7","33.0","36.4","71.2","29.4","","136.0","7.41","8.40","0.49","16.3","32.1","91.4","0.17","0.386","2.3"
"IsoSpeed Control Classic 16","40","Slow","Polyolefin","1.3","1.33","2.7","4.2","4.5","26.11","45.6","21.9","17.9","43.9","12.0","","152.0","5.82","7.76","0.05","13.7","34.3","91.0","0.17","0.386","2.3"
"IsoSpeed Control Classic 16","40","Medium","Polyolefin","1.3","1.33","2.7","4.2","4.5","25.82","41.5","30.0","30.2","56.0","21.0","","137.2","5.82","8.05","0.22","14.1","35.5","91.0","0.17","0.386","2.3"
"IsoSpeed Control Classic 16","40","Fast","Polyolefin","1.3","1.33","2.7","4.2","4.5","25.49","38.9","35.2","40.6","66.2","29.1","","133.7","5.82","8.38","0.40","14.6","36.8","89.1","0.17","0.386","2.3"
"IsoSpeed Cream 17 (1.28)","51","Fast","Polyester","1.28","1.33","2.7","3.9","6.1","36.78","34.9","32.3","45.6","82.2","33.2","15.9","177.7","6.84","7.10","0.33","14.3","28.1","89.7","NA","NA","NA"
"Topspin Cyber Blue 16","62","Slow","Polyester","1.3","1.29","2.1","3.0","4.2","34.13","40.0","19.0","22.5","56.7","13.5","","253.7","9.77","17.84","-0.44","27.1","44","95.6","0.079","0.456","5.8"
"Topspin Cyber Blue 16","62","Medium","Polyester","1.3","1.29","2.1","3.0","4.2","34.93","36.1","26.0","37.5","72.5","23.6","","225.7","9.77","17.04","0.20","26.9","43.8","93.7","0.079","0.456","5.8"
"Topspin Cyber Blue 16","62","Fast","Polyester","1.3","1.29","2.1","3.0","4.2","34.97","34.2","31.0","48.1","83.1","32.2","","203.5","9.77","17.00","0.53","27.3","44.2","87.6","0.079","0.456","5.8"
"Topspin Cyber Blue 16","51","Slow","Polyester","1.3","1.29","2.1","3.0","4.2","28.55","41.7","20.0","23.6","52.0","13.0","","239.5","7.39","14.78","-0.38","21.8","43","96.0","0.079","0.456","5.8"
"Topspin Cyber Blue 16","51","Medium","Polyester","1.3","1.29","2.1","3.0","4.2","29.19","37.6","27.0","38.4","67.5","22.8","","213.7","7.39","14.14","0.19","21.8","42.8","90.2","0.079","0.456","5.8"
"Topspin Cyber Blue 16","51","Fast","Polyester","1.3","1.29","2.1","3.0","4.2","29.19","35.7","32.0","47.8","77.0","30.8","","189.7","7.39","14.14","0.46","22.1","43.3","84.1","0.079","0.456","5.8"
"Topspin Cyber Blue 16","40","Slow","Polyester","1.3","1.29","2.1","3.0","4.2","19.69","45.5","22.0","25.8","45.4","12.5","","217.2","5.76","14.24","-0.15","19.8","50","92.5","0.079","0.456","5.8"
"Topspin Cyber Blue 16","40","Medium","Polyester","1.3","1.29","2.1","3.0","4.2","20.18","40.6","29.2","39.0","59.3","21.6","","185.7","5.76","13.75","0.27","19.8","49.8","86.7","0.079","0.456","5.8"
"Topspin Cyber Blue 16","40","Fast","Polyester","1.3","1.29","2.1","3.0","4.2","20.15","38.2","34.0","49.4","69.7","29.6","","173.7","5.76","13.78","0.39","19.8","50.2","82.1","0.079","0.456","5.8"
"Topspin Cyber Blue 17","62","Slow","Polyester","1.25","NA","2.1","3.3","4.5","33.67","40.1","19.0","22.7","56.4","13.4","","256.0","9.39","18.68","-0.46","27.6","44.7","96.6","0.09","0.457","5.1"
"Topspin Cyber Blue 17","62","Medium","Polyester","1.25","NA","2.1","3.3","4.5","34.35","36.4","26.0","37.3","71.7","23.3","","224.0","9.39","18.00","0.22","27.6","44.7","92.2","0.09","0.457","5.1"
"Topspin Cyber Blue 17","62","Fast","Polyester","1.25","NA","2.1","3.3","4.5","34.33","34.6","31.0","47.2","81.6","31.7","","199.5","9.39","18.02","0.59","28.0","45.4","87.6","0.09","0.457","5.1"
"Topspin Cyber Blue 17","51","Slow","Polyester","1.25","NA","2.1","3.3","4.5","27.01","42.4","20.1","24.0","50.9","12.8","","241.7","7.76","15.95","-0.57","23.2","45.6","94.5","0.09","0.457","5.1"
"Topspin Cyber Blue 17","51","Medium","Polyester","1.25","NA","2.1","3.3","4.5","27.85","38.3","27.9","37.9","65.9","23.0","","198.3","7.76","15.11","0.24","23.2","45.6","90.1","0.09","0.457","5.1"
"Topspin Cyber Blue 17","51","Fast","Polyester","1.25","NA","2.1","3.3","4.5","27.83","36.3","32.3","47.0","74.7","30.1","","183.5","7.76","15.13","0.51","23.4","46.1","83.9","0.09","0.457","5.1"
"Topspin Cyber Blue 17","40","Slow","Polyester","1.25","NA","2.1","3.3","4.5","19.51","45.7","22.0","25.4","45.0","12.4","","213.7","5.95","14.23","-0.25","19.8","50.2","92.5","0.09","0.457","5.1"
"Topspin Cyber Blue 17","40","Medium","Polyester","1.25","NA","2.1","3.3","4.5","20.09","40.9","29.8","39.2","59.3","22.1","","179.5","5.95","13.65","0.31","19.8","50.2","85.9","0.09","0.457","5.1"
"Topspin Cyber Blue 17","40","Fast","Polyester","1.25","NA","2.1","3.3","4.5","20.09","38.5","34.2","48.7","68.8","29.3","","169.7","5.95","13.65","8.80","28.4","71.6","82.4","0.09","0.457","5.1"
"Topspin Cyber Blue 17L (1.20)","51","Fast","Polyester","1.2","1.26","2.1","8.5","4.8","34.05","35.3","32.2","47.0","81.1","32.6","15.5","184.6","3.73","12.94","0.40","17.0","33.7","87.4","0.083","0.425","5.1"
"Topspin Cyber Delta 17 (1.26)","51","Fast","Polyester","1.25","1.27","3.6","3.6","9.1","33.41","34.9","32.1","51.2","84.5","34.0","15.8","200.6","5.07","12.24","0.29","17.6","34.7","87.8","0.09","0.504","5.6"
"Topspin Cyber Flash 16","62","Medium","Polyester","1.3","1.30","1.8","3.3","4.5","33.30","36.6","26.0","37.7","71.0","23.1","","226.3","9.90","18.54","0.22","28.7","46.4","89.9","0.093","0.445","4.8"
"Topspin Cyber Flash 16","62","Fast","Polyester","1.3","1.30","1.8","3.3","4.5","33.27","34.8","31.7","47.8","81.1","32.1","","193.7","9.90","18.57","0.53","28.9","47","87.6","0.093","0.445","4.8"
"Topspin Cyber Flash 16","51","Slow","Polyester","1.3","1.30","1.8","3.3","4.5","27.08","42.4","20.0","24.3","51.2","12.8","","245.2","7.92","15.72","-0.24","23.4","46.1","93.1","0.093","0.445","4.8"
"Topspin Cyber Flash 16","51","Medium","Polyester","1.3","1.30","1.8","3.3","4.5","27.63","38.2","27.8","37.9","65.5","22.8","","199.5","7.92","15.17","0.29","23.4","46.1","89.5","0.093","0.445","4.8"
"Topspin Cyber Flash 16","51","Fast","Polyester","1.3","1.30","1.8","3.3","4.5","27.61","36.2","32.2","47.2","74.7","30.0","","185.2","7.92","15.19","0.47","23.6","46.5","85.0","0.093","0.445","4.8"
"Topspin Cyber Flash 16","40","Slow","Polyester","1.3","1.30","1.8","3.3","4.5","18.52","46.1","22.0","25.6","44.1","12.2","","214.3","5.73","15.44","-0.24","20.9","52.7","92.5","0.093","0.445","4.8"
"Topspin Cyber Flash 16","40","Medium","Polyester","1.3","1.30","1.8","3.3","4.5","19.14","41.1","29.9","39.2","58.4","21.8","","178.9","5.73","14.82","0.27","20.7","52.4","86.1","0.093","0.445","4.8"
"Topspin Cyber Flash 16","40","Fast","Polyester","1.3","1.30","1.8","3.3","4.5","19.12","38.7","34.3","48.5","67.5","28.9","","168.0","5.73","14.84","0.44","20.9","52.9","82.1","0.093","0.445","4.8"
"Topspin Cyber Flash 16","62","Slow","Polyester","1.3","1.30","1.8","3.3","4.5","32.63","40.5","19.7","22.7","55.3","13.6","","237.2","9.90","19.21","-0.36","28.7","46.6","95.6","0.093","0.445","4.8"
"Topspin Cyber Flash 17","62","Slow","Polyester","1.25","1.25","2.4","3.9","6.4","27.61","42.8","20.2","23.2","50.7","12.8","","229.2","11.62","22.51","-0.42","33.7","54.6","94.3","0.103","0.43","4.2"
"Topspin Cyber Flash 17","62","Medium","Polyester","1.25","1.25","2.4","3.9","6.4","28.42","38.6","28.0","36.8","65.3","22.8","","191.5","11.62","21.70","0.24","33.5","54.4","90.1","0.103","0.43","4.2"
"Topspin Cyber Flash 17","62","Fast","Polyester","1.25","1.25","2.4","3.9","6.4","28.42","36.5","33.0","46.1","74.5","30.7","","172.0","11.62","21.70","0.61","34.0","55","86.5","0.103","0.43","4.2"
"Topspin Cyber Flash 17","51","Slow","Polyester","1.25","1.25","2.4","3.9","6.4","23.62","44.3","21.9","23.8","47.6","13.0","","203.5","7.85","19.25","-0.06","27.1","53.3","95.3","0.103","0.43","4.2"
"Topspin Cyber Flash 17","51","Medium","Polyester","1.25","1.25","2.4","3.9","6.4","23.73","40.1","29.0","37.3","61.1","22.1","","180.0","7.85","19.14","0.31","27.3","53.8","89.5","0.103","0.43","4.2"
"Topspin Cyber Flash 17","51","Fast","Polyester","1.25","1.25","2.4","3.9","6.4","23.51","38.3","34.0","45.2","68.8","29.2","","158.9","7.85","19.36","0.64","27.8","54.9","83.4","0.103","0.43","4.2"
"Topspin Cyber Flash 17","40","Slow","Polyester","1.25","1.25","2.4","3.9","6.4","17.38","47.9","23.5","24.5","41.9","12.3","","180.0","5.67","16.64","-0.19","22.1","55.7","91.0","0.103","0.43","4.2"
"Topspin Cyber Flash 17","40","Medium","Polyester","1.25","1.25","2.4","3.9","6.4","17.62","42.6","31.0","37.5","54.9","21.3","","158.3","5.67","16.40","-0.22","21.8","55.1","86.1","0.103","0.43","4.2"
"Topspin Cyber Flash 17","40","Fast","Polyester","1.25","1.25","2.4","3.9","6.4","18.08","40.3","36.0","45.4","63.5","28.6","","142.9","5.67","15.94","0.44","22.1","55.6","82.1","0.103","0.43","4.2"
"Topspin Cyber Flash 17L","62","Slow","Polyester","1.2","1.19","2.7","4.2","7.6","26.79","43.4","20.8","22.3","49.0","12.7","","208.6","13.08","21.87","-0.40","34.6","56","93.7","0.098","0.446","4.6"
"Topspin Cyber Flash 17L","62","Medium","Polyester","1.2","1.19","2.7","4.2","7.6","27.54","39.0","28.0","35.7","63.3","22.1","","185.2","13.08","21.12","0.26","34.4","55.8","90.2","0.098","0.446","4.6"
"Topspin Cyber Flash 17L","62","Fast","Polyester","1.2","1.19","2.7","4.2","7.6","27.52","36.9","33.4","45.4","73.0","30.5","","166.3","13.08","21.14","0.51","34.8","56.2","86.3","0.098","0.446","4.6"
"Topspin Cyber Flash 17L","51","Slow","Polyester","1.2","1.19","2.7","4.2","7.6","20.70","46.3","22.1","22.7","43.4","12.0","","190.9","8.11","21.91","-0.29","29.8","58.6","93.3","0.098","0.446","4.6"
"Topspin Cyber Flash 17L","51","Medium","Polyester","1.2","1.19","2.7","4.2","7.6","21.34","41.6","30.0","35.1","56.4","21.2","","158.3","8.11","21.27","0.33","29.8","58.6","87.2","0.098","0.446","4.6"
"Topspin Cyber Flash 17L","51","Fast","Polyester","1.2","1.19","2.7","4.2","7.6","21.30","39.3","35.1","43.7","65.0","28.5","","144.0","8.11","21.31","0.55","30.0","59.1","83.2","0.098","0.446","4.6"
"Topspin Cyber Flash 17L","40","Slow","Polyester","1.2","1.19","2.7","4.2","7.6","16.25","48.8","24.0","23.4","39.5","11.8","","164.6","5.76","17.68","-0.02","23.4","59","91.0","0.098","0.446","4.6"
"Topspin Cyber Flash 17L","40","Medium","Polyester","1.2","1.19","2.7","4.2","7.6","16.56","43.8","31.8","35.1","51.6","20.5","","140.6","5.76","17.37","0.40","23.6","59.3","84.5","0.098","0.446","4.6"
"Topspin Cyber Flash 17L","40","Fast","Polyester","1.2","1.19","2.7","4.2","7.6","16.52","41.4","37.0","43.9","60.4","27.9","","130.3","5.76","17.41","0.51","23.6","59.7","80.5","0.098","0.446","4.6"
"Topspin Cyber Whirl 17 (1.24)","51","Fast","Polyester","1.24","1.29","2.7","9.1","4.2","37.26","33.8","31.9","50.9","88.2","35.1","16.1","204.0","3.77","9.69","0.26","13.7","27","87.8","0.092","0.534","5.8"
"Volkl Cyclone 16","62","Slow","Polyester","1.3","1.30","2.1","3.0","4.5","35.59","39.2","18.5","24.0","59.8","13.8","","285.8","11.03","15.12","-0.26","25.8","41.9","97.4","0.085","0.528","6.2"
"Volkl Cyclone 16","62","Medium","Polyester","1.3","1.30","2.1","3.0","4.5","36.12","35.5","25.8","40.1","76.3","24.6","","245.2","11.03","14.59","0.18","25.8","41.8","91.4","0.085","0.528","6.2"
"Volkl Cyclone 16","62","Fast","Polyester","1.3","1.30","2.1","3.0","4.5","36.12","33.7","30.1","51.6","87.8","33.0","","232.0","11.03","14.59","0.71","26.2","42.6","87.4","0.085","0.528","6.2"
"Volkl Cyclone 16","51","Slow","Polyester","1.3","1.30","2.1","3.0","4.5","26.44","42.4","20.0","25.8","52.3","13.1","","261.2","9.22","15.06","-0.26","24.0","47.3","95.8","0.085","0.528","6.2"
"Volkl Cyclone 16","51","Medium","Polyester","1.3","1.30","2.1","3.0","4.5","27.06","38.0","27.7","40.6","67.5","23.4","","214.3","9.22","14.44","0.36","24.0","47.3","89.1","0.085","0.528","6.2"
"Volkl Cyclone 16","51","Fast","Polyester","1.3","1.30","2.1","3.0","4.5","27.03","36.1","32.1","50.1","77.2","30.9","","197.2","9.22","14.47","0.61","24.3","47.9","83.5","0.085","0.528","6.2"
"Volkl Cyclone 16","40","Slow","Polyester","1.3","1.30","2.1","3.0","4.5","16.65","46.8","22.5","27.1","43.9","12.3","","219.5","6.88","16.16","0.00","22.9","58.1","92.0","0.085","0.528","6.2"
"Volkl Cyclone 16","40","Medium","Polyester","1.3","1.30","2.1","3.0","4.5","17.09","41.6","30.0","41.9","58.9","22.1","","188.6","6.88","15.72","0.44","22.9","58.1","83.0","0.085","0.528","6.2"
"Volkl Cyclone 16","40","Fast","Polyester","1.3","1.30","2.1","3.0","4.5","17.07","39.3","35.0","51.4","68.4","29.9","","170.3","6.88","15.74","0.58","23.2","58.4","80.6","0.085","0.528","6.2"
"Volkl Cyclone 17","62","Slow","Polyester","1.25","1.24","2.4","4.2","5.5","34.57","39.3","19.0","23.4","58.0","13.7","","264.0","10.23","16.94","-0.05","27.1","43.9","94.3","0.084","0.488","5.8"
"Volkl Cyclone 17","62","Medium","Polyester","1.25","1.24","2.4","4.2","5.5","34.86","35.8","25.8","39.0","73.9","23.9","","237.7","10.23","16.65","0.31","27.1","44","90.8","0.084","0.488","5.8"
"Volkl Cyclone 17","62","Fast","Polyester","1.25","1.24","2.4","4.2","5.5","34.82","34.0","30.6","49.8","84.7","32.5","","216.0","10.23","16.69","0.64","27.6","44.6","88.0","0.084","0.488","5.8"
"Volkl Cyclone 17","51","Slow","Polyester","1.25","1.24","2.4","4.2","5.5","26.09","42.3","20.0","25.4","51.4","12.8","","257.2","8.36","16.27","-0.59","24.0","47.4","93.7","0.084","0.488","5.8"
"Volkl Cyclone 17","51","Medium","Polyester","1.25","1.24","2.4","4.2","5.5","26.90","38.1","27.6","39.2","66.2","22.8","","208.6","8.36","15.46","0.31","24.0","47.6","89.7","0.084","0.488","5.8"
"Volkl Cyclone 17","51","Fast","Polyester","1.25","1.24","2.4","4.2","5.5","26.83","36.2","32.1","48.5","75.4","30.3","","191.5","8.36","15.53","0.52","24.5","48.1","84.5","0.084","0.488","5.8"
"Volkl Cyclone 17","40","Slow","Polyester","1.25","1.24","2.4","4.2","5.5","17.18","46.7","22.2","26.0","43.2","12.0","","214.3","6.13","16.38","-0.17","22.3","56.3","91.4","0.084","0.488","5.8"
"Volkl Cyclone 17","40","Medium","Polyester","1.25","1.24","2.4","4.2","5.5","17.75","41.8","30.0","39.7","57.3","21.5","","178.9","6.13","15.81","0.51","22.5","56.6","85.6","0.084","0.488","5.8"
"Volkl Cyclone 17","40","Fast","Polyester","1.25","1.24","2.4","4.2","5.5","17.66","39.5","35.0","48.7","66.4","29.1","","161.2","6.13","15.90","0.55","22.5","56.9","79.0","0.084","0.488","5.8"
"Volkl Cyclone 18","62","Slow","Polyester","1.2","1.21","3.3","4.2","5.8","35.10","39.2","18.6","22.9","58.0","13.5","","268.0","9.11","17.53","-0.64","26.0","42.1","95.3","0.082","0.58","7.1"
"Volkl Cyclone 18","62","Medium","Polyester","1.2","1.21","3.3","4.2","5.8","35.99","35.6","25.8","37.9","73.9","23.8","","231.5","9.11","16.64","0.27","26.0","42.1","91.2","0.082","0.58","7.1"
"Volkl Cyclone 18","62","Fast","Polyester","1.2","1.21","3.3","4.2","5.8","35.43","33.9","30.7","49.0","84.5","32.4","","210.9","9.11","17.20","0.30","26.7","43.1","88.7","0.082","0.58","7.1"
"Volkl Cyclone 18","51","Slow","Polyester","1.2","1.21","3.3","4.2","5.8","26.22","42.7","20.1","23.6","49.8","12.6","","237.2","8.31","16.19","-0.31","24.3","47.7","95.6","0.082","0.58","7.1"
"Volkl Cyclone 18","51","Medium","Polyester","1.2","1.21","3.3","4.2","5.8","26.77","38.4","27.8","38.4","65.3","22.7","","201.2","8.31","15.64","0.31","24.3","47.8","88.7","0.082","0.58","7.1"
"Volkl Cyclone 18","51","Fast","Polyester","1.2","1.21","3.3","4.2","5.8","26.75","36.4","32.8","48.1","74.7","30.7","","181.2","8.31","15.66","0.44","24.5","48.1","84.6","0.082","0.58","7.1"
"Volkl Cyclone 18","40","Slow","Polyester","1.2","1.21","3.3","4.2","5.8","16.82","47.2","23.0","25.6","42.3","12.2","","196.0","6.59","16.28","-0.31","22.5","56.8","91.4","0.082","0.58","7.1"
"Volkl Cyclone 18","40","Medium","Polyester","1.2","1.21","3.3","4.2","5.8","17.44","42.2","30.0","37.9","55.3","20.7","","170.9","6.59","15.66","0.24","22.5","56.7","84.1","0.082","0.58","7.1"
"Volkl Cyclone 18","40","Fast","Polyester","1.2","1.21","3.3","4.2","5.8","17.46","39.8","35.3","47.6","65.3","28.8","","155.4","6.59","15.64","0.04","22.3","56.1","79.6","0.082","0.58","7.1"
"Volkl Cyclone 18L (1.15)","51","Fast","Polyester","1.15","1.18","3.3","9.4","3.9","35.99","34.6","32.0","47.4","83.3","33.3","15.9","188.0","3.15","11.58","0.20","15.0","29.4","88.2","0.071","0.641","9"
"Volkl Cyclone 19 (1.10)","40","Slow","Polyester","1.1","NA","2.4","3.3","4.5","21.56","46.4","22.1","24.0","45.6","12.6","6.1","199.5","5.49","12.64","-0.07","18.1","45.5","93.5","0.071","0.582","8.2"
"Volkl Cyclone 19 (1.10)","40","Medium","Polyester","1.1","NA","2.4","3.3","4.5","20.51","40.8","30.0","40.6","61.1","22.9","10.6","182.9","5.49","13.69","-1.14","18.1","45.4","89.3","0.071","0.582","8.2"
"Volkl Cyclone 19 (1.10)","40","Fast","Polyester","1.1","NA","2.4","3.3","4.5","22.01","37.5","35.5","48.5","70.3","31.2","9.6","156.6","5.49","12.19","0.42","18.1","45.6","77.3","0.071","0.582","8.2"
"Volkl Cyclone 19 (1.10)","51","Slow","Polyester","1.1","NA","2.4","3.3","4.5","33.93","41.6","20.0","21.2","55.1","13.8","7.0","215.5","4.61","12.18","-0.36","16.3","32.4","96.6","0.071","0.582","8.2"
"Volkl Cyclone 19 (1.10)","51","Medium","Polyester","1.1","NA","2.4","3.3","4.5","34.46","37.1","27.7","36.4","70.8","24.5","11.8","192.0","4.61","11.65","0.22","16.5","32.5","92.2","0.071","0.582","8.2"
"Volkl Cyclone 19 (1.10)","51","Fast","Polyester","1.1","NA","2.4","3.3","4.5","34.46","35.0","32.0","46.3","80.7","32.3","15.7","182.9","4.61","11.65","0.57","16.8","33.2","88.5","0.071","0.582","8.2"
"Volkl Cyclone 19 (1.10)","62","Slow","Polyester","1.1","NA","2.4","3.3","4.5","41.94","39.2","18.3","19.6","61.7","14.2","7.4","238.3","4.32","15.48","-0.29","19.6","31.6","96.8","0.071","0.582","8.2"
"Volkl Cyclone 19 (1.10)","62","Medium","Polyester","1.1","NA","2.4","3.3","4.5","42.45","35.2","26.0","35.5","77.8","25.3","12.6","213.2","4.32","14.97","0.14","19.4","31.5","94.9","0.071","0.582","8.2"
"Volkl Cyclone 19 (1.10)","62","Fast","Polyester","1.1","NA","2.4","3.3","4.5","42.42","33.3","31.0","45.4","87.8","34.0","16.4","191.5","4.32","15.00","0.57","19.8","32.2","90.8","0.071","0.582","8.2"
"Volkl Cyclone Tour 16 (1.30)","51","Fast","Polyester","1.3","NA","7.3","2.7","4.5","24.70","37.6","34.2","48.1","72.8","31.1","14.4","167.4","6.39","19.63","0.40","26.5","52.1","83.2","0.068","0.592","8.7"
"Volkl Cyclone Tour 17 (1.25)","40","Slow","Polyester","1.25","NA","2.4","4.8","7.0","14.44","48.8","23.9","25.8","40.4","12.1","5.8","184.0","6.64","18.61","0.15","25.4","64","91.0","0.078","0.472","6.1"
"Volkl Cyclone Tour 17 (1.25)","40","Medium","Polyester","1.25","NA","2.4","4.8","7.0","14.66","43.7","31.8","37.7","52.5","20.9","9.6","152.0","6.64","18.39","0.33","25.4","63.9","82.8","0.078","0.472","6.1"
"Volkl Cyclone Tour 17 (1.25)","40","Fast","Polyester","1.25","NA","2.4","4.8","7.0","14.71","41.5","36.9","45.6","60.4","27.9","12.2","136.6","6.64","18.34","0.60","25.6","64.4","76.4","0.078","0.472","6.1"
"Volkl Cyclone Tour 17 (1.25)","51","Slow","Polyester","1.25","NA","2.4","4.8","7.0","24.23","43.7","20.7","24.0","48.3","12.5","6.6","228.6","7.12","19.37","-0.03","26.5","52.2","94.9","0.078","0.472","6.1"
"Volkl Cyclone Tour 17 (1.25)","51","Medium","Polyester","1.25","NA","2.4","4.8","7.0","24.63","39.1","28.1","38.6","63.3","22.2","11.1","199.5","7.12","18.97","0.46","26.5","52.3","88.7","0.078","0.472","6.1"
"Volkl Cyclone Tour 17 (1.25)","51","Fast","Polyester","1.25","NA","2.4","4.8","7.0","24.56","36.9","33.8","48.1","72.5","30.6","14.6","170.9","7.12","19.04","0.50","26.7","52.6","82.6","0.078","0.472","6.1"
"Volkl Cyclone Tour 17 (1.25)","62","Slow","Polyester","1.25","NA","2.4","4.8","7.0","35.72","39.4","18.2","22.1","57.8","13.1","7.5","270.9","7.41","18.61","-0.29","25.8","41.7","97.4","0.078","0.472","6.1"
"Volkl Cyclone Tour 17 (1.25)","62","Medium","Polyester","1.25","NA","2.4","4.8","7.0","36.29","35.4","26.0","37.9","74.3","24.1","12.2","228.6","7.41","18.04","0.26","25.8","41.6","93.7","0.078","0.472","6.1"
"Volkl Cyclone Tour 17 (1.25)","62","Fast","Polyester","1.25","NA","2.4","4.8","7.0","36.23","33.6","30.3","48.3","84.5","32.0","16.3","213.2","7.41","18.10","0.55","26.0","42.2","89.9","0.078","0.472","6.1"
"Volkl Cyclone Tour 18 (1.20)","51","Fast","Polyester","1.2","NA","7.6","3.0","7.0","25.25","37.8","34.5","46.5","71.9","31.0","14.3","159.4","6.33","19.14","0.55","26.0","51.3","84.6","0.073","0.572","7.8"
"Double AR Diablo (1.24)","40","Slow","Polyester","1.24","NA","2.4","4.2","6.7","14.99","49.8","24.0","26.2","41.2","12.4","5.7","185.2","7.06","17.64","-0.14","24.5","61.9","89.3","0.084","0.619","7.4"
"Double AR Diablo (1.24)","40","Medium","Polyester","1.24","NA","2.4","4.2","6.7","15.77","43.9","32.0","38.6","54.2","21.7","9.4","152.6","7.06","16.86","0.60","24.5","61.8","81.7","0.084","0.619","7.4"
"Double AR Diablo (1.24)","40","Fast","Polyester","1.24","NA","2.4","4.2","6.7","15.70","41.8","37.4","46.3","62.0","28.9","12.4","134.9","7.06","16.93","0.71","24.7","62.2","75.2","0.084","0.619","7.4"
"Double AR Diablo (1.24)","51","Slow","Polyester","1.24","NA","2.4","4.2","6.7","22.38","45.7","22.0","25.6","47.8","13.2","6.3","213.7","8.45","19.89","-0.60","27.8","54.7","92.4","0.084","0.619","7.4"
"Double AR Diablo (1.24)","51","Medium","Polyester","1.24","NA","2.4","4.2","6.7","23.35","40.3","29.8","39.7","63.1","23.5","10.9","181.2","8.45","18.92","0.22","27.6","54.4","87.0","0.084","0.619","7.4"
"Double AR Diablo (1.24)","51","Fast","Polyester","1.24","NA","2.4","4.2","6.7","23.31","38.3","34.2","48.1","71.4","30.6","14.2","166.9","8.45","18.96","0.71","28.2","55.4","79.4","0.084","0.619","7.4"
"Double AR Diablo (1.24)","62","Slow","Polyester","1.24","NA","2.4","4.2","6.7","32.15","41.6","20.0","24.0","56.2","14.1","7.0","244.6","9.55","20.04","-0.24","29.3","47.5","97.4","0.084","0.619","7.4"
"Double AR Diablo (1.24)","62","Medium","Polyester","1.24","NA","2.4","4.2","6.7","32.72","37.0","27.4","40.4","73.0","25.0","11.9","217.2","9.55","19.47","0.28","29.3","47.5","90.8","0.084","0.619","7.4"
"Double AR Diablo (1.24)","62","Fast","Polyester","1.24","NA","2.4","4.2","6.7","32.72","34.9","32.0","50.3","82.9","33.2","15.6","198.9","9.55","19.47","0.68","29.8","48.1","85.9","0.084","0.619","7.4"
"Double AR Diablo (1.31)","40","Slow","Polyester","1.31","NA","2.4","4.8","7.0","13.56","50.5","24.3","26.7","40.1","12.2","5.5","182.3","7.36","18.77","0.07","26.2","66","89.9","0.08","0.615","7.7"
"Double AR Diablo (1.31)","40","Medium","Polyester","1.31","NA","2.4","4.8","7.0","14.00","44.7","32.1","39.2","53.1","21.3","9.4","154.9","7.36","18.33","0.51","26.2","66","80.6","0.08","0.615","7.7"
"Double AR Diablo (1.31)","40","Fast","Polyester","1.31","NA","2.4","4.8","7.0","14.05","42.2","37.9","46.5","60.6","28.7","12.0","132.0","7.36","18.28","0.67","26.2","66.3","73.4","0.08","0.615","7.7"
"Double AR Diablo (1.31)","51","Slow","Polyester","1.31","NA","2.4","4.8","7.0","22.54","45.6","22.0","25.6","48.1","13.2","6.4","214.3","7.81","20.37","-0.24","28.0","55.1","93.7","0.08","0.615","7.7"
"Double AR Diablo (1.31)","51","Medium","Polyester","1.31","NA","2.4","4.8","7.0","23.35","40.1","29.7","39.7","63.1","23.4","10.7","182.9","7.81","19.56","0.42","27.8","54.8","86.1","0.08","0.615","7.7"
"Double AR Diablo (1.31)","51","Fast","Polyester","1.31","NA","2.4","4.8","7.0","23.28","38.0","34.1","48.5","71.9","30.7","13.8","169.7","7.81","19.63","0.79","28.2","55.7","81.0","0.08","0.615","7.7"
"Double AR Diablo (1.31)","62","Slow","Polyester","1.31","NA","2.4","4.8","7.0","31.64","41.7","20.0","24.3","56.0","14.0","6.9","247.5","9.59","20.51","-0.33","29.8","48.2","95.8","0.08","0.615","7.7"
"Double AR Diablo (1.31)","62","Medium","Polyester","1.31","NA","2.4","4.8","7.0","32.30","37.0","27.6","40.6","72.8","25.1","11.7","216.0","9.59","19.85","0.33","29.8","48.2","90.1","0.08","0.615","7.7"
"Double AR Diablo (1.31)","62","Fast","Polyester","1.31","NA","2.4","4.8","7.0","32.28","34.9","32.0","50.5","82.7","33.1","15.2","199.5","9.59","19.87","0.79","30.2","49","84.8","0.08","0.615","7.7"
"Prince Diablo Prism 17","51","Fast","Polyester","1.25","NA","NA","6.4","7.0","32.74","34.5","32.0","57.8","90.4","36.2","15.8","229.2","6.39","11.59","0.24","18.3","35.9","87.8","NA","NA","NA"
"Dunlop DNA 16 (1.30)","62","Slow","Nylon","1.3","1.31","8.2","10.0","11.5","48.09","37.3","17.6","13.9","62.0","13.6","","182.9","6.84","6.81","-0.05","13.7","22","98.0","0.116","0.415","3.6"
"Dunlop DNA 16 (1.30)","62","Medium","Nylon","1.3","1.31","8.2","10.0","11.5","47.96","34.8","24.2","27.3","75.2","22.8","","189.2","6.84","6.94","0.02","13.9","22.4","97.2","0.116","0.415","3.6"
"Dunlop DNA 16 (1.30)","62","Fast","Nylon","1.3","1.31","8.2","10.0","11.5","47.85","33.0","30.0","38.4","86.2","32.2","","173.2","6.84","7.05","0.35","14.3","23.1","94.3","0.116","0.415","3.6"
"Dunlop DNA 16 (1.30)","51","Slow","Nylon","1.3","1.31","8.2","10.0","11.5","38.32","40.8","19.1","14.1","52.3","12.5","","156.0","5.91","6.49","-0.07","12.3","24.3","98.2","0.116","0.415","3.6"
"Dunlop DNA 16 (1.30)","51","Medium","Nylon","1.3","1.31","8.2","10.0","11.5","38.30","37.4","26.4","27.6","65.9","21.7","","161.2","5.91","6.51","0.04","12.3","24.6","95.1","0.116","0.415","3.6"
"Dunlop DNA 16 (1.30)","51","Fast","Nylon","1.3","1.31","8.2","10.0","11.5","38.19","35.4","32.0","37.0","75.2","30.1","","146.9","5.91","6.62","0.20","12.8","25.1","93.9","0.116","0.415","3.6"
"Dunlop DNA 16 (1.30)","40","Slow","Nylon","1.3","1.31","8.2","10.0","11.5","28.05","45.5","21.8","14.3","42.3","11.5","","122.9","5.53","6.11","-0.02","11.7","29.3","96.0","0.116","0.415","3.6"
"Dunlop DNA 16 (1.30)","40","Medium","Nylon","1.3","1.31","8.2","10.0","11.5","28.07","41.1","29.8","27.3","55.3","20.6","","124.6","5.53","6.09","0.04","11.7","29.4","92.4","0.116","0.415","3.6"
"Dunlop DNA 16 (1.30)","40","Fast","Nylon","1.3","1.31","8.2","10.0","11.5","28.03","38.8","35.0","37.0","65.0","28.4","","122.9","5.53","6.13","0.16","11.9","29.8","91.0","0.116","0.415","3.6"
"Dunlop DNA 17 (1.22)","62","Slow","Nylon","1.22","1.22","9.1","10.9","12.4","46.48","38.2","18.0","13.0","59.5","13.4","","164.0","6.73","8.53","-0.09","15.2","24.6","98.4","0.115","0.476","4.1"
"Dunlop DNA 17 (1.22)","62","Medium","Nylon","1.22","1.22","9.1","10.9","12.4","46.48","35.4","25.1","25.8","72.3","22.7","","165.7","6.73","8.53","0.04","15.2","24.8","95.8","0.115","0.476","4.1"
"Dunlop DNA 17 (1.22)","62","Fast","Nylon","1.22","1.22","9.1","10.9","12.4","46.37","33.6","30.1","36.8","83.1","31.3","","165.2","6.73","8.64","0.42","15.9","25.6","93.7","0.115","0.476","4.1"
"Dunlop DNA 17 (1.22)","51","Slow","Nylon","1.22","1.22","9.1","10.9","12.4","36.67","41.6","19.8","13.9","50.5","12.5","","143.4","5.78","8.27","-0.07","13.9","27.6","95.8","0.115","0.476","4.1"
"Dunlop DNA 17 (1.22)","51","Medium","Nylon","1.22","1.22","9.1","10.9","12.4","36.69","38.1","27.2","27.1","63.7","21.7","","148.6","5.78","8.25","0.04","14.1","27.7","95.6","0.115","0.476","4.1"
"Dunlop DNA 17 (1.22)","51","Fast","Nylon","1.22","1.22","9.1","10.9","12.4","36.63","36.0","32.2","37.0","73.9","29.7","","145.2","5.78","8.31","0.20","14.3","28.2","92.0","0.115","0.476","4.1"
"Dunlop DNA 17 (1.22)","40","Slow","Nylon","1.22","1.22","9.1","10.9","12.4","26.39","46.6","22.0","14.6","40.8","11.2","","121.7","5.23","8.07","-0.03","13.2","33.4","97.0","0.115","0.476","4.1"
"Dunlop DNA 17 (1.22)","40","Medium","Nylon","1.22","1.22","9.1","10.9","12.4","26.46","42.1","30.0","26.7","53.1","20.0","","120.6","5.23","8.00","0.09","13.2","33.6","92.9","0.115","0.476","4.1"
"Dunlop DNA 17 (1.22)","40","Fast","Nylon","1.22","1.22","9.1","10.9","12.4","26.39","39.7","36.0","35.5","62.0","27.9","","111.4","5.23","8.07","0.15","13.5","33.9","90.1","0.115","0.476","4.1"
"Babolat Duralast 16","62","Slow","Polyester","1.3","1.31","1.5","2.7","3.9","34.44","39.0","18.3","25.4","59.8","13.7","","306.3","10.96","16.34","-0.29","26.9","43.8","96.2","NA","NA","NA"
"Babolat Duralast 16","62","Medium","Polyester","1.3","1.31","1.5","2.7","3.9","35.04","35.4","25.8","42.6","77.6","25.0","","261.2","10.96","15.74","0.29","26.9","43.7","91.0","NA","NA","NA"
"Babolat Duralast 16","62","Fast","Polyester","1.3","1.31","1.5","2.7","3.9","35.08","33.5","30.0","54.0","89.3","33.5","","244.0","10.96","15.70","0.73","27.3","44.4","87.4","NA","NA","NA"
"Babolat Duralast 16","51","Slow","Polyester","1.3","1.31","1.5","2.7","3.9","26.28","42.2","20.1","27.1","53.4","13.4","","274.9","8.14","16.30","-0.25","24.3","47.7","94.5","NA","NA","NA"
"Babolat Duralast 16","51","Medium","Polyester","1.3","1.31","1.5","2.7","3.9","26.81","38.0","27.6","43.0","69.9","24.1","","230.3","8.14","15.77","0.39","24.3","47.9","89.3","NA","NA","NA"
"Babolat Duralast 16","51","Fast","Polyester","1.3","1.31","1.5","2.7","3.9","26.72","36.1","32.1","52.5","79.2","31.7","","207.5","8.14","15.86","0.59","24.5","48.5","83.5","NA","NA","NA"
"Babolat Duralast 16","40","Slow","Polyester","1.3","1.31","1.5","2.7","3.9","18.24","45.7","22.0","28.2","46.5","12.8","","237.2","5.29","16.16","-0.08","21.4","53.8","93.3","NA","NA","NA"
"Babolat Duralast 16","40","Medium","Polyester","1.3","1.31","1.5","2.7","3.9","18.72","40.9","29.5","42.8","61.5","22.7","","200.6","5.29","15.68","0.37","21.4","53.8","84.6","NA","NA","NA"
"Babolat Duralast 16","40","Fast","Polyester","1.3","1.31","1.5","2.7","3.9","18.70","38.7","34.1","52.7","71.2","30.4","","184.0","5.29","15.70","0.53","21.6","54.2","78.7","NA","NA","NA"
"Babolat Duralast 17","62","Slow","Polyester","1.25","1.25","1.5","2.4","3.6","38.19","37.7","18.0","24.3","62.4","14.0","","303.5","9.39","14.16","-0.42","23.2","37.5","95.8","NA","NA","NA"
"Babolat Duralast 17","62","Medium","Polyester","1.25","1.25","1.5","2.4","3.6","38.81","34.2","24.1","42.3","81.1","24.5","","296.0","9.39","13.54","0.27","23.2","37.6","92.7","NA","NA","NA"
"Babolat Duralast 17","62","Fast","Polyester","1.25","1.25","1.5","2.4","3.6","38.74","32.5","29.3","53.4","92.2","33.7","","252.6","9.39","13.61","0.59","23.6","38.2","89.7","NA","NA","NA"
"Babolat Duralast 17","51","Slow","Polyester","1.25","1.25","1.5","2.4","3.6","28.89","40.6","19.7","26.0","54.9","13.5","","272.6","7.50","14.33","-0.15","21.6","42.7","94.3","NA","NA","NA"
"Babolat Duralast 17","51","Medium","Polyester","1.25","1.25","1.5","2.4","3.6","29.37","36.6","26.0","43.2","72.5","23.6","","258.9","7.50","13.85","0.26","21.6","42.6","88.9","NA","NA","NA"
"Babolat Duralast 17","51","Fast","Polyester","1.25","1.25","1.5","2.4","3.6","29.35","34.8","31.6","53.8","83.1","32.8","","219.5","7.50","13.87","0.42","21.8","43","84.8","NA","NA","NA"
"Babolat Duralast 17","40","Slow","Polyester","1.25","1.25","1.5","2.4","3.6","19.98","44.2","21.6","29.1","49.2","13.3","","253.7","5.20","14.51","-0.13","19.6","49.3","92.4","NA","NA","NA"
"Babolat Duralast 17","40","Medium","Polyester","1.25","1.25","1.5","2.4","3.6","20.40","39.5","28.1","44.1","64.4","22.6","","227.5","5.20","14.09","0.36","19.6","49.5","86.7","NA","NA","NA"
"Babolat Duralast 17","40","Fast","Polyester","1.25","1.25","1.5","2.4","3.6","20.33","37.2","33.7","54.5","74.7","31.5","","194.9","5.20","14.16","0.37","19.6","49.7","82.3","NA","NA","NA"
"Tecnifibre Duramix HD 16","62","Slow","Nylon/Polyester","1.3","1.33","7.3","9.1","10.0","45.09","37.7","18.0","15.9","61.1","13.7","","201.2","7.63","9.02","-0.07","16.5","26.9","97.2","0.212","0.468","2.2"
"Tecnifibre Duramix HD 16","62","Medium","Nylon/Polyester","1.3","1.33","7.3","9.1","10.0","45.07","34.8","24.7","31.3","76.5","23.6","","208.6","7.63","9.04","0.00","16.8","27","94.1","0.212","0.468","2.2"
"Tecnifibre Duramix HD 16","62","Fast","Nylon/Polyester","1.3","1.33","7.3","9.1","10.0","45.00","32.9","29.9","42.3","87.3","32.7","","191.5","7.63","9.11","0.24","17.0","27.5","92.0","0.212","0.468","2.2"
"Tecnifibre Duramix HD 16","51","Slow","Nylon/Polyester","1.3","1.33","7.3","9.1","10.0","33.52","41.7","20.0","17.2","50.7","12.7","","176.6","7.19","10.01","-0.11","17.2","33.7","95.1","0.212","0.468","2.2"
"Tecnifibre Duramix HD 16","51","Medium","Nylon/Polyester","1.3","1.33","7.3","9.1","10.0","33.65","37.9","27.0","31.8","65.3","22.1","","176.0","7.19","9.88","0.02","17.2","33.7","92.2","0.212","0.468","2.2"
"Tecnifibre Duramix HD 16","51","Fast","Nylon/Polyester","1.3","1.33","7.3","9.1","10.0","33.60","35.8","32.2","41.5","75.0","30.2","","162.3","7.19","9.93","0.19","17.4","34.1","88.0","0.212","0.468","2.2"
"Tecnifibre Duramix HD 16","40","Slow","Nylon/Polyester","1.3","1.33","7.3","9.1","10.0","21.54","47.5","22.5","18.1","39.7","11.2","","145.2","6.77","11.38","-0.09","18.1","45.5","92.7","0.212","0.468","2.2"
"Tecnifibre Duramix HD 16","40","Medium","Nylon/Polyester","1.3","1.33","7.3","9.1","10.0","21.76","42.7","30.2","31.8","53.6","20.2","","141.2","6.77","11.16","0.22","18.1","45.7","88.4","0.212","0.468","2.2"
"Tecnifibre Duramix HD 16","40","Fast","Nylon/Polyester","1.3","1.33","7.3","9.1","10.0","21.74","40.1","36.0","40.8","62.6","28.2","","128.0","6.77","11.18","0.35","18.3","46.1","83.2","0.212","0.468","2.2"
"Tecnifibre Duramix HD 17","62","Slow","Nylon/Polyester","1.25","1.28","NA","7.0","8.2","45.84","37.5","17.7","16.3","62.2","13.8","","211.5","61.74","-45.84","-0.24","15.7","25.4","97.0","0.231","0.391","1.7"
"Tecnifibre Duramix HD 17","62","Medium","Nylon/Polyester","1.25","1.28","NA","7.0","8.2","45.97","34.5","24.6","31.3","77.2","23.7","","209.7","61.74","-45.97","-0.03","15.7","25.5","95.1","0.231","0.391","1.7"
"Tecnifibre Duramix HD 17","62","Fast","Nylon/Polyester","1.25","1.28","NA","7.0","8.2","45.95","32.8","29.8","42.1","88.0","32.8","","192.0","61.74","-45.95","0.48","16.3","26.4","92.4","0.231","0.391","1.7"
"Tecnifibre Duramix HD 17","51","Slow","Nylon/Polyester","1.25","1.28","NA","7.0","8.2","34.62","41.0","19.4","17.4","52.0","12.6","","187.5","6.20","9.90","-0.11","15.9","31.5","94.5","0.231","0.391","1.7"
"Tecnifibre Duramix HD 17","51","Medium","Nylon/Polyester","1.25","1.28","NA","7.0","8.2","34.77","37.4","27.0","32.2","67.0","22.6","","180.0","6.20","9.75","0.04","15.9","31.5","93.1","0.231","0.391","1.7"
"Tecnifibre Duramix HD 17","51","Fast","Nylon/Polyester","1.25","1.28","NA","7.0","8.2","34.73","35.4","32.0","42.8","77.6","31.0","","169.7","6.20","9.79","0.27","16.3","32","89.3","0.231","0.391","1.7"
"Tecnifibre Duramix HD 17","40","Slow","Nylon/Polyester","1.25","1.28","NA","7.0","8.2","23.64","46.2","22.0","18.7","42.3","11.7","","157.2","5.36","10.69","-0.13","15.9","40.1","93.7","0.231","0.391","1.7"
"Tecnifibre Duramix HD 17","40","Medium","Nylon/Polyester","1.25","1.28","NA","7.0","8.2","23.84","41.5","30.0","32.0","55.8","20.9","","145.2","5.36","10.49","0.14","15.9","40.3","89.1","0.231","0.391","1.7"
"Tecnifibre Duramix HD 17","40","Fast","Nylon/Polyester","1.25","1.28","NA","7.0","8.2","23.81","38.9","35.1","41.9","65.7","28.8","","138.9","5.36","10.52","0.17","16.1","40.4","85.6","0.231","0.391","1.7"
"Ashaway Dynamite 17","62","Slow","Nylon/Zyex","1.25","1.26","5.5","7.6","9.7","46.57","38.3","18.0","12.8","59.3","13.3","","159.4","7.65","7.52","-0.26","15.0","24.1","98.2","0.138","0.415","3"
"Ashaway Dynamite 17","62","Medium","Nylon/Zyex","1.25","1.26","5.5","7.6","9.7","46.92","35.7","25.4","24.0","71.0","22.6","","151.4","7.65","7.17","0.04","14.8","24.1","95.6","0.138","0.415","3"
"Ashaway Dynamite 17","62","Fast","Nylon/Zyex","1.25","1.26","5.5","7.6","9.7","46.92","34.1","30.1","32.4","79.4","29.9","","144.6","7.65","7.17","0.28","15.2","24.5","92.2","0.138","0.415","3"
"Ashaway Dynamite 17","51","Slow","Nylon/Zyex","1.25","1.26","5.5","7.6","9.7","35.59","42.0","20.0","14.6","50.1","12.5","","148.0","6.62","8.51","-0.04","15.0","29.7","95.1","0.138","0.415","3"
"Ashaway Dynamite 17","51","Medium","Nylon/Zyex","1.25","1.26","5.5","7.6","9.7","35.72","38.8","27.9","25.8","61.5","21.4","","135.4","6.62","8.38","0.13","15.2","29.8","92.5","0.138","0.415","3"
"Ashaway Dynamite 17","51","Fast","Nylon/Zyex","1.25","1.26","5.5","7.6","9.7","35.70","36.9","33.0","34.2","69.9","28.8","","127.4","6.62","8.40","0.13","15.2","29.9","91.8","0.138","0.415","3"
"Ashaway Dynamite 17","40","Slow","Nylon/Zyex","1.25","1.26","5.5","7.6","9.7","23.57","47.5","22.3","16.3","39.7","11.1","","133.2","5.89","10.23","-0.05","16.1","40.5","95.1","0.138","0.415","3"
"Ashaway Dynamite 17","40","Medium","Nylon/Zyex","1.25","1.26","5.5","7.6","9.7","23.84","43.3","31.0","27.1","50.9","19.7","","114.9","5.89","9.96","0.36","16.3","40.8","90.2","0.138","0.415","3"
"Ashaway Dynamite 17","40","Fast","Nylon/Zyex","1.25","1.26","5.5","7.6","9.7","23.90","40.9","36.1","34.8","58.7","26.5","","108.6","5.89","9.90","0.44","16.3","40.9","85.2","0.138","0.415","3"
"Ashaway Dynamite Soft 17","62","Slow","Nylon/Zyex","1.25","1.21","8.5","9.1","12.7","46.35","38.6","18.0","11.7","58.2","13.1","","147.4","9.08","6.31","-0.02","15.4","24.9","94.7","0.204","0.527","2.6"
"Ashaway Dynamite Soft 17","62","Medium","Nylon/Zyex","1.25","1.21","8.5","9.1","12.7","46.28","36.1","25.9","23.4","69.7","22.5","","141.2","9.08","6.38","0.02","15.4","25.1","95.6","0.204","0.527","2.6"
"Ashaway Dynamite Soft 17","62","Fast","Nylon/Zyex","1.25","1.21","8.5","9.1","12.7","46.15","34.4","31.0","32.0","78.3","30.3","","135.4","9.08","6.51","0.20","15.9","25.6","93.5","0.204","0.527","2.6"
"Ashaway Dynamite Soft 17","51","Slow","Nylon/Zyex","1.25","1.21","8.5","9.1","12.7","36.76","42.2","20.0","12.8","49.6","12.4","","129.7","6.99","6.97","-0.02","13.9","27.5","96.8","0.204","0.527","2.6"
"Ashaway Dynamite Soft 17","51","Medium","Nylon/Zyex","1.25","1.21","8.5","9.1","12.7","36.76","38.9","28.0","24.5","61.3","21.4","","127.4","6.99","6.97","0.02","13.9","27.6","94.7","0.204","0.527","2.6"
"Ashaway Dynamite Soft 17","51","Fast","Nylon/Zyex","1.25","1.21","8.5","9.1","12.7","36.71","37.0","33.3","32.9","69.7","29.0","","120.0","6.99","7.02","0.24","14.3","28.1","90.8","0.204","0.527","2.6"
"Ashaway Dynamite Soft 17","40","Slow","Nylon/Zyex","1.25","1.21","8.5","9.1","12.7","26.39","47.1","22.0","13.7","40.1","11.0","","114.9","5.25","8.05","-0.14","13.2","33.2","94.1","0.204","0.527","2.6"
"Ashaway Dynamite Soft 17","40","Medium","Nylon/Zyex","1.25","1.21","8.5","9.1","12.7","26.64","42.8","30.2","24.7","51.2","19.4","","109.7","5.25","7.80","0.11","13.2","33.2","92.5","0.204","0.527","2.6"
"Ashaway Dynamite Soft 17","40","Fast","Nylon/Zyex","1.25","1.21","8.5","9.1","12.7","26.64","40.4","36.0","32.6","59.3","26.7","","102.3","5.25","7.80","0.27","13.2","33.6","88.9","0.204","0.527","2.6"
"Ashaway Dynamite Soft 18","62","Slow","Nylon/Zyex","1.15","1.18","8.5","10.6","13.6","46.86","38.8","18.0","11.0","57.8","13.0","","137.2","8.29","6.59","-0.08","14.8","24","99.8","NA","NA","NA"
"Ashaway Dynamite Soft 18","62","Medium","Nylon/Zyex","1.15","1.18","8.5","10.6","13.6","46.81","36.4","26.0","22.3","69.0","22.4","","133.7","8.29","6.64","-0.05","15.0","24.1","95.6","NA","NA","NA"
"Ashaway Dynamite Soft 18","62","Fast","Nylon/Zyex","1.15","1.18","8.5","10.6","13.6","46.68","34.7","31.3","30.6","77.4","30.2","","127.4","8.29","6.77","0.22","15.2","24.8","93.7","NA","NA","NA"
"Ashaway Dynamite Soft 18","51","Slow","Nylon/Zyex","1.15","1.18","8.5","10.6","13.6","36.63","42.8","20.0","11.7","48.5","12.1","","119.4","6.24","7.85","-0.11","13.9","27.6","92.7","NA","NA","NA"
"Ashaway Dynamite Soft 18","51","Medium","Nylon/Zyex","1.15","1.18","8.5","10.6","13.6","36.78","39.4","28.0","22.3","59.1","20.7","","114.9","6.24","7.70","0.09","14.1","27.7","92.4","NA","NA","NA"
"Ashaway Dynamite Soft 18","51","Fast","Nylon/Zyex","1.15","1.18","8.5","10.6","13.6","36.74","37.5","34.0","30.6","67.3","28.6","","108.0","6.24","7.74","0.29","14.3","28.1","92.4","NA","NA","NA"
"Ashaway Dynamite Soft 18","40","Slow","Nylon/Zyex","1.15","1.18","8.5","10.6","13.6","26.50","47.6","22.2","12.8","39.2","10.9","","105.2","5.07","8.12","-0.09","13.0","33","94.3","NA","NA","NA"
"Ashaway Dynamite Soft 18","40","Medium","Nylon/Zyex","1.15","1.18","8.5","10.6","13.6","26.75","43.5","31.0","23.2","49.8","19.3","","97.7","5.07","7.87","0.09","13.0","32.8","92.9","NA","NA","NA"
"Ashaway Dynamite Soft 18","40","Fast","Nylon/Zyex","1.15","1.18","8.5","10.6","13.6","26.75","41.1","37.0","30.9","57.6","26.6","","91.4","5.07","7.87","0.29","13.2","33.3","88.9","NA","NA","NA"
"Ashaway Dynamite WB 16","62","Slow","Nylon/Zyex","1.34","1.41","NA","NA","9.1","44.34","38.9","18.0","13.7","58.0","13.0","","172.0","8.36","9.04","-0.40","17.0","27.5","96.6","0.142","0.466","3.3"
"Ashaway Dynamite WB 16","62","Medium","Nylon/Zyex","1.34","1.41","NA","NA","9.1","44.78","36.2","25.9","25.4","70.1","22.7","","153.2","8.36","8.60","0.19","17.2","27.8","95.1","0.142","0.466","3.3"
"Ashaway Dynamite WB 16","62","Fast","Nylon/Zyex","1.34","1.41","NA","NA","9.1","44.65","34.6","31.2","34.2","78.7","30.7","","142.3","8.36","8.73","0.46","17.6","28.4","92.5","0.142","0.466","3.3"
"Ashaway Dynamite WB 16","51","Slow","Nylon/Zyex","1.34","1.41","NA","NA","9.1","34.44","42.7","19.9","15.0","49.4","12.3","","153.2","6.17","10.11","-0.05","16.3","32","98.4","0.142","0.466","3.3"
"Ashaway Dynamite WB 16","51","Medium","Nylon/Zyex","1.34","1.41","NA","NA","9.1","34.55","39.2","28.1","26.7","61.3","21.5","","137.2","6.17","10.00","0.17","16.3","32.2","92.9","0.142","0.466","3.3"
"Ashaway Dynamite WB 16","51","Fast","Nylon/Zyex","1.34","1.41","NA","NA","9.1","34.49","37.5","33.9","35.3","69.9","29.6","","125.2","6.17","10.06","0.44","16.8","32.9","91.0","0.142","0.466","3.3"
"Ashaway Dynamite WB 16","40","Slow","Nylon/Zyex","1.34","1.41","NA","NA","9.1","21.54","49.5","23.3","16.5","38.1","11.1","","124.0","6.06","12.09","-0.07","18.1","45.6","95.3","0.142","0.466","3.3"
"Ashaway Dynamite WB 16","40","Medium","Nylon/Zyex","1.34","1.41","NA","NA","9.1","21.83","44.4","32.0","27.6","49.4","19.8","","109.7","6.06","11.80","0.49","18.3","46.2","89.3","0.142","0.466","3.3"
"Ashaway Dynamite WB 16","40","Fast","Nylon/Zyex","1.34","1.41","NA","NA","9.1","21.74","41.9","38.0","37.0","58.9","28.0","","104.6","6.06","11.89","0.70","18.7","47","85.0","0.142","0.466","3.3"
"Yonex Dynawire 16 (1.30)","51","Fast","Nylon","1.3","1.33","NA","NA","11.2","44.63","34.2","32.0","39.0","83.6","33.5","16.2","154.9","2.67","3.42","0.84","6.8","13.7","94.3","NA","NA","NA"
"Tecnifibre E-Matrix 16","62","Slow","Nylon/Polyurethane","1.3","1.32","8.8","10.3","11.5","51.60","36.7","17.0","12.1","63.7","13.5","","169.2","6.57","3.57","-0.06","10.1","16.3","96.2","0.142","0.384","2.7"
"Tecnifibre E-Matrix 16","62","Medium","Nylon/Polyurethane","1.3","1.32","8.8","10.3","11.5","51.29","34.4","24.0","25.1","76.3","22.9","","176.6","6.57","3.88","-0.09","10.4","16.8","97.0","0.142","0.384","2.7"
"Tecnifibre E-Matrix 16","62","Fast","Nylon/Polyurethane","1.3","1.32","8.8","10.3","11.5","51.02","32.9","29.8","35.7","86.7","32.3","","163.4","6.57","4.15","0.08","10.8","17.5","93.9","0.142","0.384","2.7"
"Tecnifibre E-Matrix 16","51","Slow","Nylon/Polyurethane","1.3","1.32","8.8","10.3","11.5","41.01","40.1","18.4","13.0","54.0","12.4","","154.9","5.64","4.07","-0.03","9.7","19.1","96.6","0.142","0.384","2.7"
"Tecnifibre E-Matrix 16","51","Medium","Nylon/Polyurethane","1.3","1.32","8.8","10.3","11.5","40.81","37.2","26.1","25.8","66.6","21.7","","154.3","5.64","4.27","0.02","9.9","19.6","95.8","0.142","0.384","2.7"
"Tecnifibre E-Matrix 16","51","Fast","Nylon/Polyurethane","1.3","1.32","8.8","10.3","11.5","40.53","35.2","32.0","36.2","76.7","30.7","","143.4","5.64","4.55","0.16","10.4","20.4","93.9","0.142","0.384","2.7"
"Tecnifibre E-Matrix 16","40","Slow","Nylon/Polyurethane","1.3","1.32","8.8","10.3","11.5","30.78","44.6","21.0","13.9","44.8","11.7","","128.6","5.29","3.62","0.00","8.8","22.4","97.8","0.142","0.384","2.7"
"Tecnifibre E-Matrix 16","40","Medium","Nylon/Polyurethane","1.3","1.32","8.8","10.3","11.5","30.61","40.7","29.1","25.6","56.2","20.5","","123.4","5.29","3.79","0.03","9.0","22.9","94.5","0.142","0.384","2.7"
"Tecnifibre E-Matrix 16","40","Fast","Nylon/Polyurethane","1.3","1.32","8.8","10.3","11.5","30.54","38.4","34.4","35.7","66.4","28.5","","122.9","5.29","3.86","0.16","9.3","23.4","91.0","0.142","0.384","2.7"
"Tecnifibre E-Matrix 17","62","Slow","Nylon","1.24","1.28","9.1","10.0","11.2","52.10","36.6","16.9","11.5","63.5","13.4","","161.7","6.17","3.47","-0.05","9.7","15.5","99.2","0.152","0.359","2.4"
"Tecnifibre E-Matrix 17","62","Medium","Nylon","1.24","1.28","9.1","10.0","11.2","51.77","34.3","24.0","25.1","77.0","23.1","","177.2","6.17","3.80","-0.05","9.9","16.1","96.4","0.152","0.359","2.4"
"Tecnifibre E-Matrix 17","62","Fast","Nylon","1.24","1.28","9.1","10.0","11.2","51.60","32.7","29.7","35.5","87.1","32.3","","162.9","6.17","3.97","0.18","10.4","16.7","95.3","0.152","0.359","2.4"
"Tecnifibre E-Matrix 17","51","Slow","Nylon","1.24","1.28","9.1","10.0","11.2","41.48","40.0","18.2","13.0","54.5","12.4","","159.4","5.56","3.68","-0.02","9.3","18.2","96.6","0.152","0.359","2.4"
"Tecnifibre E-Matrix 17","51","Medium","Nylon","1.24","1.28","9.1","10.0","11.2","41.32","37.0","26.0","25.8","67.3","21.9","","154.9","5.56","3.84","0.02","9.5","18.6","96.8","0.152","0.359","2.4"
"Tecnifibre E-Matrix 17","51","Fast","Nylon","1.24","1.28","9.1","10.0","11.2","41.17","35.1","32.0","36.2","77.4","30.9","","143.4","5.56","3.99","0.13","9.7","19.1","92.2","0.152","0.359","2.4"
"Tecnifibre E-Matrix 17","40","Slow","Nylon","1.24","1.28","9.1","10.0","11.2","31.36","44.2","20.4","13.5","44.8","11.4","","131.4","4.70","3.63","0.03","8.4","21.1","96.8","0.152","0.359","2.4"
"Tecnifibre E-Matrix 17","40","Medium","Nylon","1.24","1.28","9.1","10.0","11.2","31.24","40.4","28.9","25.8","57.1","20.6","","125.7","4.70","3.75","0.02","8.4","21.3","95.6","0.152","0.359","2.4"
"Tecnifibre E-Matrix 17","40","Fast","Nylon","1.24","1.28","9.1","10.0","11.2","31.16","38.1","34.1","35.7","66.8","28.5","","124.6","4.70","3.83","0.11","8.6","21.8","91.2","0.152","0.359","2.4"
"Luxilon ECO Power 17 (1.25)","51","Fast","Polyester","1.25","1.27","9.1","7.3","3.3","33.52","34.8","32.2","49.8","83.3","33.5","15.8","194.9","4.17","13.03","0.31","17.4","34.5","86.3","0.062","0.512","8.3"
"Luxilon ECO Spin 17 (1.25)","51","Fast","Polyester","1.25","1.32","2.1","8.8","10.0","37.46","33.4","31.0","50.5","87.8","34.0","7.3","213.2","3.31","9.95","0.15","13.5","26.4","85.4","0.108","0.577","5.3"
"Luxilon Element 1.30","40","Slow","Polyester","1.3","NA","1.5","3.0","4.5","16.27","48.7","24.0","27.1","43.4","13.0","5.9","192.0","5.78","17.64","0.00","23.4","59","92.9","0.068","0.446","6.6"
"Luxilon Element 1.30","40","Medium","Polyester","1.3","NA","1.5","3.0","4.5","16.98","42.4","31.2","42.1","59.1","23.1","10.3","176.0","5.78","16.93","0.44","23.2","58.3","83.7","0.068","0.446","6.6"
"Luxilon Element 1.30","40","Fast","Polyester","1.3","NA","1.5","3.0","4.5","16.91","39.8","36.1","51.4","68.4","30.9","13.3","160.0","5.78","17.00","0.64","23.4","59","78.7","0.068","0.446","6.6"
"Luxilon Element 1.30","51","Slow","Polyester","1.3","NA","1.5","3.0","4.5","28.33","43.6","21.1","24.9","53.4","14.0","6.7","228.6","6.75","15.64","-0.18","22.3","43.8","95.6","0.068","0.446","6.6"
"Luxilon Element 1.30","51","Medium","Polyester","1.3","NA","1.5","3.0","4.5","28.80","38.2","28.2","41.2","70.1","24.7","11.4","211.5","6.75","15.17","0.25","22.3","43.7","90.1","0.068","0.446","6.6"
"Luxilon Element 1.30","51","Fast","Polyester","1.3","NA","1.5","3.0","4.5","28.78","35.9","33.1","51.6","80.5","33.3","15.3","191.5","6.75","15.19","0.56","22.5","44.3","86.5","0.068","0.446","6.6"
"Luxilon Element 1.30","62","Slow","Polyester","1.3","NA","1.5","3.0","4.5","40.68","39.8","19.1","22.3","63.1","15.1","7.3","248.0","7.06","14.00","-0.27","20.7","33.7","97.4","0.068","0.446","6.6"
"Luxilon Element 1.30","62","Medium","Polyester","1.3","NA","1.5","3.0","4.5","41.10","35.1","26.0","40.4","81.4","26.5","12.6","241.7","7.06","13.58","0.09","20.7","33.6","95.1","0.068","0.446","6.6"
"Luxilon Element 1.30","62","Fast","Polyester","1.3","NA","1.5","3.0","4.5","41.10","33.0","31.0","51.2","92.2","35.8","16.4","216.6","7.06","13.58","0.53","21.2","34.3","90.2","0.068","0.446","6.6"
"Luxilon Element 16L (1.25)","51","Fast","Polyester","1.25","NA","0.0","0.0","4.5","33.80","34.2","32.0","52.5","86.2","34.5","16.2","208.0","4.83","12.09","0.11","17.0","33.6","88.2","0.078","0.431","5.5"
"Luxilon Element Rough 16 (1.30)","51","Fast","Polyester","1.3","1.31","1.5","9.1","2.9","33.30","34.2","31.9","49.8","83.1","33.2","16.4","198.3","4.45","12.97","0.29","17.6","34.9","87.6","0.07","0.487","7"
"Luxilon Element Soft IR 1.27","51","Fast","Polyester","1.27","1.34","1.5","2.4","10.0","28.44","35.9","32.9","52.7","81.1","33.5","15.5","197.7","5.53","16.75","-0.11","22.3","43.7","82.8","0.072","0.503","7"
"Diadem Elite XT 16","51","Fast","Polyester","1.3","1.35","2.7","3.0","3.6","30.38","35.1","32.1","52.0","82.5","33.1","15.4","204.6","6.68","13.66","0.15","20.5","40.4","85.9","0.075","0.654","8.7"
"Diadem Elite XT 17","51","Fast","Polyester","1.2","1.29","3.9","4.2","4.8","34.79","34.8","32.1","47.8","82.7","33.1","15.6","189.2","3.90","12.03","0.17","16.1","31.7","89.3","0.075","0.695","9.3"
"Wilson Enduro Gold 16","62","Slow","Polyester","1.3","1.29","1.5","2.4","3.3","35.17","39.5","18.3","24.9","60.2","13.7","","304.0","11.36","15.21","-0.37","26.2","42.4","95.8","NA","NA","NA"
"Wilson Enduro Gold 16","62","Medium","Polyester","1.3","1.29","1.5","2.4","3.3","35.79","35.3","26.0","43.0","78.7","25.6","","258.9","11.36","14.59","0.20","26.2","42.4","91.8","NA","NA","NA"
"Wilson Enduro Gold 16","62","Fast","Polyester","1.3","1.29","1.5","2.4","3.3","35.77","33.6","30.3","53.6","89.3","33.8","","237.2","11.36","14.61","0.62","26.7","43.1","86.5","NA","NA","NA"
"Wilson Enduro Gold 16","51","Slow","Polyester","1.3","1.29","1.5","2.4","3.3","26.90","42.2","20.0","27.1","54.0","13.5","","274.9","8.33","15.49","-0.35","23.4","46.3","91.6","NA","NA","NA"
"Wilson Enduro Gold 16","51","Medium","Polyester","1.3","1.29","1.5","2.4","3.3","27.41","37.6","27.7","43.4","71.0","24.6","","230.3","8.33","14.98","0.27","23.6","46.5","89.3","NA","NA","NA"
"Wilson Enduro Gold 16","51","Fast","Polyester","1.3","1.29","1.5","2.4","3.3","27.36","35.7","32.1","54.0","81.4","32.7","","213.7","8.33","15.03","0.53","23.8","47.1","83.2","NA","NA","NA"
"Wilson Enduro Gold 16","40","Slow","Polyester","1.3","1.29","1.5","2.4","3.3","18.54","45.7","22.0","28.2","46.7","12.8","","236.6","5.20","15.95","-0.40","20.7","52.3","90.1","NA","NA","NA"
"Wilson Enduro Gold 16","40","Medium","Polyester","1.3","1.29","1.5","2.4","3.3","19.12","40.4","29.9","44.1","63.1","23.6","","200.6","5.20","15.37","0.20","20.7","52.3","87.0","NA","NA","NA"
"Wilson Enduro Gold 16","40","Fast","Polyester","1.3","1.29","1.5","2.4","3.3","19.12","38.2","34.3","53.1","72.3","31.0","","183.5","5.20","15.37","0.55","21.2","53.2","81.2","NA","NA","NA"
"Wilson Enduro Mono 16L","62","Slow","Polyester","1.28","1.32","1.5","2.7","3.3","38.26","38.2","18.0","25.4","63.5","14.3","","316.0","9.55","13.93","-0.39","23.2","37.4","98.0","NA","NA","NA"
"Wilson Enduro Mono 16L","62","Medium","Polyester","1.28","1.32","1.5","2.7","3.3","38.94","34.5","24.9","42.6","81.6","25.4","","280.0","9.55","13.25","0.15","22.9","37.2","92.4","NA","NA","NA"
"Wilson Enduro Mono 16L","62","Fast","Polyester","1.28","1.32","1.5","2.7","3.3","38.96","32.8","29.8","55.3","94.4","35.2","","253.2","9.55","13.23","0.57","23.4","37.8","87.6","NA","NA","NA"
"Wilson Enduro Mono 16L","51","Slow","Polyester","1.28","1.32","1.5","2.7","3.3","29.52","40.7","19.8","27.1","56.7","14.0","","281.2","6.92","14.28","-0.42","20.7","41","89.9","NA","NA","NA"
"Wilson Enduro Mono 16L","51","Medium","Polyester","1.28","1.32","1.5","2.7","3.3","30.21","36.5","26.0","44.3","74.5","24.3","","265.7","6.92","13.59","0.24","20.7","40.9","88.4","NA","NA","NA"
"Wilson Enduro Mono 16L","51","Fast","Polyester","1.28","1.32","1.5","2.7","3.3","30.16","34.6","31.1","54.7","84.9","33.0","","230.3","6.92","13.64","0.48","20.9","41.5","86.3","NA","NA","NA"
"Wilson Enduro Mono 16L","40","Slow","Polyester","1.28","1.32","1.5","2.7","3.3","19.82","44.4","21.9","29.5","49.4","13.5","","251.5","5.40","14.47","-0.09","19.8","49.8","92.4","NA","NA","NA"
"Wilson Enduro Mono 16L","40","Medium","Polyester","1.28","1.32","1.5","2.7","3.3","20.33","39.4","28.2","45.9","66.2","23.3","","234.9","5.40","13.96","0.35","19.6","49.7","86.1","NA","NA","NA"
"Wilson Enduro Mono 16L","40","Fast","Polyester","1.28","1.32","1.5","2.7","3.3","20.31","37.2","33.7","56.2","76.5","32.3","","200.6","5.40","13.98","0.09","19.4","49.1","80.8","NA","NA","NA"
"Wilson Enduro Pro 16","62","Slow","Polyester","1.3","NA","NA","2.4","3.0","40.33","38.3","18.0","23.2","63.5","14.3","","289.2","8.60","12.81","-0.40","20.9","34","94.1","0.086","0.403","4.7"
"Wilson Enduro Pro 16","62","Medium","Polyester","1.3","NA","NA","2.4","3.0","40.90","34.7","25.0","41.0","82.0","25.6","","266.9","8.60","12.24","0.15","20.9","34","92.0","0.086","0.403","4.7"
"Wilson Enduro Pro 16","62","Fast","Polyester","1.3","NA","NA","2.4","3.0","40.88","32.8","30.0","52.9","93.7","35.2","","238.9","8.60","12.26","0.51","21.4","34.6","89.7","0.086","0.403","4.7"
"Wilson Enduro Pro 16","51","Slow","Polyester","1.3","NA","NA","2.4","3.0","32.28","40.7","19.2","24.9","57.3","13.7","","274.9","6.57","11.87","-0.27","18.1","35.8","96.0","0.086","0.403","4.7"
"Wilson Enduro Pro 16","51","Medium","Polyester","1.3","NA","NA","2.4","3.0","32.77","36.4","26.1","42.1","75.0","24.4","","252.0","6.57","11.38","0.20","18.1","35.8","90.6","0.086","0.403","4.7"
"Wilson Enduro Pro 16","51","Fast","Polyester","1.3","NA","NA","2.4","3.0","32.72","34.4","31.6","53.8","86.7","34.2","","219.5","6.57","11.43","0.39","18.3","36.3","86.7","0.086","0.403","4.7"
"Wilson Enduro Pro 16","40","Slow","Polyester","1.3","NA","NA","2.4","3.0","22.82","43.9","21.0","27.3","50.3","13.2","","252.6","5.05","11.82","-0.35","16.5","41.6","93.3","0.086","0.403","4.7"
"Wilson Enduro Pro 16","40","Medium","Polyester","1.3","NA","NA","2.4","3.0","23.51","38.9","28.1","44.5","67.9","23.9","","228.6","5.05","11.13","0.29","16.5","41.5","88.2","0.086","0.403","4.7"
"Wilson Enduro Pro 16","40","Fast","Polyester","1.3","NA","NA","2.4","3.0","23.51","36.5","33.2","55.8","79.4","32.9","","205.7","5.05","11.13","0.45","16.5","41.9","83.0","0.086","0.403","4.7"
"Wilson Enduro Pro 17 (1.25)","62","Slow","Nylon/Polyester","1.25","1.27","1.8","2.4","3.3","42.23","37.1","17.9","22.5","64.6","14.4","","285.8","7.28","12.23","-0.41","19.2","30.9","96.2","0.094","0.374","4"
"Wilson Enduro Pro 17 (1.25)","62","Medium","Nylon/Polyester","1.25","1.27","1.8","2.4","3.3","42.84","33.8","24.0","39.0","81.8","24.6","","274.9","7.28","11.62","0.13","19.0","30.8","94.7","0.094","0.374","4"
"Wilson Enduro Pro 17 (1.25)","62","Fast","Nylon/Polyester","1.25","1.27","1.8","2.4","3.3","42.84","32.1","29.0","50.7","93.7","34.0","","245.7","7.28","11.62","0.46","19.4","31.4","89.7","0.094","0.374","4"
"Wilson Enduro Pro 17 (1.25)","51","Slow","Nylon/Polyester","1.25","1.27","1.8","2.4","3.3","33.80","39.6","18.9","24.5","58.4","13.8","","278.9","6.02","10.90","-0.31","16.5","32.7","94.9","0.094","0.374","4"
"Wilson Enduro Pro 17 (1.25)","51","Medium","Nylon/Polyester","1.25","1.27","1.8","2.4","3.3","34.42","35.7","25.9","40.6","75.0","24.2","","246.3","6.02","10.28","0.15","16.5","32.4","91.8","0.094","0.374","4"
"Wilson Enduro Pro 17 (1.25)","51","Fast","Nylon/Polyester","1.25","1.27","1.8","2.4","3.3","34.42","33.7","30.4","51.8","86.2","32.8","","226.9","6.02","10.28","0.40","16.8","32.9","87.8","0.094","0.374","4"
"Wilson Enduro Pro 17 (1.25)","40","Slow","Nylon/Polyester","1.25","1.27","1.8","2.4","3.3","24.37","42.7","20.4","27.1","51.4","13.1","","264.0","4.83","10.49","-0.08","15.2","38.4","92.9","0.094","0.374","4"
"Wilson Enduro Pro 17 (1.25)","40","Medium","Nylon/Polyester","1.25","1.27","1.8","2.4","3.3","24.81","38.0","27.5","43.9","68.6","23.6","","234.9","4.83","10.05","0.22","15.2","38.1","88.5","0.094","0.374","4"
"Wilson Enduro Pro 17 (1.25)","40","Fast","Nylon/Polyester","1.25","1.27","1.8","2.4","3.3","24.81","35.6","32.2","54.9","79.8","32.2","","214.9","4.83","10.05","0.42","15.2","38.6","85.4","0.094","0.374","4"
"Wilson Enduro Tour 16","62","Slow","Polyester","1.3","1.30","0.9","2.1","3.0","41.08","37.0","17.8","25.1","66.2","14.7","","321.2","8.51","12.15","-0.44","20.3","32.8","97.0","0.079","0.414","5.2"
"Wilson Enduro Tour 16","62","Medium","Polyester","1.3","1.30","0.9","2.1","3.0","41.70","33.5","24.0","43.4","85.1","25.6","","306.9","8.51","11.53","0.07","20.1","32.6","93.1","0.079","0.414","5.2"
"Wilson Enduro Tour 16","62","Fast","Polyester","1.3","1.30","0.9","2.1","3.0","41.72","31.9","28.2","55.3","97.0","34.2","","283.5","8.51","11.51","0.49","20.5","33.2","87.8","0.079","0.414","5.2"
"Wilson Enduro Tour 16","51","Slow","Polyester","1.3","1.30","0.9","2.1","3.0","31.53","39.5","19.0","26.9","58.4","13.9","","302.3","7.28","11.91","-0.33","19.0","37.2","95.3","0.079","0.414","5.2"
"Wilson Enduro Tour 16","51","Medium","Polyester","1.3","1.30","0.9","2.1","3.0","32.06","35.6","25.7","44.8","76.7","24.6","","276.0","7.28","11.38","0.18","18.7","37.1","90.1","0.079","0.414","5.2"
"Wilson Enduro Tour 16","51","Fast","Polyester","1.3","1.30","0.9","2.1","3.0","32.06","33.6","30.2","56.7","88.6","33.5","","251.5","7.28","11.38","0.42","19.0","37.6","86.9","0.079","0.414","5.2"
"Wilson Enduro Tour 16","40","Slow","Polyester","1.3","1.30","0.9","2.1","3.0","22.78","42.4","20.1","29.8","52.7","13.2","","300.6","4.81","12.10","-0.11","16.8","42.3","92.7","0.079","0.414","5.2"
"Wilson Enduro Tour 16","40","Medium","Polyester","1.3","1.30","0.9","2.1","3.0","23.11","37.7","27.2","47.2","70.1","23.8","","259.5","4.81","11.77","0.18","16.8","42.2","88.7","0.079","0.414","5.2"
"Wilson Enduro Tour 16","40","Fast","Polyester","1.3","1.30","0.9","2.1","3.0","23.04","35.5","32.0","58.7","81.8","32.7","","232.6","4.81","11.84","0.33","17.0","42.8","82.8","0.079","0.414","5.2"
"Wilson Enduro Tour 17","62","Slow","Polyester","1.25","1.25","2.4","4.8","7.6","29.06","41.3","20.0","25.4","54.2","13.5","","257.7","15.08","17.60","-0.40","32.2","52.3","95.5","0.086","0.414","4.8"
"Wilson Enduro Tour 17","62","Medium","Polyester","1.25","1.25","2.4","4.8","7.6","29.86","37.2","26.3","41.2","71.0","23.4","","241.2","15.08","16.80","0.27","32.2","52.1","89.9","0.086","0.414","4.8"
"Wilson Enduro Tour 17","62","Fast","Polyester","1.25","1.25","2.4","4.8","7.6","29.86","35.2","31.9","51.8","81.8","32.6","","206.9","15.08","16.80","0.49","32.4","52.4","85.6","0.086","0.414","4.8"
"Wilson Enduro Tour 17","51","Slow","Polyester","1.25","1.25","2.4","4.8","7.6","19.01","45.8","22.0","26.0","45.2","12.4","","219.5","11.09","20.62","-0.17","31.5","62.2","92.5","0.086","0.414","4.8"
"Wilson Enduro Tour 17","51","Medium","Polyester","1.25","1.25","2.4","4.8","7.6","19.56","41.1","29.4","39.7","59.3","21.8","","186.3","11.09","20.07","0.42","31.5","62.3","85.7","0.086","0.414","4.8"
"Wilson Enduro Tour 17","51","Fast","Polyester","1.25","1.25","2.4","4.8","7.6","19.51","39.1","34.2","48.7","68.1","29.1","","169.7","11.09","20.12","0.44","31.8","62.4","79.7","0.086","0.414","4.8"
"Wilson Enduro Tour 17","40","Slow","Polyester","1.25","1.25","2.4","4.8","7.6","12.79","50.1","24.0","26.9","39.7","11.9","","189.2","6.88","20.02","-0.22","26.7","67.2","88.9","0.086","0.414","4.8"
"Wilson Enduro Tour 17","40","Medium","Polyester","1.25","1.25","2.4","4.8","7.6","13.43","44.7","31.8","37.9","51.4","20.4","","153.2","6.88","19.38","0.31","26.7","66.9","81.0","0.086","0.414","4.8"
"Wilson Enduro Tour 17","40","Fast","Polyester","1.25","1.25","2.4","4.8","7.6","13.47","42.7","37.0","46.3","59.8","27.7","","137.2","6.88","19.34","0.35","26.7","66.9","74.5","0.086","0.414","4.8"
"Wilson Enduro Tour 18","62","Slow","Polyester","1.21","1.21","2.4","5.5","8.5","31.36","40.8","19.7","23.8","55.1","13.6","","249.7","13.23","17.15","-0.37","30.0","48.6","96.2","NA","NA","NA"
"Wilson Enduro Tour 18","62","Medium","Polyester","1.21","1.21","2.4","5.5","8.5","31.99","36.8","26.1","40.1","72.3","23.6","","239.5","13.23","16.52","0.26","30.0","48.6","90.8","NA","NA","NA"
"Wilson Enduro Tour 18","62","Fast","Polyester","1.21","1.21","2.4","5.5","8.5","31.95","34.8","31.4","50.9","82.9","32.5","","210.3","13.23","16.56","0.53","30.4","49.1","87.2","NA","NA","NA"
"Wilson Enduro Tour 18","51","Slow","Polyester","1.21","1.21","2.4","5.5","8.5","18.17","46.6","22.2","26.0","44.3","12.3","","214.3","11.49","21.06","-0.44","32.2","63.3","91.2","NA","NA","NA"
"Wilson Enduro Tour 18","51","Medium","Polyester","1.21","1.21","2.4","5.5","8.5","18.99","41.7","30.0","39.5","58.4","21.9","","178.3","11.49","20.24","0.38","32.2","63.3","85.2","NA","NA","NA"
"Wilson Enduro Tour 18","51","Fast","Polyester","1.21","1.21","2.4","5.5","8.5","18.99","39.5","35.0","48.1","67.0","29.3","","159.4","11.49","20.24","0.56","32.2","63.7","81.2","NA","NA","NA"
"Wilson Enduro Tour 18","40","Slow","Polyester","1.21","1.21","2.4","5.5","8.5","12.35","50.7","24.4","26.2","38.6","11.7","","177.7","7.23","20.11","-0.22","27.1","68.3","89.1","NA","NA","NA"
"Wilson Enduro Tour 18","40","Medium","Polyester","1.21","1.21","2.4","5.5","8.5","12.94","45.7","32.0","36.8","49.6","19.9","","145.7","7.23","19.52","0.44","27.1","68.5","79.9","NA","NA","NA"
"Wilson Enduro Tour 18","40","Fast","Polyester","1.21","1.21","2.4","5.5","8.5","13.01","43.4","38.0","44.3","57.3","27.2","","124.6","7.23","19.45","0.55","27.1","68.6","72.6","NA","NA","NA"
"IsoSpeed Energetic 17","62","Slow","Nylon/Polyolefin","1.2","1.27","3.6","4.8","6.1","41.63","39.4","18.3","16.8","58.4","13.4","","202.9","7.39","12.72","0.00","20.1","32.6","94.3","0.22","0.413","1.9"
"IsoSpeed Energetic 17","62","Medium","Nylon/Polyolefin","1.2","1.27","3.6","4.8","6.1","41.54","36.3","26.0","30.0","71.7","23.3","","180.6","7.39","12.81","0.06","20.3","32.8","93.1","0.22","0.413","1.9"
"IsoSpeed Energetic 17","62","Fast","Nylon/Polyolefin","1.2","1.27","3.6","4.8","6.1","41.43","34.5","31.0","40.4","81.8","31.7","","170.3","7.39","12.92","0.35","20.7","33.5","92.7","0.22","0.413","1.9"
"IsoSpeed Energetic 17","51","Slow","Nylon/Polyolefin","1.2","1.27","3.6","4.8","6.1","33.82","42.1","20.0","17.6","51.4","12.9","","178.9","5.76","11.14","-0.03","16.8","33.3","99.0","0.22","0.413","1.9"
"IsoSpeed Energetic 17","51","Medium","Nylon/Polyolefin","1.2","1.27","3.6","4.8","6.1","33.87","38.4","27.7","31.5","65.3","22.6","","166.9","5.76","11.09","0.16","17.0","33.5","92.2","0.22","0.413","1.9"
"IsoSpeed Energetic 17","51","Fast","Nylon/Polyolefin","1.2","1.27","3.6","4.8","6.1","33.74","36.3","32.7","41.0","74.7","30.5","","156.6","5.76","11.22","0.42","17.4","34.3","89.9","0.22","0.413","1.9"
"IsoSpeed Energetic 17","40","Slow","Nylon/Polyolefin","1.2","1.27","3.6","4.8","6.1","26.06","45.4","21.9","19.4","45.4","12.4","","164.0","4.92","8.71","0.02","13.7","34.4","94.1","0.22","0.413","1.9"
"IsoSpeed Energetic 17","40","Medium","Nylon/Polyolefin","1.2","1.27","3.6","4.8","6.1","26.11","41.0","29.7","32.2","58.4","21.6","","149.2","4.92","8.66","0.20","13.7","34.7","90.8","0.22","0.413","1.9"
"IsoSpeed Energetic 17","40","Fast","Nylon/Polyolefin","1.2","1.27","3.6","4.8","6.1","26.02","38.4","34.6","42.8","68.8","29.8","","144.6","4.92","8.75","0.31","13.9","35.2","86.7","0.22","0.413","1.9"
"IsoSpeed Energetic Plus 16","62","Slow","Nylon/Polyester","1.3","NA","3.9","4.8","5.8","49.88","37.4","17.4","13.5","63.5","13.8","","181.7","5.78","6.08","-0.06","11.9","19.1","98.2","0.169","0.41","2.4"
"IsoSpeed Energetic Plus 16","62","Medium","Nylon/Polyester","1.3","NA","3.9","4.8","5.8","49.79","34.8","25.0","27.6","77.4","24.2","","179.5","5.78","6.17","0.09","12.1","19.5","96.0","0.169","0.41","2.4"
"IsoSpeed Energetic Plus 16","62","Fast","Nylon/Polyester","1.3","NA","3.9","4.8","5.8","49.61","33.2","30.0","37.3","86.9","32.6","","168.0","5.78","6.35","0.28","12.3","20.1","88.9","0.169","0.41","2.4"
"IsoSpeed Energetic Plus 16","51","Slow","Nylon/Polyester","1.3","NA","3.9","4.8","5.8","39.69","40.7","19.0","15.4","55.1","13.1","","173.2","5.31","5.72","-0.04","11.0","21.7","97.6","0.169","0.41","2.4"
"IsoSpeed Energetic Plus 16","51","Medium","Nylon/Polyester","1.3","NA","3.9","4.8","5.8","39.71","37.2","26.7","29.3","69.0","23.0","","167.4","5.31","5.70","0.09","11.0","21.9","94.7","0.169","0.41","2.4"
"IsoSpeed Energetic Plus 16","51","Fast","Nylon/Polyester","1.3","NA","3.9","4.8","5.8","39.60","35.2","32.0","39.2","78.7","31.5","","155.4","5.31","5.81","0.24","11.2","22.4","90.4","0.169","0.41","2.4"
"IsoSpeed Energetic Plus 16","40","Slow","Nylon/Polyester","1.3","NA","3.9","4.8","5.8","28.58","44.9","21.0","17.9","46.5","12.2","","165.2","5.12","5.99","-0.02","11.0","27.9","97.8","0.169","0.41","2.4"
"IsoSpeed Energetic Plus 16","40","Medium","Nylon/Polyester","1.3","NA","3.9","4.8","5.8","28.62","40.2","29.4","32.4","61.1","22.4","","152.6","5.12","5.95","0.11","11.2","28.2","92.4","0.169","0.41","2.4"
"IsoSpeed Energetic Plus 16","40","Fast","Nylon/Polyester","1.3","NA","3.9","4.8","5.8","28.53","37.7","34.4","42.3","71.0","30.5","","145.7","5.12","6.04","0.15","11.2","28.5","88.2","0.169","0.41","2.4"
"Poly Star Energy 16 (1.30)","62","Slow","Polyester","1.3","1.30","2.1","4.5","8.2","28.75","41.0","19.9","26.9","55.6","13.9","","275.5","14.91","18.08","-0.44","32.6","52.7","93.1","0.089","0.354","4"
"Poly Star Energy 16 (1.30)","62","Medium","Polyester","1.3","1.30","2.1","4.5","8.2","29.61","36.6","26.3","43.2","72.8","23.9","","254.9","14.91","17.22","0.37","32.4","52.6","90.4","0.089","0.354","4"
"Poly Star Energy 16 (1.30)","62","Fast","Polyester","1.3","1.30","2.1","4.5","8.2","29.61","34.6","31.1","54.9","84.7","32.9","","231.5","14.91","17.22","0.61","32.9","53","84.6","0.089","0.354","4"
"Poly Star Energy 16 (1.30)","51","Slow","Polyester","1.3","1.30","2.1","4.5","8.2","16.80","46.3","22.1","28.7","45.4","12.6","","237.2","11.49","22.43","-0.33","33.5","66.2","89.9","0.089","0.354","4"
"Poly Star Energy 16 (1.30)","51","Medium","Polyester","1.3","1.30","2.1","4.5","8.2","17.73","41.3","29.5","41.2","58.9","21.7","","192.6","11.49","21.50","0.53","33.5","66.1","83.4","0.089","0.354","4"
"Poly Star Energy 16 (1.30)","51","Fast","Polyester","1.3","1.30","2.1","4.5","8.2","17.64","39.3","34.5","50.7","68.4","29.4","","173.2","11.49","21.59","0.53","33.5","66.3","76.6","0.089","0.354","4"
"Poly Star Energy 16 (1.30)","40","Slow","Polyester","1.3","1.30","2.1","4.5","8.2","11.88","49.7","24.0","28.0","39.9","12.0","","198.3","7.74","20.07","-0.23","27.6","69.5","85.0","0.089","0.354","4"
"Poly Star Energy 16 (1.30)","40","Medium","Polyester","1.3","1.30","2.1","4.5","8.2","12.35","44.4","31.4","40.4","52.7","20.6","","166.3","7.74","19.60","0.31","27.6","69.7","79.4","0.089","0.354","4"
"Poly Star Energy 16 (1.30)","40","Fast","Polyester","1.3","1.30","2.1","4.5","8.2","12.57","42.5","36.9","47.2","59.8","27.6","","141.2","7.74","19.38","0.18","27.3","68.8","71.7","0.089","0.354","4"
"Poly Star Energy 16L (1.25)","62","Slow","Polyester","1.25","1.25","2.4","5.2","8.5","30.67","40.2","19.4","26.7","57.6","14.0","","288.0","14.02","17.05","-0.38","30.6","49.7","95.6","0.096","0.354","3.7"
"Poly Star Energy 16L (1.25)","62","Medium","Polyester","1.25","1.25","2.4","5.2","8.5","31.36","36.2","26.0","43.7","75.0","24.4","","262.3","14.02","16.36","0.25","30.6","49.6","90.6","0.096","0.354","3.7"
"Poly Star Energy 16L (1.25)","62","Fast","Polyester","1.25","1.25","2.4","5.2","8.5","31.36","34.1","31.0","55.1","86.4","33.5","","232.6","14.02","16.36","0.60","31.1","50.2","86.1","0.096","0.354","3.7"
"Poly Star Energy 16L (1.25)","51","Slow","Polyester","1.25","1.25","2.4","5.2","8.5","16.01","46.9","23.0","28.4","44.5","12.8","","219.5","12.86","21.85","-0.31","34.4","67.8","88.0","0.096","0.354","3.7"
"Poly Star Energy 16L (1.25)","51","Medium","Polyester","1.25","1.25","2.4","5.2","8.5","16.67","42.0","30.0","41.7","58.4","21.9","","188.0","12.86","21.19","0.22","34.2","67.6","81.5","0.096","0.354","3.7"
"Poly Star Energy 16L (1.25)","51","Fast","Polyester","1.25","1.25","2.4","5.2","8.5","16.80","39.6","35.0","51.2","68.1","29.8","","169.7","12.86","21.06","0.57","34.4","68","75.5","0.096","0.354","3.7"
"Poly Star Energy 16L (1.25)","40","Slow","Polyester","1.25","1.25","2.4","5.2","8.5","10.87","50.5","24.3","28.4","39.5","11.9","","196.6","7.61","21.21","-0.13","28.7","72.3","85.7","0.096","0.354","3.7"
"Poly Star Energy 16L (1.25)","40","Medium","Polyester","1.25","1.25","2.4","5.2","8.5","11.44","45.4","32.0","39.7","51.2","20.5","","157.7","7.61","20.64","0.41","28.7","72.2","75.5","0.096","0.354","3.7"
"Poly Star Energy 16L (1.25)","40","Fast","Polyester","1.25","1.25","2.4","5.2","8.5","11.47","43.4","37.5","47.0","58.4","27.4","","135.4","7.61","20.61","0.47","28.7","72.3","70.4","0.096","0.354","3.7"
"Poly Star Energy 17 (1.20)","62","Slow","Polyester","1.2","1.23","2.7","4.5","7.6","29.46","41.1","19.9","25.4","54.7","13.7","","258.3","14.99","17.29","-0.37","32.0","51.7","94.3","0.092","0.366","4"
"Poly Star Energy 17 (1.20)","62","Medium","Polyester","1.2","1.23","2.7","4.5","7.6","30.21","36.8","26.2","41.7","71.9","23.6","","246.9","14.99","16.54","0.29","31.8","51.5","89.7","0.092","0.366","4"
"Poly Star Energy 17 (1.20)","62","Fast","Polyester","1.2","1.23","2.7","4.5","7.6","30.25","34.8","31.4","52.9","83.1","32.6","","217.2","14.99","16.50","0.59","32.2","52","85.6","0.092","0.366","4"
"Poly Star Energy 17 (1.20)","51","Slow","Polyester","1.2","1.23","2.7","4.5","7.6","18.30","46.2","22.1","26.5","44.8","12.4","","220.6","12.13","20.29","-0.24","32.2","63.4","90.4","0.092","0.366","4"
"Poly Star Energy 17 (1.20)","51","Medium","Polyester","1.2","1.23","2.7","4.5","7.6","19.01","41.4","29.7","40.6","59.5","22.1","","187.5","12.13","19.58","0.42","32.2","63.3","83.9","0.092","0.366","4"
"Poly Star Energy 17 (1.20)","51","Fast","Polyester","1.2","1.23","2.7","4.5","7.6","19.03","39.2","34.7","49.0","68.1","29.5","","165.2","12.13","19.56","0.57","32.2","63.6","77.3","0.092","0.366","4"
"Poly Star Energy 17 (1.20)","40","Slow","Polyester","1.2","1.23","2.7","4.5","7.6","13.10","49.7","24.0","26.2","39.5","11.8","","185.2","7.08","19.51","-0.20","26.5","66.5","86.1","0.092","0.366","4"
"Poly Star Energy 17 (1.20)","40","Medium","Polyester","1.2","1.23","2.7","4.5","7.6","13.67","44.5","31.7","38.4","52.0","20.7","","154.9","7.08","18.94","0.37","26.5","66.5","78.9","0.092","0.366","4"
"Poly Star Energy 17 (1.20)","40","Fast","Polyester","1.2","1.23","2.7","4.5","7.6","13.76","42.4","37.0","46.5","60.2","27.8","","137.7","7.08","18.85","0.68","26.7","67.1","73.8","0.092","0.366","4"
"Gamma ESP 16","62","Slow","Nylon","1.32","1.31","NA","NA","10.6","47.45","37.5","17.3","13.9","61.3","13.2","","188.6","8.40","5.89","0.02","14.3","23.2","97.8","0.159","0.419","2.6"
"Gamma ESP 16","62","Medium","Nylon","1.32","1.31","NA","NA","10.6","47.08","34.7","25.0","28.2","75.2","23.5","","183.5","8.40","6.26","0.00","14.6","23.7","96.6","0.159","0.419","2.6"
"Gamma ESP 16","62","Fast","Nylon","1.32","1.31","NA","NA","10.6","46.88","33.0","30.0","39.0","86.0","32.3","","176.6","8.40","6.46","0.24","15.2","24.5","94.5","0.159","0.419","2.6"
"Gamma ESP 16","51","Slow","Nylon","1.32","1.31","NA","NA","10.6","37.46","40.7","19.0","14.3","51.8","12.3","","161.7","7.32","5.94","-0.09","13.2","26","96.8","0.159","0.419","2.6"
"Gamma ESP 16","51","Medium","Nylon","1.32","1.31","NA","NA","10.6","37.29","37.2","27.0","28.9","66.2","22.3","","160.6","7.32","6.11","0.00","13.5","26.5","94.3","0.159","0.419","2.6"
"Gamma ESP 16","51","Fast","Nylon","1.32","1.31","NA","NA","10.6","37.15","35.1","32.0","39.7","77.0","30.8","","157.7","7.32","6.25","0.19","13.7","27.1","93.5","0.159","0.419","2.6"
"Gamma ESP 16","40","Slow","Nylon","1.32","1.31","NA","NA","10.6","28.29","44.3","21.0","15.2","43.4","11.4","","140.0","6.37","5.03","-0.11","11.2","28.4","98.6","0.159","0.419","2.6"
"Gamma ESP 16","40","Medium","Nylon","1.32","1.31","NA","NA","10.6","28.27","40.2","29.1","29.8","58.0","21.1","","142.9","6.37","5.05","0.07","11.5","28.9","93.9","0.159","0.419","2.6"
"Gamma ESP 16","40","Fast","Nylon","1.32","1.31","NA","NA","10.6","28.14","37.9","34.4","39.2","67.5","29.0","","135.4","6.37","5.18","0.20","11.7","29.6","89.3","0.159","0.419","2.6"
"Head ETS 16","62","Slow","Nylon","1.31","1.45","4.5","5.8","6.7","47.89","37.8","18.0","13.7","61.7","13.8","","173.7","6.13","7.72","0.00","13.9","22.4","97.2","0.173","0.331","1.9"
"Head ETS 16","62","Medium","Nylon","1.31","1.45","4.5","5.8","6.7","47.58","35.1","25.0","26.9","74.3","23.2","","174.3","6.13","8.03","0.06","14.3","23","96.0","0.173","0.331","1.9"
"Head ETS 16","62","Fast","Nylon","1.31","1.45","4.5","5.8","6.7","47.36","33.4","30.1","36.4","83.6","31.4","","163.4","6.13","8.25","0.31","14.8","23.8","92.5","0.173","0.331","1.9"
"Head ETS 16","51","Slow","Nylon","1.31","1.45","4.5","5.8","6.7","38.94","40.6","19.0","15.0","54.0","12.8","","169.2","5.40","6.38","0.04","11.9","23.3","95.8","0.173","0.331","1.9"
"Head ETS 16","51","Medium","Nylon","1.31","1.45","4.5","5.8","6.7","38.68","37.4","26.5","29.1","67.9","22.5","","168.6","5.40","6.64","0.05","12.1","23.8","94.7","0.173","0.331","1.9"
"Head ETS 16","51","Fast","Nylon","1.31","1.45","4.5","5.8","6.7","38.48","35.3","32.0","39.5","77.8","31.1","","156.0","5.40","6.84","0.29","12.6","24.7","95.3","0.173","0.331","1.9"
"Head ETS 16","40","Slow","Nylon","1.31","1.45","4.5","5.8","6.7","29.15","44.4","21.0","16.8","45.9","12.0","","154.3","4.70","5.84","0.00","10.6","26.6","96.2","0.173","0.331","1.9"
"Head ETS 16","40","Medium","Nylon","1.31","1.45","4.5","5.8","6.7","29.06","40.1","28.9","30.0","59.1","21.3","","145.2","4.70","5.93","0.09","10.8","27","93.3","0.173","0.331","1.9"
"Head ETS 16","40","Fast","Nylon","1.31","1.45","4.5","5.8","6.7","28.89","37.7","34.0","40.8","69.7","29.7","","143.4","4.70","6.10","0.23","11.0","27.8","90.8","0.173","0.331","1.9"
"Head ETS 17","62","Slow","Nylon","1.24","1.35","4.8","6.1","6.7","49.17","37.2","17.4","13.7","62.8","13.6","","182.9","5.73","6.84","-0.05","12.6","20.3","95.8","0.198","0.367","1.9"
"Head ETS 17","62","Medium","Nylon","1.24","1.35","4.8","6.1","6.7","48.80","34.8","24.8","26.2","75.2","23.3","","173.7","5.73","7.21","0.07","13.0","21.1","95.6","0.198","0.367","1.9"
"Head ETS 17","62","Fast","Nylon","1.24","1.35","4.8","6.1","6.7","48.55","33.1","29.9","36.4","85.1","31.8","","165.7","5.73","7.46","0.50","13.7","22.2","92.7","0.198","0.367","1.9"
"Head ETS 17","51","Slow","Nylon","1.24","1.35","4.8","6.1","6.7","40.68","39.9","18.9","14.3","54.9","13.0","","162.9","4.26","5.78","0.02","10.1","19.8","98.0","0.198","0.367","1.9"
"Head ETS 17","51","Medium","Nylon","1.24","1.35","4.8","6.1","6.7","40.42","36.9","26.2","27.6","67.9","22.2","","162.3","4.26","6.04","0.09","10.4","20.5","96.0","0.198","0.367","1.9"
"Head ETS 17","51","Fast","Nylon","1.24","1.35","4.8","6.1","6.7","40.20","35.0","31.7","37.7","77.8","30.9","","152.0","4.26","6.26","0.27","10.8","21.3","92.7","0.198","0.367","1.9"
"Head ETS 17","40","Slow","Nylon","1.24","1.35","4.8","6.1","6.7","29.28","44.5","21.0","16.1","45.4","11.9","","147.4","4.98","5.43","0.00","10.4","26.2","98.2","0.198","0.367","1.9"
"Head ETS 17","40","Medium","Nylon","1.24","1.35","4.8","6.1","6.7","29.24","40.2","29.0","29.5","58.9","21.4","","143.4","4.98","5.47","0.11","10.6","26.6","93.7","0.198","0.367","1.9"
"Head ETS 17","40","Fast","Nylon","1.24","1.35","4.8","6.1","6.7","29.08","37.8","34.2","40.4","69.5","29.7","","139.4","4.98","5.63","0.17","10.8","27.2","92.0","0.198","0.367","1.9"
"Klip Excellerator 16/1.30","62","Slow","Nylon","1.3","1.32","7.3","8.8","9.7","51.24","36.9","17.0","13.0","64.2","13.6","","182.3","7.28","3.22","0.02","10.6","17","96.4","0.121","0.322","2.7"
"Klip Excellerator 16/1.30","62","Medium","Nylon","1.3","1.32","7.3","8.8","9.7","50.94","34.4","24.4","28.4","79.4","24.2","","192.6","7.28","3.52","0.09","10.8","17.6","96.0","0.121","0.322","2.7"
"Klip Excellerator 16/1.30","62","Fast","Nylon","1.3","1.32","7.3","8.8","9.7","50.67","32.5","30.0","40.6","91.1","34.2","","182.9","7.28","3.79","0.18","11.2","18.2","92.9","0.121","0.322","2.7"
"Klip Excellerator 16/1.30","51","Slow","Nylon","1.3","1.32","7.3","8.8","9.7","41.15","40.2","18.2","13.9","55.1","12.5","","170.9","5.98","3.59","0.03","9.7","18.9","95.8","0.121","0.322","2.7"
"Klip Excellerator 16/1.30","51","Medium","Nylon","1.3","1.32","7.3","8.8","9.7","40.92","36.7","26.2","28.9","69.9","22.8","","172.0","5.98","3.82","0.08","9.9","19.5","95.5","0.121","0.322","2.7"
"Klip Excellerator 16/1.30","51","Fast","Nylon","1.3","1.32","7.3","8.8","9.7","40.70","34.7","32.0","40.6","81.1","32.5","","160.6","5.98","4.04","0.17","10.1","20.1","91.6","0.121","0.322","2.7"
"Klip Excellerator 16/1.30","40","Slow","Nylon","1.3","1.32","7.3","8.8","9.7","30.45","44.7","20.8","15.2","45.6","11.9","","142.9","5.49","3.75","0.00","9.3","23.3","97.0","0.121","0.322","2.7"
"Klip Excellerator 16/1.30","40","Medium","Nylon","1.3","1.32","7.3","8.8","9.7","30.36","40.2","29.2","29.3","59.5","21.8","","140.0","5.49","3.84","0.06","9.5","23.7","93.9","0.121","0.322","2.7"
"Klip Excellerator 16/1.30","40","Fast","Nylon","1.3","1.32","7.3","8.8","9.7","30.25","37.7","34.2","39.7","69.9","29.9","","137.2","5.49","3.95","0.15","9.7","24.2","90.2","0.121","0.322","2.7"
"Weiss Cannon Explosiv 1.30","62","Slow","Nylon","1.3","38","8.5","10.0","NA","48.64","37.9","17.9","12.6","61.3","13.7","","159.4","6.92","6.18","0.02","13.2","21.3","94.5","0.105","0.424","4"
"Weiss Cannon Explosiv 1.30","62","Medium","Nylon","1.3","38","8.5","10.0","NA","48.38","35.1","25.0","26.7","75.0","23.5","","173.7","6.92","6.44","0.05","13.5","21.7","94.7","0.105","0.424","4"
"Weiss Cannon Explosiv 1.30","62","Fast","Nylon","1.3","38","8.5","10.0","NA","48.14","33.3","30.0","37.7","85.8","32.2","","169.7","6.92","6.68","0.23","13.9","22.4","93.5","0.105","0.424","4"
"Weiss Cannon Explosiv 1.30","51","Slow","Nylon","1.3","38","8.5","10.0","NA","38.32","41.4","19.6","13.0","51.4","12.6","","138.3","5.93","6.47","0.02","12.3","24.5","96.8","0.105","0.424","4"
"Weiss Cannon Explosiv 1.30","51","Medium","Nylon","1.3","38","8.5","10.0","NA","38.17","38.1","27.1","27.1","65.3","22.1","","150.3","5.93","6.62","0.02","12.6","24.8","94.3","0.105","0.424","4"
"Weiss Cannon Explosiv 1.30","51","Fast","Nylon","1.3","38","8.5","10.0","NA","38.01","35.8","32.1","38.4","76.3","30.6","","150.9","5.93","6.78","0.15","12.8","25.3","92.9","0.105","0.424","4"
"Weiss Cannon Explosiv 1.30","40","Slow","Nylon","1.3","38","8.5","10.0","NA","29.52","45.4","21.8","12.8","42.3","11.5","","109.7","4.41","5.76","0.02","10.1","25.7","95.5","0.105","0.424","4"
"Weiss Cannon Explosiv 1.30","40","Medium","Nylon","1.3","38","8.5","10.0","NA","29.64","41.2","29.9","25.8","55.3","20.7","","116.6","4.41","5.64","0.27","10.4","26","92.5","0.105","0.424","4"
"Weiss Cannon Explosiv 1.30","40","Fast","Nylon","1.3","38","8.5","10.0","NA","29.33","38.7","35.1","36.6","65.9","29.0","","120.6","4.41","5.95","0.11","10.6","26.4","90.1","0.105","0.424","4"
"Dunlop Explosive 16","62","Slow","Polyester","1.3","1.30","1.8","2.4","3.0","41.45","37.2","18.0","23.4","64.8","14.6","","294.9","7.61","12.68","-0.31","20.1","32.4","97.8","0.1","0.478","4.8"
"Dunlop Explosive 16","62","Medium","Polyester","1.3","1.30","1.8","2.4","3.0","42.01","33.8","24.0","39.7","81.8","24.6","","278.9","7.61","12.12","0.18","19.8","32.3","95.6","0.1","0.478","4.8"
"Dunlop Explosive 16","62","Fast","Polyester","1.3","1.30","1.8","2.4","3.0","42.03","32.2","29.0","51.4","93.5","33.9","","248.6","7.61","12.10","0.47","20.1","32.7","89.5","0.1","0.478","4.8"
"Dunlop Explosive 16","51","Slow","Polyester","1.3","1.30","1.8","2.4","3.0","32.66","39.6","19.0","24.9","57.8","13.7","","281.8","6.66","11.40","-0.13","17.9","35.3","95.3","0.1","0.478","4.8"
"Dunlop Explosive 16","51","Medium","Polyester","1.3","1.30","1.8","2.4","3.0","33.05","35.8","26.0","41.2","74.3","24.1","","248.0","6.66","11.01","0.24","17.9","35.3","90.2","0.1","0.478","4.8"
"Dunlop Explosive 16","51","Fast","Polyester","1.3","1.30","1.8","2.4","3.0","33.01","33.8","30.3","52.7","85.6","32.4","","233.2","6.66","11.05","0.46","18.1","35.8","87.4","0.1","0.478","4.8"
"Dunlop Explosive 16","40","Slow","Polyester","1.3","1.30","1.8","2.4","3.0","23.09","42.9","20.5","27.1","50.3","12.9","","260.6","5.27","11.33","-0.19","16.3","41.3","94.7","0.1","0.478","4.8"
"Dunlop Explosive 16","40","Medium","Polyester","1.3","1.30","1.8","2.4","3.0","23.57","38.2","27.9","43.4","67.0","23.4","","226.3","5.27","10.85","0.35","16.5","41.5","89.1","0.1","0.478","4.8"
"Dunlop Explosive 16","40","Fast","Polyester","1.3","1.30","1.8","2.4","3.0","23.53","35.9","32.2","54.5","78.1","31.5","","213.2","5.27","10.89","0.40","16.5","41.7","83.5","0.1","0.478","4.8"
"Dunlop Explosive 17 (1.26)","51","Fast","Polyester","1.26","1.38","1.8","11.8","12.1","34.51","34.8","32.0","48.5","83.1","33.3","15.7","192.0","4.08","12.13","0.22","16.3","32.4","87.2","0.086","0.436","5.1"
"Dunlop Explosive 18 (1.20)","51","Fast","Polyester","1.2","1.31","NA","NA","10.3","36.38","34.4","32.0","49.0","85.3","34.2","16.0","194.3","3.37","10.97","0.20","14.6","28.7","89.5","0.083","0.418","5"
"Dunlop Explosive Bite 17 (1.27)","51","Fast","Polyester","1.27","1.32","NA","NA","7.9","36.58","33.9","31.2","48.3","84.9","33.1","16.3","201.7","3.90","10.24","0.24","14.3","28.3","88.5","NA","NA","NA"
"Dunlop Explosive Poly Max 16","62","Slow","Nylon/Polyester","1.3","1.31","7.6","8.8","10.0","49.13","37.1","17.3","14.1","63.3","13.7","","191.5","6.11","6.50","-0.04","12.6","20.4","95.5","0.135","0.453","3.4"
"Dunlop Explosive Poly Max 16","62","Medium","Nylon/Polyester","1.3","1.31","7.6","8.8","10.0","49.02","34.4","24.1","28.4","77.4","23.3","","199.5","6.11","6.61","0.02","12.8","20.6","95.5","0.135","0.453","3.4"
"Dunlop Explosive Poly Max 16","62","Fast","Nylon/Polyester","1.3","1.31","7.6","8.8","10.0","48.88","32.8","29.8","38.8","87.8","32.7","","177.2","6.11","6.75","0.22","13.0","21.2","92.7","0.135","0.453","3.4"
"Dunlop Explosive Poly Max 16","51","Slow","Nylon/Polyester","1.3","1.31","7.6","8.8","10.0","39.16","40.2","19.0","15.7","54.9","13.1","","177.7","5.45","6.11","-0.04","11.5","22.7","94.9","0.135","0.453","3.4"
"Dunlop Explosive Poly Max 16","51","Medium","Nylon/Polyester","1.3","1.31","7.6","8.8","10.0","39.14","36.9","26.0","29.5","68.8","22.4","","177.7","5.45","6.13","0.05","11.7","22.9","94.9","0.135","0.453","3.4"
"Dunlop Explosive Poly Max 16","51","Fast","Nylon/Polyester","1.3","1.31","7.6","8.8","10.0","39.05","34.9","31.9","39.7","78.7","31.3","","158.3","5.45","6.22","0.26","11.9","23.5","90.4","0.135","0.453","3.4"
"Dunlop Explosive Poly Max 16","40","Slow","Nylon/Polyester","1.3","1.31","7.6","8.8","10.0","29.17","44.4","21.0","16.3","45.4","11.9","","149.7","5.18","5.34","-0.05","10.6","26.4","96.8","0.135","0.453","3.4"
"Dunlop Explosive Poly Max 16","40","Medium","Nylon/Polyester","1.3","1.31","7.6","8.8","10.0","29.19","40.1","28.8","30.0","59.3","21.4","","146.9","5.18","5.32","0.13","10.6","26.8","91.2","0.135","0.453","3.4"
"Dunlop Explosive Poly Max 16","40","Fast","Nylon/Polyester","1.3","1.31","7.6","8.8","10.0","29.13","37.8","34.0","40.4","69.5","29.6","","142.3","5.18","5.38","0.24","10.8","27.2","88.5","0.135","0.453","3.4"
"Dunlop Explosive Speed 17 (1.25)","51","Fast","Polyester","1.25","1.23","7.6","8.5","3.9","42.78","31.9","29.9","54.9","97.7","36.5","17.3","249.7","2.54","5.40","1.00","8.8","17.6","91.2","NA","NA","NA"
"Dunlop Explosive Synthetic 16","62","Slow","Nylon","1.3","1.33","7.3","8.5","9.7","49.48","36.9","17.1","14.6","63.9","13.7","","201.2","7.94","4.32","-0.07","12.1","19.8","96.4","0.122","0.444","3.6"
"Dunlop Explosive Synthetic 16","62","Medium","Nylon","1.3","1.33","7.3","8.5","9.7","49.30","34.1","24.0","29.3","78.7","23.6","","206.3","7.94","4.50","0.06","12.6","20.3","94.9","0.122","0.444","3.6"
"Dunlop Explosive Synthetic 16","62","Fast","Nylon","1.3","1.33","7.3","8.5","9.7","49.11","32.3","29.2","42.1","91.3","33.4","","200.6","7.94","4.69","0.25","12.8","20.9","93.1","0.122","0.444","3.6"
"Dunlop Explosive Synthetic 16","51","Slow","Nylon","1.3","1.33","7.3","8.5","9.7","40.84","39.7","18.1","15.2","56.2","12.7","","189.7","5.84","4.04","0.03","9.9","19.5","94.9","0.122","0.444","3.6"
"Dunlop Explosive Synthetic 16","51","Medium","Nylon","1.3","1.33","7.3","8.5","9.7","40.64","36.2","26.0","30.4","71.2","23.1","","183.5","5.84","4.24","0.07","10.1","20","94.5","0.122","0.444","3.6"
"Dunlop Explosive Synthetic 16","51","Fast","Nylon","1.3","1.33","7.3","8.5","9.7","40.46","34.1","31.0","42.6","82.9","32.2","","179.5","5.84","4.42","0.20","10.4","20.6","93.1","0.122","0.444","3.6"
"Dunlop Explosive Synthetic 16","40","Slow","Nylon","1.3","1.33","7.3","8.5","9.7","30.52","43.9","20.5","16.1","46.5","11.9","","156.0","5.60","3.57","0.02","9.3","23.2","95.5","0.122","0.444","3.6"
"Dunlop Explosive Synthetic 16","40","Medium","Nylon","1.3","1.33","7.3","8.5","9.7","30.36","39.6","28.2","30.4","60.9","21.4","","156.0","5.60","3.73","0.04","9.3","23.6","92.4","0.122","0.444","3.6"
"Dunlop Explosive Synthetic 16","40","Fast","Nylon","1.3","1.33","7.3","8.5","9.7","30.23","37.1","34.0","42.1","72.3","30.7","","148.0","5.60","3.86","0.18","9.7","24.3","88.7","0.122","0.444","3.6"
"Dunlop Explosive Synthetic Gut 17","62","Slow","Nylon","1.25","1.30","7.0","8.2","9.1","52.52","35.7","16.1","13.9","66.6","13.4","","218.3","6.50","2.72","0.00","9.3","14.9","96.2","NA","NA","NA"
"Dunlop Explosive Synthetic Gut 17","62","Medium","Nylon","1.25","1.30","7.0","8.2","9.1","52.10","33.4","24.0","28.9","80.9","24.3","","204.0","6.50","3.14","0.11","9.7","15.8","95.6","NA","NA","NA"
"Dunlop Explosive Synthetic Gut 17","62","Fast","Nylon","1.25","1.30","7.0","8.2","9.1","51.82","31.6","28.2","41.5","93.3","32.9","","213.2","6.50","3.42","0.31","10.1","16.6","93.9","NA","NA","NA"
"Dunlop Explosive Synthetic Gut 17","51","Slow","Nylon","1.25","1.30","7.0","8.2","9.1","42.09","39.1","18.0","14.8","56.9","12.8","","185.2","5.82","2.81","0.02","8.6","17","98.4","NA","NA","NA"
"Dunlop Explosive Synthetic Gut 17","51","Medium","Nylon","1.25","1.30","7.0","8.2","9.1","41.78","35.9","25.9","29.3","71.0","23.0","","177.2","5.82","3.12","0.06","9.0","17.7","95.8","NA","NA","NA"
"Dunlop Explosive Synthetic Gut 17","51","Fast","Nylon","1.25","1.30","7.0","8.2","9.1","41.52","33.8","30.8","41.0","82.5","31.7","","175.5","5.82","3.38","0.11","9.3","18.3","93.9","NA","NA","NA"
"Dunlop Explosive Synthetic Gut 17","40","Slow","Nylon","1.25","1.30","7.0","8.2","9.1","30.54","43.6","20.2","15.7","46.3","11.7","","156.6","6.39","2.76","0.02","9.3","23.1","96.8","NA","NA","NA"
"Dunlop Explosive Synthetic Gut 17","40","Medium","Nylon","1.25","1.30","7.0","8.2","9.1","30.41","39.3","28.3","30.4","60.9","21.5","","154.3","6.39","2.89","0.11","9.5","23.7","93.1","NA","NA","NA"
"Dunlop Explosive Synthetic Gut 17","40","Fast","Nylon","1.25","1.30","7.0","8.2","9.1","30.25","36.9","33.9","41.0","71.2","30.2","","145.2","6.39","3.05","0.15","9.7","24.2","90.4","NA","NA","NA"
"Dunlop Explosive Tour 16 (1.30)","51","Fast","Polyester","1.3","1.32","7.0","9.4","13.0","26.59","35.9","33.0","53.6","80.3","33.0","14.9","200.6","6.92","17.21","0.31","24.5","48.2","84.6","NA","NA","NA"
"Wilson Extreme 16 Synthetic Gut","62","Fast","Nylon","1.3","1.30","7.0","7.9","9.1","49.92","32.4","29.6","43.4","93.3","34.5","","201.7","6.70","5.12","0.24","12.1","19.5","94.5","0.135","0.429","3.2"
"Wilson Extreme 16 Synthetic Gut","62","Medium","Nylon","1.3","1.30","7.0","7.9","9.1","50.08","34.2","24.5","30.9","80.9","24.8","","208.6","6.70","4.96","0.07","11.7","19","94.7","0.135","0.429","3.2"
"Wilson Extreme 16 Synthetic Gut","62","Slow","Nylon","1.3","1.30","7.0","7.9","9.1","50.32","37.1","17.0","14.8","65.0","13.8","","206.9","6.70","4.72","-0.13","11.2","18.3","96.4","0.135","0.429","3.2"
"Wilson Extreme 16 Synthetic Gut","51","Slow","Nylon","1.3","1.30","7.0","7.9","9.1","41.37","39.7","20.8","15.2","56.7","14.7","","144.6","6.28","3.07","0.03","9.3","18.5","99.2","0.135","0.429","3.2"
"Wilson Extreme 16 Synthetic Gut","51","Medium","Nylon","1.3","1.30","7.0","7.9","9.1","41.01","36.3","26.0","31.3","72.3","23.5","","187.5","6.28","3.43","0.02","9.7","19.2","96.2","0.135","0.429","3.2"
"Wilson Extreme 16 Synthetic Gut","51","Fast","Nylon","1.3","1.30","7.0","7.9","9.1","40.86","34.3","31.7","43.2","84.2","33.4","","174.3","6.28","3.58","0.27","10.1","20","92.5","0.135","0.429","3.2"
"Wilson Extreme 16 Synthetic Gut","40","Slow","Nylon","1.3","1.30","7.0","7.9","9.1","30.36","44.3","20.4","16.1","46.5","11.9","","156.6","6.35","2.98","0.02","9.3","23.6","95.6","0.135","0.429","3.2"
"Wilson Extreme 16 Synthetic Gut","40","Medium","Nylon","1.3","1.30","7.0","7.9","9.1","30.19","39.7","29.0","32.2","62.4","22.6","","155.4","6.35","3.15","0.05","9.5","24.1","93.9","0.135","0.429","3.2"
"Wilson Extreme 16 Synthetic Gut","40","Fast","Nylon","1.3","1.30","7.0","7.9","9.1","30.05","37.2","34.0","43.0","73.2","31.1","","151.4","6.35","3.29","0.13","9.7","24.6","89.3","0.135","0.429","3.2"
"Head Fibergel Power 16","51","Slow","Nylon","1.3","1.31","NA","NA","10.9","34.49","42.2","19.6","16.5","50.9","12.5","","174.3","8.11","8.12","-0.13","16.1","31.7","95.3","0.129","0.392","3"
"Head Fibergel Power 16","62","Fast","Nylon","1.3","1.31","NA","NA","10.9","45.47","33.4","30.0","40.8","86.2","32.4","","184.0","9.15","7.12","0.44","16.8","27.1","92.2","0.129","0.392","3"
"Head Fibergel Power 16","62","Medium","Nylon","1.3","1.31","NA","NA","10.9","45.67","35.2","25.2","29.5","75.2","23.7","","189.7","9.15","6.92","0.05","16.1","26.1","96.2","0.129","0.392","3"
"Head Fibergel Power 16","62","Slow","Nylon","1.3","1.31","NA","NA","10.9","45.69","38.2","17.9","14.8","60.4","13.5","","188.0","9.15","6.90","-0.15","15.9","25.7","96.4","0.129","0.392","3"
"Head Fibergel Power 16","40","Fast","Nylon","1.3","1.31","NA","NA","10.9","25.38","39.4","35.8","39.7","65.0","29.1","","125.7","6.48","7.83","0.27","14.6","36.7","85.9","0.129","0.392","3"
"Head Fibergel Power 16","40","Medium","Nylon","1.3","1.31","NA","NA","10.9","25.49","41.9","30.2","30.0","55.6","21.0","","134.3","6.48","7.72","0.15","14.3","36.2","91.6","0.129","0.392","3"
"Head Fibergel Power 16","40","Slow","Nylon","1.3","1.31","NA","NA","10.9","25.14","46.7","21.9","17.2","42.3","11.6","","145.7","6.48","8.07","-0.28","14.3","35.9","95.8","0.129","0.392","3"
"Head Fibergel Power 16","51","Medium","Nylon","1.3","1.31","NA","NA","10.9","34.57","38.2","27.7","30.9","65.5","22.7","","163.4","8.11","8.04","0.15","16.3","32.1","92.7","0.129","0.392","3"
"Head Fibergel Power 16","51","Fast","Nylon","1.3","1.31","NA","NA","10.9","34.42","36.1","33.0","41.0","75.4","31.2","","153.2","8.11","8.19","0.33","16.5","32.8","88.9","0.129","0.392","3"
"Head Fibergel Power 17","62","Slow","Nylon","1.24","1.28","7.6","9.1","9.7","47.89","37.1","17.6","15.0","62.8","13.8","","195.5","6.86","6.99","-0.22","13.7","22.1","97.2","0.131","0.405","3.1"
"Head Fibergel Power 17","62","Medium","Nylon","1.24","1.28","7.6","9.1","9.7","47.94","34.4","24.1","28.7","76.5","23.0","","201.2","6.86","6.94","0.07","13.9","22.5","95.3","0.131","0.405","3.1"
"Head Fibergel Power 17","62","Fast","Nylon","1.24","1.28","7.6","9.1","9.7","47.78","32.7","29.8","39.2","87.1","32.5","","180.0","6.86","7.10","0.55","14.6","23.5","92.7","0.131","0.405","3.1"
"Head Fibergel Power 17","51","Slow","Nylon","1.24","1.28","7.6","9.1","9.7","38.74","40.0","18.9","15.7","54.5","12.8","","177.7","5.20","6.78","-0.13","11.9","23.3","97.2","0.131","0.405","3.1"
"Head Fibergel Power 17","51","Medium","Nylon","1.24","1.28","7.6","9.1","9.7","38.74","36.7","26.0","30.0","68.8","22.4","","180.6","5.20","6.78","0.04","12.1","23.7","93.9","0.131","0.405","3.1"
"Head Fibergel Power 17","51","Fast","Nylon","1.24","1.28","7.6","9.1","9.7","38.63","34.8","31.7","39.7","78.5","31.1","","161.2","5.20","6.89","0.35","12.3","24.5","89.7","0.131","0.405","3.1"
"Head Fibergel Power 17","40","Slow","Nylon","1.24","1.28","7.6","9.1","9.7","27.74","44.8","21.2","17.0","44.8","11.8","","154.9","5.01","6.94","-0.11","11.9","29.8","94.1","0.131","0.405","3.1"
"Head Fibergel Power 17","40","Medium","Nylon","1.24","1.28","7.6","9.1","9.7","27.85","40.4","29.0","30.2","58.0","21.0","","145.7","5.01","6.83","0.11","11.9","30.1","91.4","0.131","0.405","3.1"
"Head Fibergel Power 17","40","Fast","Nylon","1.24","1.28","7.6","9.1","9.7","27.76","38.0","34.0","40.4","68.1","29.0","","141.7","5.01","6.92","0.22","12.1","30.6","86.5","0.131","0.405","3.1"
"Head Fibergel Spin 16","62","Slow","Nylon","1.3","1.33","NA","NA","10.6","49.28","37.3","17.0","13.9","63.1","13.5","","193.7","9.88","2.58","0.04","12.6","20.3","95.6","0.117","0.409","3.5"
"Head Fibergel Spin 16","62","Medium","Nylon","1.3","1.33","NA","NA","10.6","48.82","34.3","24.6","28.9","77.6","23.9","","193.7","9.88","3.04","0.09","13.0","21.1","96.2","0.117","0.409","3.5"
"Head Fibergel Spin 16","62","Fast","Nylon","1.3","1.33","NA","NA","10.6","48.49","32.4","29.9","41.7","90.0","33.7","","188.6","9.88","3.37","0.20","13.5","21.8","93.9","0.117","0.409","3.5"
"Head Fibergel Spin 16","51","Slow","Nylon","1.3","1.33","NA","NA","10.6","38.76","40.4","18.9","14.8","53.4","12.6","","167.4","7.92","4.04","0.00","11.9","23.6","99.4","0.117","0.409","3.5"
"Head Fibergel Spin 16","51","Medium","Nylon","1.3","1.33","NA","NA","10.6","38.48","36.9","26.6","30.6","69.0","22.9","","176.0","7.92","4.32","0.07","12.3","24.3","95.1","0.117","0.409","3.5"
"Head Fibergel Spin 16","51","Fast","Nylon","1.3","1.33","NA","NA","10.6","38.21","34.7","32.0","42.3","80.7","32.3","","168.6","7.92","4.59","0.15","12.6","25","92.9","0.117","0.409","3.5"
"Head Fibergel Spin 16","40","Slow","Nylon","1.3","1.33","NA","NA","10.6","29.15","44.6","20.9","15.4","44.5","11.7","","142.9","6.92","3.62","0.00","10.6","26.6","97.6","0.117","0.409","3.5"
"Head Fibergel Spin 16","40","Medium","Nylon","1.3","1.33","NA","NA","10.6","28.95","40.0","29.0","30.2","59.1","21.4","","145.7","6.92","3.82","0.13","10.8","27.4","92.5","0.117","0.409","3.5"
"Head Fibergel Spin 16","40","Fast","Nylon","1.3","1.33","NA","NA","10.6","28.73","37.6","34.2","40.8","69.7","29.7","","142.3","6.92","4.04","0.18","11.2","28.1","90.1","0.117","0.409","3.5"
"Babolat FiberTour 16","62","Slow","Nylon","1.3","1.34","6.7","7.6","8.8","50.41","37.0","17.0","13.2","63.7","13.5","","186.9","7.65","3.68","0.09","11.5","18.5","97.4","0.123","0.387","3.1"
"Babolat FiberTour 16","62","Medium","Nylon","1.3","1.34","6.7","7.6","8.8","50.05","34.3","24.2","28.4","78.5","23.7","","197.7","7.65","4.04","0.00","11.7","18.9","97.0","0.123","0.387","3.1"
"Babolat FiberTour 16","62","Fast","Nylon","1.3","1.34","6.7","7.6","8.8","49.88","32.6","30.0","40.1","90.0","33.7","","181.7","7.65","4.21","0.22","12.1","19.6","93.9","0.123","0.387","3.1"
"Babolat FiberTour 16","51","Slow","Nylon","1.3","1.34","6.7","7.6","8.8","39.58","40.7","19.0","14.6","54.2","12.8","","165.7","7.01","4.13","0.00","11.0","22","97.4","0.123","0.387","3.1"
"Babolat FiberTour 16","51","Medium","Nylon","1.3","1.34","6.7","7.6","8.8","39.43","36.9","26.8","29.3","68.8","23.1","","165.7","7.01","4.28","0.05","11.2","22.3","95.8","0.123","0.387","3.1"
"Babolat FiberTour 16","51","Fast","Nylon","1.3","1.34","6.7","7.6","8.8","39.29","34.8","32.0","41.0","80.5","32.1","","163.4","7.01","4.42","0.15","11.5","22.8","93.9","0.123","0.387","3.1"
"Babolat FiberTour 16","40","Slow","Nylon","1.3","1.34","6.7","7.6","8.8","29.46","44.7","21.0","15.7","45.2","11.8","","144.6","5.82","4.41","-0.06","10.1","25.6","97.0","0.123","0.387","3.1"
"Babolat FiberTour 16","40","Medium","Nylon","1.3","1.34","6.7","7.6","8.8","29.50","40.1","29.1","30.4","60.0","21.8","","145.7","5.82","4.37","0.02","10.1","25.7","94.3","0.123","0.387","3.1"
"Babolat FiberTour 16","40","Fast","Nylon","1.3","1.34","6.7","7.6","8.8","29.39","37.7","34.3","40.8","70.1","30.1","","141.2","5.82","4.48","0.15","10.4","26.3","89.3","0.123","0.387","3.1"
"Signum Pro Firestorm 1.25","40","Slow","Polyester","1.25","NA","2.7","4.2","5.5","18.04","43.4","21.0","24.7","42.8","11.2","6.7","228.0","7.52","14.13","0.00","21.6","54.6","95.3","0.086","0.413","4.8"
"Signum Pro Firestorm 1.25","40","Medium","Polyester","1.25","NA","2.7","4.2","5.5","18.24","38.7","28.1","39.2","57.6","20.2","11.2","202.9","7.52","13.93","0.31","21.8","54.8","89.5","0.086","0.413","4.8"
"Signum Pro Firestorm 1.25","40","Fast","Polyester","1.25","NA","2.7","4.2","5.5","18.13","36.6","33.8","48.3","66.4","28.0","14.6","172.6","7.52","14.04","0.58","22.1","55.8","83.0","0.086","0.413","4.8"
"Signum Pro Firestorm 1.25","51","Slow","Polyester","1.25","NA","2.7","4.2","5.5","27.10","40.4","19.7","22.9","50.1","12.3","7.2","240.6","6.86","16.76","-0.31","23.4","46","96.0","0.086","0.413","4.8"
"Signum Pro Firestorm 1.25","51","Medium","Polyester","1.25","NA","2.7","4.2","5.5","27.69","35.9","26.1","38.6","66.4","21.6","12.2","230.3","6.86","16.17","0.15","23.2","45.7","92.5","0.086","0.413","4.8"
"Signum Pro Firestorm 1.25","51","Fast","Polyester","1.25","NA","2.7","4.2","5.5","27.74","34.0","31.6","48.5","76.3","30.2","15.8","197.7","6.86","16.12","0.57","23.6","46.4","87.0","0.086","0.413","4.8"
"Signum Pro Firestorm 1.25","62","Slow","Polyester","1.25","NA","2.7","4.2","5.5","36.82","37.7","18.0","20.9","57.8","13.0","7.9","263.5","8.51","16.41","-0.29","24.7","39.9","96.6","0.086","0.413","4.8"
"Signum Pro Firestorm 1.25","62","Medium","Polyester","1.25","NA","2.7","4.2","5.5","37.24","33.8","25.0","37.7","75.0","23.4","13.0","245.7","8.51","15.99","0.11","24.7","39.9","94.7","0.086","0.413","4.8"
"Signum Pro Firestorm 1.25","62","Fast","Polyester","1.25","NA","2.7","4.2","5.5","37.22","32.0","29.9","48.5","85.6","32.0","17.3","220.6","8.51","16.01","0.55","25.1","40.6","91.0","0.086","0.413","4.8"
"Signum Pro Firestorm 16 (1.30)","51","Fast","Polyester","1.3","NA","2.1","3.0","5.5","29.22","36.3","33.1","50.1","79.4","32.8","15.1","185.7","5.25","16.25","0.33","21.8","43","83.9","0.088","0.485","5.5"
"Kirschbaum Flash 16 (1.30)","51","Fast","Polyester","1.3","1.4","9.4","7.9","10.0","32.41","34.8","32.0","48.5","80.9","32.4","15.9","192.6","5.64","12.67","0.33","18.5","36.7","87.6","NA","NA","NA"
"MSV Focus Evo 16","62","Slow","Polyester","1.3","NA","1.5","2.4","3.6","39.36","37.1","17.8","25.6","65.0","14.4","","329.8","9.11","13.27","-0.31","22.1","35.8","95.8","0.08","0.394","4.9"
"MSV Focus Evo 16","62","Medium","Polyester","1.3","NA","1.5","2.4","3.6","39.87","33.8","24.0","43.0","82.9","24.9","","303.5","9.11","12.76","0.09","22.1","35.6","93.9","0.08","0.394","4.9"
"MSV Focus Evo 16","62","Fast","Polyester","1.3","NA","1.5","2.4","3.6","39.95","32.1","29.0","53.8","93.7","34.0","","260.0","9.11","12.68","0.68","22.5","36.4","88.4","0.08","0.394","4.9"
"MSV Focus Evo 16","51","Slow","Polyester","1.3","NA","1.5","2.4","3.6","28.29","40.5","19.6","27.1","55.6","13.6","","288.0","8.40","14.03","-0.18","22.3","43.9","93.5","0.08","0.394","4.9"
"MSV Focus Evo 16","51","Medium","Polyester","1.3","NA","1.5","2.4","3.6","28.78","36.8","26.4","44.1","72.8","24.1","","256.0","8.40","13.54","0.29","22.3","43.8","90.4","0.08","0.394","4.9"
"MSV Focus Evo 16","51","Fast","Polyester","1.3","NA","1.5","2.4","3.6","28.71","34.8","31.4","55.1","83.8","32.9","","226.3","8.40","13.61","0.53","22.5","44.4","84.8","0.08","0.394","4.9"
"MSV Focus Evo 16","40","Slow","Polyester","1.3","NA","1.5","2.4","3.6","18.63","44.2","21.4","30.2","49.0","13.1","","268.0","5.29","15.77","-0.02","20.9","53","92.4","0.08","0.394","4.9"
"MSV Focus Evo 16","40","Medium","Polyester","1.3","NA","1.5","2.4","3.6","18.85","39.4","28.1","46.1","65.0","22.8","","237.7","5.29","15.55","0.39","21.2","53.5","85.2","0.08","0.394","4.9"
"MSV Focus Evo 16","40","Fast","Polyester","1.3","NA","1.5","2.4","3.6","18.79","37.3","33.7","56.2","75.0","31.6","","201.2","5.29","15.61","0.49","21.4","53.9","81.0","0.08","0.394","4.9"
"MSV Focus Evo 17","62","Slow","Polyester","1.25","1.25","2.1","3.0","4.2","36.80","38.3","18.0","24.5","61.3","13.8","","306.9","10.14","14.80","-0.29","24.7","39.9","94.1","0.098","0.443","4.5"
"MSV Focus Evo 17","62","Medium","Polyester","1.25","1.25","2.1","3.0","4.2","37.33","34.8","25.0","41.2","78.5","24.6","","267.5","10.14","14.27","0.20","24.7","39.9","91.4","0.098","0.443","4.5"
"MSV Focus Evo 17","62","Fast","Polyester","1.25","1.25","2.1","3.0","4.2","37.33","33.2","30.0","52.5","89.7","33.6","","237.7","10.14","14.27","0.70","25.1","40.7","88.7","0.098","0.443","4.5"
"MSV Focus Evo 17","51","Slow","Polyester","1.25","1.25","2.1","3.0","4.2","27.45","41.3","20.0","26.2","53.8","13.4","","267.5","7.94","15.33","-0.24","22.9","45.4","93.5","0.098","0.443","4.5"
"MSV Focus Evo 17","51","Medium","Polyester","1.25","1.25","2.1","3.0","4.2","27.98","37.3","27.0","41.7","69.7","23.5","","232.0","7.94","14.80","0.37","23.2","45.6","89.7","0.098","0.443","4.5"
"MSV Focus Evo 17","51","Fast","Polyester","1.25","1.25","2.1","3.0","4.2","27.94","35.5","32.0","52.0","80.0","31.9","","206.9","7.94","14.84","0.60","23.4","46.1","85.2","0.098","0.443","4.5"
"MSV Focus Evo 17","40","Slow","Polyester","1.25","1.25","2.1","3.0","4.2","17.33","45.6","22.0","28.7","46.1","12.6","","240.6","6.13","16.23","-0.02","22.3","56.3","94.1","0.098","0.443","4.5"
"MSV Focus Evo 17","40","Medium","Polyester","1.25","1.25","2.1","3.0","4.2","17.75","40.9","29.4","43.0","60.6","22.3","","202.3","6.13","15.81","0.42","22.3","56.3","84.1","0.098","0.443","4.5"
"MSV Focus Evo 17","40","Fast","Polyester","1.25","1.25","2.1","3.0","4.2","17.71","38.7","34.1","53.1","70.8","30.2","","185.2","6.13","15.85","0.44","22.5","56.5","79.6","0.098","0.443","4.5"
"MSV Focus Hex 17L (1.18)","40","Slow","Polyester","1.18","NA","1.8","3.0","3.6","21.61","44.8","21.0","26.5","48.1","12.6","6.3","242.9","5.38","12.70","-0.18","17.9","45.1","95.1","0.072","0.466","6.5"
"MSV Focus Hex 17L (1.18)","40","Medium","Polyester","1.18","NA","1.8","3.0","3.6","22.18","39.1","28.3","42.3","64.6","22.8","11.1","215.5","5.38","12.13","0.35","17.9","45","88.4","0.072","0.466","6.5"
"MSV Focus Hex 17L (1.18)","40","Fast","Polyester","1.18","NA","1.8","3.0","3.6","22.12","36.6","33.9","53.6","75.6","32.0","14.6","189.7","5.38","12.19","0.40","17.9","45.3","83.7","0.072","0.466","6.5"
"MSV Focus Hex 17L (1.18)","51","Slow","Polyester","1.18","NA","1.8","3.0","3.6","36.74","39.5","18.1","21.8","58.7","13.3","7.4","273.2","3.70","10.28","-0.22","13.7","27.1","98.4","0.072","0.466","6.5"
"MSV Focus Hex 17L (1.18)","51","Medium","Polyester","1.18","NA","1.8","3.0","3.6","37.22","35.3","25.9","38.8","76.1","24.6","12.3","235.5","3.70","9.80","0.15","13.7","26.9","92.7","0.072","0.466","6.5"
"MSV Focus Hex 17L (1.18)","51","Fast","Polyester","1.18","NA","1.8","3.0","3.6","37.22","33.3","30.1","49.8","87.1","32.7","16.4","224.0","3.70","9.80","0.44","13.9","27.5","88.2","0.072","0.466","6.5"
"MSV Focus Hex 17L (1.18)","62","Slow","Polyester","1.18","NA","1.8","3.0","3.6","46.88","36.6","16.7","20.1","67.0","14.0","7.7","293.2","3.73","11.13","-0.26","14.6","23.6","96.6","0.072","0.466","6.5"
"MSV Focus Hex 17L (1.18)","62","Medium","Polyester","1.18","NA","1.8","3.0","3.6","47.30","33.2","24.0","37.0","84.2","25.3","13.6","260.6","3.73","10.71","0.11","14.6","23.6","94.3","0.072","0.466","6.5"
"MSV Focus Hex 17L (1.18)","62","Fast","Polyester","1.18","NA","1.8","3.0","3.6","47.28","31.4","28.3","47.8","95.0","33.6","16.9","242.3","3.73","10.73","0.47","15.0","24.2","92.0","0.072","0.466","6.5"
"MSV Focus Hex Soft 17 (1.25)","40","Slow","Polyester","1.25","NA","2.1","3.0","3.9","20.82","41.7","20.0","25.4","46.1","11.5","6.9","256.6","6.20","12.67","-0.15","18.7","47.2","95.5","0.075","0.469","6.3"
"MSV Focus Hex Soft 17 (1.25)","40","Medium","Polyester","1.25","NA","2.1","3.0","3.9","21.30","36.8","27.4","42.6","63.9","21.9","11.8","229.7","6.20","12.19","0.24","18.5","46.9","91.8","0.075","0.469","6.3"
"MSV Focus Hex Soft 17 (1.25)","40","Fast","Polyester","1.25","NA","2.1","3.0","3.9","21.28","34.5","32.0","53.6","74.7","29.9","15.7","212.0","6.20","12.21","0.51","19.0","47.7","85.0","0.075","0.469","6.3"
"MSV Focus Hex Soft 17 (1.25)","51","Slow","Polyester","1.25","NA","2.1","3.0","3.9","35.85","37.6","18.0","21.8","57.8","13.0","7.7","274.3","4.63","10.24","-0.22","14.6","28.9","98.4","0.075","0.469","6.3"
"MSV Focus Hex Soft 17 (1.25)","51","Medium","Polyester","1.25","NA","2.1","3.0","3.9","36.25","33.7","25.0","38.6","75.0","23.4","13.0","252.0","4.63","9.84","0.13","14.6","28.8","95.5","0.075","0.469","6.3"
"MSV Focus Hex Soft 17 (1.25)","51","Fast","Polyester","1.25","NA","2.1","3.0","3.9","36.21","31.9","29.8","49.8","86.0","32.1","17.6","228.0","4.63","9.88","0.42","15.0","29.4","91.4","0.075","0.469","6.3"
"MSV Focus Hex Soft 17 (1.25)","62","Slow","Polyester","1.25","NA","2.1","3.0","3.9","46.42","35.3","16.6","19.4","65.9","13.7","8.3","287.5","4.76","10.56","-0.02","15.2","24.8","99.4","0.075","0.469","6.3"
"MSV Focus Hex Soft 17 (1.25)","62","Medium","Polyester","1.25","NA","2.1","3.0","3.9","46.46","32.0","23.8","36.4","82.9","24.7","13.8","260.6","4.76","10.52","0.11","15.4","24.9","96.2","0.075","0.469","6.3"
"MSV Focus Hex Soft 17 (1.25)","62","Fast","Polyester","1.25","NA","2.1","3.0","3.9","46.37","30.4","28.0","47.8","94.4","33.0","18.7","248.0","4.76","10.61","0.51","15.9","25.7","91.8","0.075","0.469","6.3"
"MSV Focus Hex Soft 17L (1.20)","51","Fast","Polyester","1.2","NA","2.1","2.4","3.9","37.90","33.9","31.8","48.5","86.4","34.4","16.6","194.3","3.29","9.53","0.28","13.0","25.8","89.7","0.081","0.594","7.3"
"MSV Focus-Hex +38 16L (1.25)","51","Fast","Polyester","1.25","1.37","7.9","2.7","NA","23.81","37.5","34.0","49.2","73.0","31.0","14.2","173.2","7.41","19.50","0.22","27.1","53.5","81.5","0.08","0.613","7.7"
"MSV Focus-Hex 16 (1.23)","51","Fast","Polyester","1.23","1.27","2.7","2.4","5.2","36.16","33.6","31.1","52.0","88.2","34.2","16.8","218.9","4.15","10.41","0.20","14.8","29.1","89.1","0.082","0.619","7.5"
"MSV Focus-Hex 16 (1.27)","51","Fast","Polyester","1.27","1.31","6.4","9.1","2.7","29.06","35.9","33.0","49.6","78.7","32.5","15.8","185.7","6.70","14.96","0.28","21.8","43.3","84.6","0.071","0.61","8.6"
"Head FXP 16","62","Slow","Nylon/Polyester","1.32","1.33","7.0","8.2","9.1","49.72","37.1","17.3","15.0","64.8","14.0","","204.6","7.36","4.66","-0.05","11.9","19.4","97.2","0.101","0.38","3.8"
"Head FXP 16","62","Medium","Nylon/Polyester","1.32","1.33","7.0","8.2","9.1","49.48","34.4","24.4","28.9","78.3","23.8","","197.2","7.36","4.90","0.00","12.3","19.9","95.1","0.101","0.38","3.8"
"Head FXP 16","62","Fast","Nylon/Polyester","1.32","1.33","7.0","8.2","9.1","49.28","32.5","29.8","41.0","90.2","33.6","","188.0","7.36","5.10","0.20","12.6","20.5","93.9","0.101","0.38","3.8"
"Head FXP 16","51","Slow","Nylon/Polyester","1.32","1.33","7.0","8.2","9.1","39.69","40.4","19.0","15.0","54.7","13.0","","169.7","6.46","4.57","-0.02","11.0","21.7","97.4","0.101","0.38","3.8"
"Head FXP 16","51","Medium","Nylon/Polyester","1.32","1.33","7.0","8.2","9.1","39.54","37.0","26.3","30.2","69.7","22.9","","177.2","6.46","4.72","0.05","11.2","22.1","95.1","0.101","0.38","3.8"
"Head FXP 16","51","Fast","Nylon/Polyester","1.32","1.33","7.0","8.2","9.1","39.36","34.8","32.0","41.7","80.9","32.4","","165.2","6.46","4.90","0.20","11.5","22.8","91.6","0.101","0.38","3.8"
"Head FXP 16","40","Slow","Nylon/Polyester","1.32","1.33","7.0","8.2","9.1","30.32","44.3","21.0","16.3","46.5","12.2","","150.3","5.60","3.77","0.02","9.5","23.7","95.5","0.101","0.38","3.8"
"Head FXP 16","40","Medium","Nylon/Polyester","1.32","1.33","7.0","8.2","9.1","30.19","40.0","28.8","31.1","61.3","22.0","","153.2","5.60","3.90","0.07","9.5","24.1","93.3","0.101","0.38","3.8"
"Head FXP 16","40","Fast","Nylon/Polyester","1.32","1.33","7.0","8.2","9.1","30.05","37.5","34.0","40.8","71.0","30.2","","143.4","5.60","4.04","0.15","9.7","24.7","90.1","0.101","0.38","3.8"
"Head FXP 17","62","Slow","Nylon","1.24","1.24","7.0","8.5","9.1","50.69","36.5","17.0","14.6","65.3","13.9","","203.5","6.42","4.63","-0.09","11.0","17.7","95.8","0.101","0.412","4.1"
"Head FXP 17","62","Medium","Nylon","1.24","1.24","7.0","8.5","9.1","50.49","33.9","24.0","28.9","79.4","23.8","","203.5","6.42","4.83","0.02","11.2","18.3","96.2","0.101","0.412","4.1"
"Head FXP 17","62","Fast","Nylon","1.24","1.24","7.0","8.5","9.1","50.36","32.2","29.0","40.4","90.6","32.9","","194.3","6.42","4.96","0.39","11.7","19.1","94.9","0.101","0.412","4.1"
"Head FXP 17","51","Slow","Nylon","1.24","1.24","7.0","8.5","9.1","40.88","39.7","18.2","15.0","55.8","12.7","","184.6","5.27","4.57","-0.04","9.7","19.3","96.4","0.101","0.412","4.1"
"Head FXP 17","51","Medium","Nylon","1.24","1.24","7.0","8.5","9.1","40.77","36.2","26.0","29.8","70.6","22.9","","179.5","5.27","4.68","0.07","9.9","19.7","92.5","0.101","0.412","4.1"
"Head FXP 17","51","Fast","Nylon","1.24","1.24","7.0","8.5","9.1","40.59","34.2","31.1","41.2","81.8","31.7","","173.2","5.27","4.86","0.26","10.4","20.5","93.5","0.101","0.412","4.1"
"Head FXP 17","40","Slow","Nylon","1.24","1.24","7.0","8.5","9.1","30.65","43.5","20.1","15.9","46.5","11.7","","159.4","5.40","3.64","0.02","9.0","22.8","94.9","0.101","0.412","4.1"
"Head FXP 17","40","Medium","Nylon","1.24","1.24","7.0","8.5","9.1","30.50","39.3","28.0","30.4","61.1","21.4","","157.7","5.40","3.79","0.09","9.3","23.4","94.9","0.101","0.412","4.1"
"Head FXP 17","40","Fast","Nylon","1.24","1.24","7.0","8.5","9.1","30.34","36.9","33.9","41.2","71.4","30.3","","145.2","5.40","3.95","0.11","9.5","23.8","90.6","0.101","0.412","4.1"
"Head FXP Power 16","62","Slow","Nylon","1.3","1.34","NA","NA","11.5","50.05","37.3","17.0","13.2","63.5","13.5","","187.5","7.47","4.22","0.19","11.9","19.2","99.0","0.087","0.403","4.6"
"Head FXP Power 16","62","Medium","Nylon","1.3","1.34","NA","NA","11.5","49.08","34.4","24.4","28.7","77.6","23.7","","195.5","7.47","5.19","0.00","12.6","20.5","96.0","0.087","0.403","4.6"
"Head FXP Power 16","62","Fast","Nylon","1.3","1.34","NA","NA","11.5","48.88","32.6","29.0","41.2","90.0","32.6","","198.9","7.47","5.39","0.22","13.0","21.2","94.5","0.087","0.403","4.6"
"Head FXP Power 16","51","Slow","Nylon","1.3","1.34","NA","NA","11.5","38.70","40.9","18.9","14.8","53.4","12.6","","167.4","7.43","4.59","0.07","12.1","23.8","97.2","0.087","0.403","4.6"
"Head FXP Power 16","51","Medium","Nylon","1.3","1.34","NA","NA","11.5","38.30","37.4","26.9","29.3","67.7","22.8","","164.6","7.43","4.99","0.07","12.6","24.6","96.0","0.087","0.403","4.6"
"Head FXP Power 16","51","Fast","Nylon","1.3","1.34","NA","NA","11.5","37.93","35.3","31.0","45.9","83.8","32.5","","194.3","7.43","5.36","0.20","13.0","25.6","96.2","0.087","0.403","4.6"
"Head FXP Power 16","40","Slow","Nylon","1.3","1.34","NA","NA","11.5","28.42","45.4","21.0","15.2","43.7","11.5","","141.7","7.30","3.97","0.00","11.2","28.4","97.8","0.087","0.403","4.6"
"Head FXP Power 16","40","Medium","Nylon","1.3","1.34","NA","NA","11.5","28.36","40.8","28.8","29.5","58.0","20.9","","145.7","7.30","4.03","0.07","11.5","28.7","92.7","0.087","0.403","4.6"
"Head FXP Power 16","40","Fast","Nylon","1.3","1.34","NA","NA","11.5","28.27","38.4","35.0","39.7","67.9","29.7","","132.0","7.30","4.12","0.13","11.5","29.1","90.2","0.087","0.403","4.6"
"Head FXP Power 17","62","Slow","Nylon","1.24","1.23","8.5","9.7","11.2","50.83","36.8","17.1","12.8","63.7","13.6","","179.5","6.46","4.45","-0.11","10.8","17.5","96.8","0.089","0.398","4.5"
"Head FXP Power 17","62","Medium","Nylon","1.24","1.23","8.5","9.7","11.2","50.72","34.2","24.0","26.9","77.6","23.3","","188.6","6.46","4.56","0.07","11.0","18","94.5","0.089","0.398","4.5"
"Head FXP Power 17","62","Fast","Nylon","1.24","1.23","8.5","9.7","11.2","50.49","32.5","29.7","38.1","88.6","32.9","","176.0","6.46","4.79","0.68","11.9","19.3","95.1","0.089","0.398","4.5"
"Head FXP Power 17","51","Slow","Nylon","1.24","1.23","8.5","9.7","11.2","40.00","40.3","19.0","14.1","54.0","12.8","","158.3","5.76","4.96","-0.04","10.6","21","98.0","0.089","0.398","4.5"
"Head FXP Power 17","51","Medium","Nylon","1.24","1.23","8.5","9.7","11.2","39.87","37.0","26.1","27.3","67.3","21.9","","164.0","5.76","5.09","0.07","11.0","21.5","93.9","0.089","0.398","4.5"
"Head FXP Power 17","51","Fast","Nylon","1.24","1.23","8.5","9.7","11.2","39.71","34.9","31.0","38.8","78.5","30.4","","163.4","5.76","5.25","0.26","11.2","22.2","92.5","0.089","0.398","4.5"
"Head FXP Power 17","40","Slow","Nylon","1.24","1.23","8.5","9.7","11.2","29.48","44.9","21.2","14.3","43.9","11.6","","130.3","5.14","5.07","-0.02","10.1","25.7","94.1","0.089","0.398","4.5"
"Head FXP Power 17","40","Medium","Nylon","1.24","1.23","8.5","9.7","11.2","29.44","40.6","29.2","27.6","57.1","20.9","","131.4","5.14","5.11","0.09","10.4","26.1","93.7","0.089","0.398","4.5"
"Head FXP Power 17","40","Fast","Nylon","1.24","1.23","8.5","9.7","11.2","29.33","38.1","34.4","38.1","67.5","29.1","","131.4","5.14","5.22","0.18","10.6","26.6","90.4","0.089","0.398","4.5"
"Head FXP Tour 16","40","Slow","Nylon/Polyester","1.3","NA","4.2","6.1","7.6","27.03","47.4","22.2","15.4","42.6","11.8","6.1","128.6","5.34","7.32","0.02","12.8","31.9","95.3","0.1","0.424","4.2"
"Head FXP Tour 16","40","Medium","Nylon/Polyester","1.3","NA","4.2","6.1","7.6","26.39","42.7","31.5","27.8","54.2","21.3","10.3","113.7","5.34","7.96","0.11","13.5","33.8","92.9","0.1","0.424","4.2"
"Head FXP Tour 16","40","Fast","Nylon/Polyester","1.3","NA","4.2","6.1","7.6","26.00","40.1","37.0","36.8","62.8","29.0","13.8","109.2","5.34","8.35","0.36","14.1","35.4","88.7","0.1","0.424","4.2"
"Head FXP Tour 16","51","Slow","Nylon/Polyester","1.3","NA","4.2","6.1","7.6","40.35","41.9","19.9","13.0","53.4","13.3","7.0","132.6","4.19","6.18","0.02","10.4","20.5","98.2","0.1","0.424","4.2"
"Head FXP Tour 16","51","Medium","Nylon/Polyester","1.3","NA","4.2","6.1","7.6","39.87","38.5","28.0","24.7","64.6","22.6","11.4","128.6","4.19","6.66","0.16","11.0","21.7","94.9","0.1","0.424","4.2"
"Head FXP Tour 16","51","Fast","Nylon/Polyester","1.3","NA","4.2","6.1","7.6","39.43","36.7","33.9","32.9","72.3","30.6","15.1","116.6","4.19","7.10","0.29","11.5","22.8","91.6","0.1","0.424","4.2"
"Head FXP Tour 16","62","Slow","Nylon/Polyester","1.3","NA","4.2","6.1","7.6","50.78","38.6","18.0","11.5","62.2","14.0","7.6","142.9","4.63","6.33","0.22","11.2","18.1","98.8","0.1","0.424","4.2"
"Head FXP Tour 16","62","Medium","Nylon/Polyester","1.3","NA","4.2","6.1","7.6","50.05","35.8","26.0","22.9","73.0","23.7","12.4","137.2","4.63","7.06","0.15","11.9","19.2","96.0","0.1","0.424","4.2"
"Head FXP Tour 16","62","Fast","Nylon/Polyester","1.3","NA","4.2","6.1","7.6","49.26","34.3","31.7","32.0","81.1","32.2","16.2","129.2","4.63","7.85","0.31","12.8","20.7","95.1","0.1","0.424","4.2"
"Gamma FXT 16 (1.30)","51","Fast","Nylon","1.3","NA","7.6","9.1","7.6","43.24","34.3","32.0","39.7","82.9","33.1","16.3","157.2","4.37","3.11","0.13","7.7","15","94.7","0.091","0.458","5"
"Gamma FXT 17 (1.24)","51","Fast","Nylon","1.24","1.34","7.3","8.8","10.0","44.76","34.1","32.0","38.8","83.6","33.4","16.3","154.3","3.15","2.81","0.11","6.2","12","93.5","0.095","0.452","4.8"
"Gosen G-Tour 16 (1.30)","51","Fast","Polyester","1.3","1.21","9.1","10.3","NA","35.17","34.4","31.9","46.3","81.4","32.5","16.0","184.0","4.04","11.51","0.22","15.7","31.1","86.9","0.093","0.494","5.3"
"Gamma Glide Cross String 16","40","Slow","Nylon","1.3","NA","6.7","8.2","9.7","28.22","39.2","36.9","37.3","65.5","30.2","14.1","111.4","4.54","6.93","1.10","12.6","31.7","93.5","0.115","0.363","3.2"
"Gamma Glide Cross String 16","40","Medium","Nylon","1.3","NA","6.7","8.2","9.7","28.16","42.3","31.5","26.7","54.7","21.6","10.5","108.6","4.54","6.99","0.82","12.3","31.1","95.6","0.115","0.363","3.2"
"Gamma Glide Cross String 16","40","Fast","Nylon","1.3","NA","6.7","8.2","9.7","28.25","39.3","36.9","37.3","65.5","30.2","14.2","110.9","4.54","6.90","1.08","12.6","31.6","93.3","0.115","0.363","3.2"
"Gamma Glide Cross String 16","51","Slow","Nylon","1.3","NA","6.7","8.2","9.7","40.35","41.9","20.0","13.0","53.4","13.3","7.0","132.0","3.24","7.13","0.22","10.6","20.9","99.2","0.115","0.363","3.2"
"Gamma Glide Cross String 16","51","Medium","Nylon","1.3","NA","6.7","8.2","9.7","39.93","38.1","28.0","26.0","65.9","23.0","11.7","134.3","3.24","7.55","0.15","11.0","21.6","96.4","0.115","0.363","3.2"
"Gamma Glide Cross String 16","51","Fast","Nylon","1.3","NA","6.7","8.2","9.7","39.76","35.7","33.5","36.8","76.5","32.1","16.2","133.2","3.24","7.72","0.58","11.5","22.7","95.3","0.115","0.363","3.2"
"Gamma Glide Cross String 16","62","Slow","Nylon","1.3","NA","6.7","8.2","9.7","50.49","38.8","18.0","11.5","62.0","14.0","7.5","143.4","3.53","7.72","0.22","11.5","18.6","97.6","0.115","0.363","3.2"
"Gamma Glide Cross String 16","62","Medium","Nylon","1.3","NA","6.7","8.2","9.7","50.41","35.6","26.0","24.0","74.3","24.2","12.5","144.0","3.53","7.80","0.71","12.1","19.5","96.2","0.115","0.363","3.2"
"Gamma Glide Cross String 16","62","Fast","Nylon","1.3","NA","6.7","8.2","9.7","50.12","33.5","31.1","35.3","85.3","33.2","16.4","148.0","3.53","8.09","0.53","12.1","19.7","96.6","0.115","0.363","3.2"
"Volkl Gripper 16","62","Slow","Nylon","1.3","1.31","7.6","8.8","11.5","49.00","37.3","17.4","13.2","62.2","13.5","","175.5","6.39","6.35","-0.04","12.8","20.6","95.8","NA","NA","NA"
"Volkl Gripper 16","62","Medium","Nylon","1.3","1.31","7.6","8.8","11.5","48.86","34.8","24.8","26.9","75.6","23.5","","176.6","6.39","6.49","0.17","13.0","21.1","96.6","NA","NA","NA"
"Volkl Gripper 16","62","Fast","Nylon","1.3","1.31","7.6","8.8","11.5","48.60","33.1","30.0","37.7","86.4","32.4","","170.3","6.39","6.75","0.38","13.5","21.9","93.1","NA","NA","NA"
"Volkl Gripper 16","51","Slow","Nylon","1.3","1.31","7.6","8.8","11.5","40.06","40.2","18.7","13.9","54.0","12.6","","162.9","6.04","4.62","0.02","10.6","21","99.8","NA","NA","NA"
"Volkl Gripper 16","51","Medium","Nylon","1.3","1.31","7.6","8.8","11.5","39.91","37.0","26.1","28.0","67.9","22.1","","166.9","6.04","4.77","0.09","10.8","21.5","97.0","NA","NA","NA"
"Volkl Gripper 16","51","Fast","Nylon","1.3","1.31","7.6","8.8","11.5","39.76","35.1","32.0","38.6","78.3","31.3","","153.2","6.04","4.92","0.22","11.2","22","92.9","NA","NA","NA"
"Volkl Gripper 16","40","Slow","Nylon","1.3","1.31","7.6","8.8","11.5","28.91","45.0","21.2","15.4","44.3","11.7","","138.3","6.35","4.43","0.02","10.8","27.2","97.4","NA","NA","NA"
"Volkl Gripper 16","40","Medium","Nylon","1.3","1.31","7.6","8.8","11.5","28.82","40.8","29.5","28.7","57.6","21.2","","134.3","6.35","4.52","0.11","11.0","27.7","94.5","NA","NA","NA"
"Volkl Gripper 16","40","Fast","Nylon","1.3","1.31","7.6","8.8","11.5","28.69","38.5","35.0","37.9","66.8","29.2","","125.7","6.35","4.65","0.16","11.2","28.1","89.9","NA","NA","NA"
"Volkl Gripper 17","62","Slow","Nylon","1.25","1.31","8.8","10.3","11.2","48.42","38.3","18.0","12.8","61.3","13.8","","161.2","7.41","5.91","-0.05","13.2","21.5","98.0","0.085","0.373","4.4"
"Volkl Gripper 17","62","Medium","Nylon","1.25","1.31","8.8","10.3","11.2","48.27","35.6","25.2","26.0","74.3","23.4","","166.3","7.41","6.06","0.13","13.7","22","96.6","0.085","0.373","4.4"
"Volkl Gripper 17","62","Fast","Nylon","1.25","1.31","8.8","10.3","11.2","48.14","33.8","30.2","36.2","84.2","31.9","","161.2","7.41","6.19","0.51","14.1","22.9","93.9","0.085","0.373","4.4"
"Volkl Gripper 17","51","Slow","Nylon","1.25","1.31","8.8","10.3","11.2","38.98","41.3","19.2","13.2","52.3","12.6","","146.9","6.95","4.79","0.24","11.9","23.6","97.2","0.085","0.373","4.4"
"Volkl Gripper 17","51","Medium","Nylon","1.25","1.31","8.8","10.3","11.2","38.65","38.1","27.0","26.2","65.0","21.9","","146.9","6.95","5.12","0.08","12.1","24","94.5","0.085","0.373","4.4"
"Volkl Gripper 17","51","Fast","Nylon","1.25","1.31","8.8","10.3","11.2","38.50","36.0","32.5","35.9","74.5","30.3","","138.3","6.95","5.27","0.20","12.3","24.5","93.1","0.085","0.373","4.4"
"Volkl Gripper 17","40","Slow","Nylon","1.25","1.31","8.8","10.3","11.2","29.37","45.7","21.8","14.1","43.4","11.8","","119.4","5.98","4.34","0.02","10.4","26.1","96.6","0.085","0.373","4.4"
"Volkl Gripper 17","40","Medium","Nylon","1.25","1.31","8.8","10.3","11.2","29.28","41.4","30.0","26.2","55.6","20.8","","118.3","5.98","4.43","0.09","10.6","26.4","94.9","0.085","0.373","4.4"
"Volkl Gripper 17","40","Fast","Nylon","1.25","1.31","8.8","10.3","11.2","29.17","39.0","35.5","36.2","65.3","29.0","","116.6","5.98","4.54","0.20","10.8","27","90.8","0.085","0.373","4.4"
"Alpha Gut 2000 16","40","Slow","Nylon","1.33","NA","7.6","9.1","10.0","31.16","45.8","22.0","15.2","46.3","12.7","6.4","126.9","5.29","3.24","0.00","8.6","21.5","94.5","0.161","0.506","3.1"
"Alpha Gut 2000 16","40","Medium","Nylon","1.33","NA","7.6","9.1","10.0","31.00","40.7","30.0","29.8","60.6","22.8","11.0","133.7","5.29","3.40","0.06","8.8","22.1","93.3","0.161","0.506","3.1"
"Alpha Gut 2000 16","40","Fast","Nylon","1.33","NA","7.6","9.1","10.0","30.85","38.0","35.3","40.4","71.0","31.4","15.3","131.4","5.29","3.55","0.13","9.0","22.6","90.1","0.161","0.506","3.1"
"Alpha Gut 2000 16","51","Slow","Nylon","1.33","NA","7.6","9.1","10.0","43.44","41.0","19.8","14.3","57.8","14.2","7.2","148.6","4.32","2.96","0.00","7.3","14.3","96.8","0.161","0.506","3.1"
"Alpha Gut 2000 16","51","Medium","Nylon","1.33","NA","7.6","9.1","10.0","42.71","36.9","27.1","29.1","71.9","24.4","12.2","161.2","4.32","3.69","-0.02","7.9","15.7","96.4","0.161","0.506","3.1"
"Alpha Gut 2000 16","51","Fast","Nylon","1.33","NA","7.6","9.1","10.0","42.51","34.7","32.1","40.4","82.9","33.3","16.0","159.4","4.32","3.89","0.17","8.4","16.5","93.5","0.161","0.506","3.1"
"Alpha Gut 2000 16","62","Slow","Nylon","1.33","NA","7.6","9.1","10.0","54.20","37.9","18.0","13.0","67.3","15.1","7.8","163.4","4.39","3.15","0.07","7.7","12.3","99.0","0.161","0.506","3.1"
"Alpha Gut 2000 16","62","Medium","Nylon","1.33","NA","7.6","9.1","10.0","53.41","34.5","25.4","28.4","81.8","26.0","12.8","179.5","4.39","3.94","0.00","8.4","13.5","97.4","0.161","0.506","3.1"
"Alpha Gut 2000 16","62","Fast","Nylon","1.33","NA","7.6","9.1","10.0","53.07","32.5","30.1","40.1","93.3","35.1","17.4","180.6","4.39","4.28","0.24","8.8","14.4","93.7","0.161","0.506","3.1"
"Klip Hardcore 16/1.30","62","Slow","Polyester","1.3","1.30","1.5","2.7","4.2","32.66","40.5","19.1","25.4","58.0","13.8","","282.9","11.33","17.75","-0.39","28.7","46.5","96.8","0.092","0.432","4.7"
"Klip Hardcore 16/1.30","62","Medium","Polyester","1.3","1.30","1.5","2.7","4.2","33.36","36.1","26.1","42.3","75.9","24.7","","253.7","11.33","17.05","0.13","28.4","46.2","90.1","0.092","0.432","4.7"
"Klip Hardcore 16/1.30","62","Fast","Polyester","1.3","1.30","1.5","2.7","4.2","33.41","34.3","31.2","52.3","85.8","33.5","","218.3","11.33","17.00","0.56","28.9","46.8","87.0","0.092","0.432","4.7"
"Klip Hardcore 16/1.30","51","Slow","Polyester","1.3","1.30","1.5","2.7","4.2","25.14","43.2","20.2","26.2","51.4","13.0","","260.0","8.03","17.55","-0.33","25.1","49.8","91.8","0.092","0.432","4.7"
"Klip Hardcore 16/1.30","51","Medium","Polyester","1.3","1.30","1.5","2.7","4.2","25.93","38.5","28.0","42.3","68.4","23.9","","219.5","8.03","16.76","0.15","24.9","49.2","86.5","0.092","0.432","4.7"
"Klip Hardcore 16/1.30","51","Fast","Polyester","1.3","1.30","1.5","2.7","4.2","25.97","36.6","33.0","51.6","77.6","32.0","","193.2","8.03","16.72","0.50","25.1","49.8","83.2","0.092","0.432","4.7"
"Klip Hardcore 16/1.30","40","Slow","Polyester","1.3","1.30","1.5","2.7","4.2","18.19","46.3","22.0","28.2","46.5","12.8","","236.6","5.40","16.10","-0.24","21.2","53.6","91.2","0.092","0.432","4.7"
"Klip Hardcore 16/1.30","40","Medium","Polyester","1.3","1.30","1.5","2.7","4.2","18.70","41.0","30.0","43.0","61.7","23.2","","194.3","5.40","15.59","0.29","21.2","53.6","85.9","0.092","0.432","4.7"
"Klip Hardcore 16/1.30","40","Fast","Polyester","1.3","1.30","1.5","2.7","4.2","18.72","38.8","34.9","51.6","70.3","30.7","","172.6","5.40","15.57","0.42","21.4","53.9","79.4","0.092","0.432","4.7"
"Head Hawk 16 (1.30)","51","Fast","Polyester","1.3","1.32","1.5","2.7","9.7","36.71","33.3","30.6","53.1","89.7","34.4","16.3","230.3","4.19","9.82","0.46","14.6","28.5","88.0","0.071","0.454","6.4"
"Head Hawk 17 (1.25)","40","Slow","Polyester","1.25","NA","1.5","3.0","3.9","21.98","45.6","22.0","26.7","48.7","13.4","6.3","224.0","5.07","12.64","1.21","19.0","47.7","92.5","0.069","0.323","4.7"
"Head Hawk 17 (1.25)","40","Medium","Polyester","1.25","NA","1.5","3.0","3.9","23.40","39.8","29.7","41.9","65.3","24.2","10.8","193.2","5.07","11.22","3.03","19.4","48.7","87.2","0.069","0.323","4.7"
"Head Hawk 17 (1.25)","40","Fast","Polyester","1.25","NA","1.5","3.0","3.9","22.29","37.3","34.1","53.6","75.9","32.4","14.3","188.0","5.07","12.33","3.15","20.5","51.8","82.4","0.069","0.323","4.7"
"Head Hawk 17 (1.25)","51","Slow","Polyester","1.25","NA","1.5","3.0","3.9","35.21","40.8","19.9","23.6","58.9","14.6","7.1","242.9","4.32","11.19","0.22","15.7","31","95.1","0.069","0.323","4.7"
"Head Hawk 17 (1.25)","51","Medium","Polyester","1.25","NA","1.5","3.0","3.9","35.88","36.3","26.0","39.9","75.9","24.7","12.1","239.5","4.32","10.52","1.64","16.5","32.5","91.8","0.069","0.323","4.7"
"Head Hawk 17 (1.25)","51","Fast","Polyester","1.25","NA","1.5","3.0","3.9","35.83","34.1","31.9","51.2","86.9","34.6","16.0","204.6","4.32","10.57","1.78","16.8","32.9","88.0","0.069","0.323","4.7"
"Head Hawk 17 (1.25)","62","Slow","Polyester","1.25","NA","1.5","3.0","3.9","45.71","38.0","18.0","21.2","66.8","15.1","7.7","265.2","4.61","11.42","0.20","16.3","26.3","97.4","0.069","0.323","4.7"
"Head Hawk 17 (1.25)","62","Medium","Polyester","1.25","NA","1.5","3.0","3.9","45.80","34.1","25.0","38.4","84.2","26.3","13.0","249.7","4.61","11.33","1.15","17.2","27.7","94.5","0.069","0.323","4.7"
"Head Hawk 17 (1.25)","62","Fast","Polyester","1.25","NA","1.5","3.0","3.9","45.78","32.1","29.9","50.3","96.1","36.0","17.2","228.0","4.61","11.35","1.48","17.4","28.2","89.7","0.069","0.323","4.7"
"Head Hawk 18 (1.20)","51","Fast","Polyester","1.2","NA","1.8","2.4","3.9","36.16","34.0","31.9","48.5","84.7","33.7","16.0","194.3","3.26","11.30","0.11","14.6","28.9","88.0","0.071","0.446","6.3"
"Head Hawk Power 17 (1.25)","51","Fast","Polyester","1.25","1.29","3.9","5.2","3.5","26.35","35.8","33.0","54.5","80.9","33.3","15.0","203.5","7.06","17.31","0.11","24.5","48.3","81.7","0.073","0.545","7.5"
"Head Hawk Rough 17","51","Fast","Polyester","1.25","38","7.9","9.4","NA","38.59","33.4","30.8","46.7","85.3","32.8","16.4","201.2","4.41","7.72","0.00","12.1","23.9","90.6","0.097","0.476","4.9"
"Head Hawk Touch 18 (1.20)","51","Fast","Polyester","1.2","1.22","2.1","2.4","4.5","34.73","34.4","32.0","49.4","84.2","33.7","16.0","196.0","3.81","12.18","0.18","16.1","31.9","88.9","0.086","0.447","5.2"
"Head Hawk Touch 19 (1.15)","51","Fast","Polyester","1.15","1.41","3.9","5.6","11.2","34.18","34.7","32.0","48.5","82.7","33.1","15.9","192.0","3.37","13.17","0.11","16.8","32.8","88.4","0.089","0.434","4.9"
"Tecnifibre HDX Tour 16 (1.30)","40","Slow","Nylon/Polyester","0","NA","5.8","6.7","7.6","33.93","44.2","21.0","13.7","47.6","12.5","6.6","125.7","3.22","2.54","0.02","5.7","14.6","97.4","0.143","0.616","4.3"
"Tecnifibre HDX Tour 16 (1.30)","40","Medium","Nylon/Polyester","0","NA","5.8","6.7","7.6","33.71","39.6","29.3","28.7","62.4","22.8","11.0","136.0","3.22","2.76","0.02","6.0","15.1","96.4","0.143","0.616","4.3"
"Tecnifibre HDX Tour 16 (1.30)","40","Fast","Nylon/Polyester","0","NA","5.8","6.7","7.6","33.58","37.1","34.2","38.6","72.1","30.8","15.2","133.7","3.22","2.89","0.11","6.2","15.7","92.4","0.143","0.616","4.3"
"Tecnifibre HDX Tour 16 (1.30)","51","Slow","Nylon/Polyester","0","NA","5.8","6.7","7.6","45.40","40.1","18.9","13.0","58.2","13.8","7.4","146.9","2.71","2.61","0.00","5.3","10.5","97.4","0.143","0.616","4.3"
"Tecnifibre HDX Tour 16 (1.30)","51","Medium","Nylon/Polyester","0","NA","5.8","6.7","7.6","45.07","36.5","26.4","26.5","71.7","23.6","12.4","154.3","2.71","2.94","0.02","5.7","11.2","95.6","0.143","0.616","4.3"
"Tecnifibre HDX Tour 16 (1.30)","51","Fast","Nylon/Polyester","0","NA","5.8","6.7","7.6","44.76","34.3","32.0","37.5","82.2","32.9","16.2","149.2","2.71","3.25","0.11","6.2","12","94.9","0.143","0.616","4.3"
"Tecnifibre HDX Tour 16 (1.30)","62","Slow","Nylon/Polyester","0","NA","5.8","6.7","7.6","55.54","37.2","17.8","11.7","67.3","14.9","7.8","149.7","3.02","3.18","0.00","6.2","10","99.0","0.143","0.616","4.3"
"Tecnifibre HDX Tour 16 (1.30)","62","Medium","Nylon/Polyester","0","NA","5.8","6.7","7.6","55.01","34.2","25.0","25.4","80.5","25.2","13.2","165.7","3.02","3.71","0.02","6.8","10.9","98.0","0.143","0.616","4.3"
"Tecnifibre HDX Tour 16 (1.30)","62","Fast","Nylon/Polyester","0","NA","5.8","6.7","7.6","54.71","32.4","30.0","36.6","91.3","34.2","17.3","165.2","3.02","4.01","0.18","7.3","11.7","98.0","0.143","0.616","4.3"
"Tecnifibre HDX Tour 17 (1.24)","51","Fast","Nylon/Polyurethane","1.24","NA","2.4","4.2","7.6","45.31","34.4","32.0","36.2","81.6","32.6","16.3","144.0","2.40","3.01","0.11","5.5","10.9","93.3","0.101","0.578","5.7"
"Kirschbaum Helix 16","62","Slow","Polyester","1.3","1.33","2.4","5.5","6.1","37.13","38.5","18.0","24.9","62.0","14.0","","311.5","11.33","13.28","-0.07","24.5","39.7","95.6","0.074","0.403","5.4"
"Kirschbaum Helix 16","62","Medium","Polyester","1.3","1.33","2.4","5.5","6.1","37.48","34.9","25.1","43.0","80.5","25.2","","278.9","11.33","12.93","0.22","24.5","39.6","94.1","0.074","0.403","5.4"
"Kirschbaum Helix 16","62","Fast","Polyester","1.3","1.33","2.4","5.5","6.1","37.48","32.9","30.0","55.3","92.8","34.8","","250.3","11.33","12.93","0.61","24.9","40.3","89.5","0.074","0.403","5.4"
"Kirschbaum Helix 16","51","Slow","Polyester","1.3","1.33","2.4","5.5","6.1","22.95","43.5","21.0","27.6","50.5","13.3","","253.7","9.13","18.64","-0.11","27.6","54.5","91.6","0.074","0.403","5.4"
"Kirschbaum Helix 16","51","Medium","Polyester","1.3","1.33","2.4","5.5","6.1","23.42","38.8","28.0","43.7","67.0","23.5","","226.3","9.13","18.17","0.31","27.6","54.4","88.0","0.074","0.403","5.4"
"Kirschbaum Helix 16","51","Fast","Polyester","1.3","1.33","2.4","5.5","6.1","23.37","36.5","33.0","54.9","78.3","32.3","","204.6","9.13","18.22","0.70","28.0","55.3","83.0","0.074","0.403","5.4"
"Kirschbaum Helix 16","40","Slow","Polyester","1.3","1.33","2.4","5.5","6.1","10.89","50.3","24.3","28.4","39.2","11.9","","195.5","7.01","21.79","0.09","28.9","72.8","86.5","0.074","0.403","5.4"
"Kirschbaum Helix 16","40","Medium","Polyester","1.3","1.33","2.4","5.5","6.1","11.22","44.8","32.0","41.7","52.9","21.1","","165.2","7.01","21.46","0.39","28.9","72.7","78.1","0.074","0.403","5.4"
"Kirschbaum Helix 16","40","Fast","Polyester","1.3","1.33","2.4","5.5","6.1","11.29","42.4","37.1","50.3","61.7","28.6","","149.2","7.01","21.39","0.49","28.9","72.8","72.6","0.074","0.403","5.4"
"Kirschbaum Helix 17","62","Slow","Polyester","1.25","1.25","1.8","2.7","3.9","38.85","38.4","18.0","23.6","62.4","14.1","","294.9","9.61","13.28","-0.07","22.9","37","99.0","0.076","0.414","5.4"
"Kirschbaum Helix 17","62","Medium","Polyester","1.25","1.25","1.8","2.7","3.9","39.09","34.8","25.0","40.8","79.8","25.0","","264.6","9.61","13.04","0.22","22.9","37","95.3","0.076","0.414","5.4"
"Kirschbaum Helix 17","62","Fast","Polyester","1.25","1.25","1.8","2.7","3.9","39.09","32.9","30.0","52.3","91.3","34.2","","235.5","9.61","13.04","0.39","23.2","37.3","89.9","0.076","0.414","5.4"
"Kirschbaum Helix 17","51","Slow","Polyester","1.25","1.25","1.8","2.7","3.9","28.38","41.5","20.0","25.8","54.0","13.5","","261.7","7.52","14.82","-0.15","22.3","43.7","91.0","0.076","0.414","5.4"
"Kirschbaum Helix 17","51","Medium","Polyester","1.25","1.25","1.8","2.7","3.9","28.84","37.4","27.0","41.5","70.3","23.7","","231.5","7.52","14.36","0.20","22.1","43.5","90.2","0.076","0.414","5.4"
"Kirschbaum Helix 17","51","Fast","Polyester","1.25","1.25","1.8","2.7","3.9","28.86","35.2","32.0","52.5","81.4","32.6","","208.6","7.52","14.34","0.57","22.5","44.2","85.7","0.076","0.414","5.4"
"Kirschbaum Helix 17","40","Slow","Polyester","1.25","1.25","1.8","2.7","3.9","19.84","45.2","22.0","26.7","46.5","12.8","","225.7","4.54","15.31","-0.14","19.6","49.7","93.3","0.076","0.414","5.4"
"Kirschbaum Helix 17","40","Medium","Polyester","1.25","1.25","1.8","2.7","3.9","20.29","40.3","29.0","41.7","62.0","22.5","","201.7","4.54","14.86","0.36","19.8","49.8","87.0","0.076","0.414","5.4"
"Kirschbaum Helix 17","40","Fast","Polyester","1.25","1.25","1.8","2.7","3.9","20.24","37.9","34.0","52.9","73.2","31.1","","185.7","4.54","14.91","0.46","19.8","50.2","81.5","0.076","0.414","5.4"
"MSV Hepta-Twist 16","62","Slow","Polyester","1.3","1.34","2.4","4.2","6.4","34.97","39.4","18.8","23.8","58.7","13.8","","272.0","10.12","16.65","-0.40","26.5","42.7","95.5","0.093","NA","NA"
"MSV Hepta-Twist 16","62","Medium","Polyester","1.3","1.34","2.4","4.2","6.4","35.68","35.6","25.9","39.0","74.7","24.2","","236.0","10.12","15.94","0.18","26.2","42.5","92.0","0.093","NA","NA"
"MSV Hepta-Twist 16","62","Fast","Polyester","1.3","1.34","2.4","4.2","6.4","35.72","33.7","30.1","49.8","85.6","32.2","","223.5","10.12","15.90","0.53","26.5","43","87.6","0.093","NA","NA"
"MSV Hepta-Twist 16","51","Slow","Polyester","1.3","1.34","2.4","4.2","6.4","24.81","42.8","20.3","25.6","50.5","12.8","","253.2","9.44","16.47","-0.19","25.8","50.7","92.7","0.093","NA","NA"
"MSV Hepta-Twist 16","51","Medium","Polyester","1.3","1.34","2.4","4.2","6.4","25.27","38.6","28.0","39.5","64.8","22.6","","204.6","9.44","16.01","0.31","25.8","50.8","88.0","0.093","NA","NA"
"MSV Hepta-Twist 16","51","Fast","Polyester","1.3","1.34","2.4","4.2","6.4","25.25","36.5","32.7","49.6","74.7","30.5","","188.6","9.44","16.03","0.55","26.0","51.3","84.1","0.093","NA","NA"
"MSV Hepta-Twist 16","40","Slow","Polyester","1.3","1.34","2.4","4.2","6.4","14.38","48.2","23.8","27.1","41.5","12.4","","194.3","7.72","17.59","-0.06","25.1","63.6","88.9","0.093","NA","NA"
"MSV Hepta-Twist 16","40","Medium","Polyester","1.3","1.34","2.4","4.2","6.4","14.86","43.2","30.8","39.9","54.7","21.0","","170.9","7.72","17.11","0.42","25.1","63.6","81.5","0.093","NA","NA"
"MSV Hepta-Twist 16","40","Fast","Polyester","1.3","1.34","2.4","4.2","6.4","14.91","40.8","36.0","48.3","63.3","28.5","","151.4","7.72","17.06","0.51","25.4","63.7","77.8","0.093","NA","NA"
"MSV Hepta-Twist 17","62","Slow","Polyester","1.25","1.30","3.3","5.5","6.7","34.97","39.5","19.0","23.4","58.4","13.9","","264.0","9.68","17.09","-0.68","26.0","42.2","96.4","0.085","0.482","5.7"
"MSV Hepta-Twist 17","62","Medium","Polyester","1.25","1.30","3.3","5.5","6.7","35.94","35.8","26.0","38.1","74.1","24.1","","230.3","9.68","16.12","0.22","26.0","42.1","92.5","0.085","0.482","5.7"
"MSV Hepta-Twist 17","62","Fast","Polyester","1.25","1.30","3.3","5.5","6.7","35.92","33.9","30.4","48.5","84.5","32.1","","214.3","9.68","16.14","0.60","26.5","42.8","88.7","0.085","0.482","5.7"
"MSV Hepta-Twist 17","51","Slow","Polyester","1.25","1.30","3.3","5.5","6.7","25.07","43.0","20.5","25.1","50.1","12.8","","243.5","8.69","16.96","-0.57","25.1","49.4","96.0","0.085","0.482","5.7"
"MSV Hepta-Twist 17","51","Medium","Polyester","1.25","1.30","3.3","5.5","6.7","25.95","38.8","28.0","39.0","65.0","22.7","","202.3","8.69","16.08","0.37","25.1","49.6","89.1","0.085","0.482","5.7"
"MSV Hepta-Twist 17","51","Fast","Polyester","1.25","1.30","3.3","5.5","6.7","25.86","36.6","33.0","48.5","74.5","30.7","","181.2","8.69","16.17","0.59","25.4","50.2","84.1","0.085","0.482","5.7"
"MSV Hepta-Twist 17","40","Slow","Polyester","1.25","1.30","3.3","5.5","6.7","14.22","49.1","24.0","25.8","40.1","12.0","","182.3","8.91","16.56","-0.07","25.4","64","89.9","0.085","0.482","5.7"
"MSV Hepta-Twist 17","40","Medium","Polyester","1.25","1.30","3.3","5.5","6.7","14.75","43.9","31.6","37.3","52.0","20.6","","152.0","8.91","16.03","0.51","25.4","64.1","81.7","0.085","0.482","5.7"
"MSV Hepta-Twist 17","40","Fast","Polyester","1.25","1.30","3.3","5.5","6.7","14.75","41.3","36.2","46.7","61.5","27.9","","144.6","8.91","16.03","0.75","25.8","64.7","77.1","0.085","0.482","5.7"
"Polyfibre Hexablade 16L (1.25)","62","Slow","Polyester","1.25","1.27","2.4","4.2","7.6","28.42","41.1","19.9","26.2","54.7","13.7","","269.2","14.99","18.33","-0.47","32.9","53.2","94.3","0.097","0.443","4.6"
"Polyfibre Hexablade 16L (1.25)","62","Medium","Polyester","1.25","1.27","2.4","4.2","7.6","29.17","36.9","26.6","42.1","71.2","23.7","","241.7","14.99","17.58","0.15","32.6","53","91.8","0.097","0.443","4.6"
"Polyfibre Hexablade 16L (1.25)","62","Fast","Polyester","1.25","1.27","2.4","4.2","7.6","29.17","34.8","31.2","52.9","82.2","32.1","","221.2","14.99","17.58","0.46","33.1","53.5","84.5","0.097","0.443","4.6"
"Polyfibre Hexablade 16L (1.25)","51","Slow","Polyester","1.25","1.27","2.4","4.2","7.6","18.59","45.5","22.0","26.9","45.4","12.5","","225.2","11.20","20.93","-0.40","31.8","62.6","91.8","0.097","0.443","4.6"
"Polyfibre Hexablade 16L (1.25)","51","Medium","Polyester","1.25","1.27","2.4","4.2","7.6","19.47","40.7","29.0","40.1","59.5","21.6","","193.7","11.20","20.05","0.44","31.8","62.5","85.9","0.097","0.443","4.6"
"Polyfibre Hexablade 16L (1.25)","51","Fast","Polyester","1.25","1.27","2.4","4.2","7.6","19.40","38.8","34.0","49.0","68.4","29.0","","172.0","11.20","20.12","0.57","32.0","62.9","78.7","0.097","0.443","4.6"
"Polyfibre Hexablade 16L (1.25)","40","Slow","Polyester","1.25","1.27","2.4","4.2","7.6","13.63","48.2","23.8","27.6","41.2","12.2","","197.7","6.97","19.09","-0.09","26.0","65.4","88.9","0.097","0.443","4.6"
"Polyfibre Hexablade 16L (1.25)","40","Medium","Polyester","1.25","1.27","2.4","4.2","7.6","13.45","43.5","31.0","39.7","53.1","20.6","","168.6","6.97","19.27","-0.22","26.0","65.6","81.0","0.097","0.443","4.6"
"Polyfibre Hexablade 16L (1.25)","40","Fast","Polyester","1.25","1.27","2.4","4.2","7.6","14.02","41.3","36.0","47.4","61.3","27.6","","148.6","6.97","18.70","0.37","26.0","65.6","74.5","0.097","0.443","4.6"
"Polyfibre Hexablade 17L (1.18)","62","Slow","Polyester","1.18","1.21","2.7","6.1","9.1","31.16","40.3","19.4","24.3","55.3","13.4","","262.3","13.67","16.91","-0.44","30.2","48.8","94.9","0.1","0.52","5.2"
"Polyfibre Hexablade 17L (1.18)","62","Medium","Polyester","1.18","1.21","2.7","6.1","9.1","31.99","36.3","26.0","40.6","72.5","23.6","","244.0","13.67","16.08","0.24","30.0","48.6","91.2","0.1","0.52","5.2"
"Polyfibre Hexablade 17L (1.18)","62","Fast","Polyester","1.18","1.21","2.7","6.1","9.1","32.04","34.3","31.0","51.4","83.3","32.3","","217.2","13.67","16.03","0.60","30.2","49.1","87.0","0.1","0.52","5.2"
"Polyfibre Hexablade 17L (1.18)","51","Slow","Polyester","1.18","1.21","2.7","6.1","9.1","18.35","46.1","22.0","25.8","44.1","12.2","","216.0","11.49","20.88","-0.37","32.0","63.1","92.7","0.1","0.52","5.2"
"Polyfibre Hexablade 17L (1.18)","51","Medium","Polyester","1.18","1.21","2.7","6.1","9.1","19.16","41.2","29.7","39.2","58.4","21.7","","180.0","11.49","20.07","0.46","32.0","63.1","84.6","0.1","0.52","5.2"
"Polyfibre Hexablade 17L (1.18)","51","Fast","Polyester","1.18","1.21","2.7","6.1","9.1","19.07","39.0","34.2","48.7","67.7","29.0","","168.6","11.49","20.16","0.70","32.4","63.8","79.0","0.1","0.52","5.2"
"Polyfibre Hexablade 17L (1.18)","40","Slow","Polyester","1.18","1.21","2.7","6.1","9.1","11.22","51.3","24.8","26.2","37.5","11.6","","174.3","7.78","20.69","-0.18","28.2","71.3","86.5","0.1","0.52","5.2"
"Polyfibre Hexablade 17L (1.18)","40","Medium","Polyester","1.18","1.21","2.7","6.1","9.1","11.80","46.0","32.0","36.4","48.1","19.3","","144.0","7.78","20.11","0.47","28.4","71.4","76.4","0.1","0.52","5.2"
"Polyfibre Hexablade 17L (1.18)","40","Fast","Polyester","1.18","1.21","2.7","6.1","9.1","11.88","43.4","36.0","43.4","55.3","24.9","","136.0","7.78","20.03","0.37","28.2","71","69.4","0.1","0.52","5.2"
"Dunlop Hexy Fiber 16","62","Slow","Nylon","1.3","1.38","9.4","10.9","12.1","48.95","37.2","17.2","12.6","61.5","13.2","","173.7","7.70","5.09","0.15","13.0","21","96.0","0.124","0.446","3.6"
"Dunlop Hexy Fiber 16","62","Medium","Nylon","1.3","1.38","9.4","10.9","12.1","48.38","34.7","24.2","25.8","74.3","22.5","","178.9","7.70","5.66","-0.04","13.2","21.6","96.8","0.124","0.446","3.6"
"Dunlop Hexy Fiber 16","62","Fast","Nylon","1.3","1.38","9.4","10.9","12.1","48.18","32.9","29.9","37.5","85.6","32.0","","170.3","7.70","5.86","0.16","13.7","22.2","92.7","0.124","0.446","3.6"
"Dunlop Hexy Fiber 16","51","Slow","Nylon","1.3","1.38","9.4","10.9","12.1","38.50","41.0","19.0","12.6","51.2","12.2","","141.2","6.26","5.96","0.00","12.1","24.1","97.2","0.124","0.446","3.6"
"Dunlop Hexy Fiber 16","51","Medium","Nylon","1.3","1.38","9.4","10.9","12.1","38.26","37.6","26.8","26.0","64.4","21.6","","146.9","6.26","6.20","0.03","12.6","24.6","95.1","0.124","0.446","3.6"
"Dunlop Hexy Fiber 16","51","Fast","Nylon","1.3","1.38","9.4","10.9","12.1","38.08","35.6","32.0","35.7","73.9","29.6","","141.7","6.26","6.38","0.13","12.8","25.2","87.6","0.124","0.446","3.6"
"Dunlop Hexy Fiber 16","40","Slow","Nylon","1.3","1.38","9.4","10.9","12.1","28.62","45.7","21.5","13.5","42.1","11.3","","117.7","4.98","6.09","0.00","11.0","27.9","95.8","0.124","0.446","3.6"
"Dunlop Hexy Fiber 16","40","Medium","Nylon","1.3","1.38","9.4","10.9","12.1","28.51","41.4","29.8","25.6","54.0","20.1","","117.2","4.98","6.20","0.04","11.2","28.3","92.5","0.124","0.446","3.6"
"Dunlop Hexy Fiber 16","40","Fast","Nylon","1.3","1.38","9.4","10.9","12.1","28.40","38.9","35.0","36.2","64.6","28.3","","120.0","4.98","6.31","0.09","11.5","28.7","90.2","0.124","0.446","3.6"
"Dunlop Hexy Fiber 17","62","Slow","Nylon","1.22","1.32","9.4","11.5","13.0","48.91","37.1","17.0","12.1","61.1","13.0","","170.3","7.70","5.13","0.00","12.8","20.8","96.2","0.134","0.499","3.7"
"Dunlop Hexy Fiber 17","62","Medium","Nylon","1.22","1.32","9.4","11.5","13.0","48.53","34.6","24.1","25.6","74.1","22.3","","178.9","7.70","5.51","0.04","13.2","21.5","94.9","0.134","0.499","3.7"
"Dunlop Hexy Fiber 17","62","Fast","Nylon","1.22","1.32","9.4","11.5","13.0","48.25","32.9","29.9","37.3","85.6","31.9","","169.7","7.70","5.79","0.34","13.9","22.4","92.4","0.134","0.499","3.7"
"Dunlop Hexy Fiber 17","51","Slow","Nylon","1.22","1.32","9.4","11.5","13.0","38.72","40.6","19.0","12.3","51.2","12.2","","140.0","6.31","5.69","-0.02","11.9","23.6","94.9","0.134","0.499","3.7"
"Dunlop Hexy Fiber 17","51","Medium","Nylon","1.22","1.32","9.4","11.5","13.0","38.48","37.5","26.3","26.0","64.4","21.2","","152.6","6.31","5.93","0.02","12.3","24.2","94.7","0.134","0.499","3.7"
"Dunlop Hexy Fiber 17","51","Fast","Nylon","1.22","1.32","9.4","11.5","13.0","38.32","35.4","32.0","36.4","74.7","29.9","","144.0","6.31","6.09","0.20","12.6","24.8","91.0","0.134","0.499","3.7"
"Dunlop Hexy Fiber 17","40","Slow","Nylon","1.22","1.32","9.4","11.5","13.0","29.57","45.1","21.0","13.2","42.8","11.2","","120.6","4.85","5.27","-0.02","10.1","25.4","95.5","0.134","0.499","3.7"
"Dunlop Hexy Fiber 17","40","Medium","Nylon","1.22","1.32","9.4","11.5","13.0","29.44","41.0","29.3","25.4","54.7","20.0","","120.0","4.85","5.40","0.05","10.4","25.9","92.9","0.134","0.499","3.7"
"Dunlop Hexy Fiber 17","40","Fast","Nylon","1.22","1.32","9.4","11.5","13.0","29.30","38.5","34.4","35.1","64.4","27.7","","120.0","4.85","5.54","0.15","10.6","26.6","89.1","0.134","0.499","3.7"
"Polyfibre Hightec Premium 16/1.30","62","Slow","Polyester","1.3","1.30","2.1","3.3","6.1","29.22","41.5","20.0","25.8","55.1","13.7","","264.0","12.57","19.95","-0.59","32.0","51.7","93.7","0.093","0.387","4.2"
"Polyfibre Hightec Premium 16/1.30","62","Medium","Polyester","1.3","1.30","2.1","3.3","6.1","30.19","37.1","27.0","42.3","72.5","24.5","","236.6","12.57","18.98","0.36","32.0","51.7","90.1","0.093","0.387","4.2"
"Polyfibre Hightec Premium 16/1.30","62","Fast","Polyester","1.3","1.30","2.1","3.3","6.1","30.21","35.1","32.0","52.3","82.5","33.0","","207.5","12.57","18.96","0.77","32.2","52.3","84.1","0.093","0.387","4.2"
"Polyfibre Hightec Premium 16/1.30","51","Slow","Polyester","1.3","1.30","2.1","3.3","6.1","21.39","45.0","21.8","26.5","47.8","13.0","","226.3","9.68","19.65","-0.33","28.9","57.2","92.7","0.093","0.387","4.2"
"Polyfibre Hightec Premium 16/1.30","51","Medium","Polyester","1.3","1.30","2.1","3.3","6.1","22.07","40.2","29.0","40.8","62.8","22.8","","197.2","9.68","18.97","0.46","29.1","57.4","85.6","0.093","0.387","4.2"
"Polyfibre Hightec Premium 16/1.30","51","Fast","Polyester","1.3","1.30","2.1","3.3","6.1","22.05","38.1","34.0","49.6","71.7","30.5","","174.3","9.68","18.99","0.55","29.1","57.6","79.0","0.093","0.387","4.2"
"Polyfibre Hightec Premium 16/1.30","40","Slow","Polyester","1.3","1.30","2.1","3.3","6.1","14.99","48.2","23.1","27.8","42.8","12.3","","210.3","6.64","18.06","-0.45","24.3","61.1","90.6","0.093","0.387","4.2"
"Polyfibre Hightec Premium 16/1.30","40","Medium","Polyester","1.3","1.30","2.1","3.3","6.1","15.81","43.0","31.0","41.5","57.3","22.2","","174.9","6.64","17.24","0.40","24.3","61.2","82.8","0.093","0.387","4.2"
"Polyfibre Hightec Premium 16/1.30","40","Fast","Polyester","1.3","1.30","2.1","3.3","6.1","15.68","40.7","36.0","49.4","65.0","29.3","","154.3","6.64","17.37","0.47","24.5","61.7","75.2","0.093","0.387","4.2"
"Polyfibre Hightec Premium 16L","62","Slow","Polyester","1.25","1.25","2.1","3.6","6.1","29.46","41.1","20.0","25.6","54.9","13.7","","258.9","12.35","19.93","-0.24","32.0","51.9","94.3","0.085","0.374","4.4"
"Polyfibre Hightec Premium 16L","62","Medium","Polyester","1.25","1.25","2.1","3.6","6.1","30.05","37.0","26.3","41.9","71.9","23.6","","245.7","12.35","19.34","0.30","32.0","51.8","89.3","0.085","0.374","4.4"
"Polyfibre Hightec Premium 16L","62","Fast","Polyester","1.25","1.25","2.1","3.6","6.1","30.08","35.0","31.9","52.5","82.7","32.9","","210.3","12.35","19.31","0.51","32.2","52.1","84.3","0.085","0.374","4.4"
"Polyfibre Hightec Premium 16L","51","Slow","Polyester","1.25","1.25","2.1","3.6","6.1","20.48","44.8","21.9","26.2","46.5","12.8","","221.7","9.88","20.36","-0.20","30.0","59.2","92.5","0.085","0.374","4.4"
"Polyfibre Hightec Premium 16L","51","Medium","Polyester","1.25","1.25","2.1","3.6","6.1","21.06","40.4","29.0","40.1","61.3","22.2","","194.3","9.88","19.78","0.55","30.2","59.6","85.9","0.085","0.374","4.4"
"Polyfibre Hightec Premium 16L","51","Fast","Polyester","1.25","1.25","2.1","3.6","6.1","21.06","38.4","34.0","48.5","69.5","29.6","","170.3","9.88","19.78","0.66","30.4","59.8","78.5","0.085","0.374","4.4"
"Polyfibre Hightec Premium 16L","40","Slow","Polyester","1.25","1.25","2.1","3.6","6.1","14.88","47.8","23.2","26.9","41.9","12.2","","203.5","6.50","18.31","-0.05","24.7","62.4","90.8","0.085","0.374","4.4"
"Polyfibre Hightec Premium 16L","40","Medium","Polyester","1.25","1.25","2.1","3.6","6.1","15.35","43.1","30.3","39.5","54.9","20.8","","174.9","6.50","17.84","0.47","24.7","62.5","81.9","0.085","0.374","4.4"
"Polyfibre Hightec Premium 16L","40","Fast","Polyester","1.25","1.25","2.1","3.6","6.1","15.32","41.0","36.0","47.8","63.3","28.4","","150.3","6.50","17.87","0.50","24.9","62.7","74.6","0.085","0.374","4.4"
"Polyfibre Hightec Premium 17","62","Slow","Polyester","1.2","1.18","3.0","5.5","8.2","30.25","41.6","20.0","23.8","54.0","13.5","","242.9","12.72","18.77","-0.22","31.3","50.6","93.3","0.103","0.4","3.9"
"Polyfibre Hightec Premium 17","62","Medium","Polyester","1.2","1.18","3.0","5.5","8.2","30.83","37.4","27.0","39.5","70.3","23.7","","220.0","12.72","18.19","0.36","31.3","50.6","91.0","0.103","0.4","3.9"
"Polyfibre Hightec Premium 17","62","Fast","Polyester","1.2","1.18","3.0","5.5","8.2","30.83","35.2","32.0","50.5","81.4","32.6","","200.6","12.72","18.19","0.73","31.8","51.3","84.8","0.103","0.4","3.9"
"Polyfibre Hightec Premium 17","51","Slow","Polyester","1.2","1.18","3.0","5.5","8.2","19.45","46.2","22.0","25.6","45.0","12.4","","214.3","10.54","20.73","-0.11","31.1","61.4","92.7","0.103","0.4","3.9"
"Polyfibre Hightec Premium 17","51","Medium","Polyester","1.2","1.18","3.0","5.5","8.2","20.02","41.6","29.9","38.8","58.9","22.0","","176.0","10.54","20.16","0.42","31.1","61.3","85.6","0.103","0.4","3.9"
"Polyfibre Hightec Premium 17","51","Fast","Polyester","1.2","1.18","3.0","5.5","8.2","20.00","39.3","35.0","47.6","67.5","29.6","","157.7","10.54","20.18","0.66","31.3","61.9","79.7","0.103","0.4","3.9"
"Polyfibre Hightec Premium 17","40","Slow","Polyester","1.2","1.18","3.0","5.5","8.2","12.41","51.1","24.3","25.8","38.4","11.7","","177.7","7.54","19.74","0.04","27.3","68.8","87.2","0.103","0.4","3.9"
"Polyfibre Hightec Premium 17","40","Medium","Polyester","1.2","1.18","3.0","5.5","8.2","12.88","46.1","32.0","36.8","49.8","19.9","","146.3","7.54","19.27","0.62","27.3","69.1","79.0","0.103","0.4","3.9"
"Polyfibre Hightec Premium 17","40","Fast","Polyester","1.2","1.18","3.0","5.5","8.2","12.83","43.9","38.1","45.2","58.0","27.7","","126.9","7.54","19.32","0.37","27.1","68.6","74.1","0.103","0.4","3.9"
"Wilson Hollow Core 16","62","Slow","Nylon","1.33","1.33","103.6","8.2","9.7","43.92","38.6","18.0","15.2","59.3","13.3","","192.0","8.00","9.82","-0.18","17.6","28.6","93.9","0.151","0.501","3.3"
"Wilson Hollow Core 16","62","Medium","Nylon","1.33","1.33","103.6","8.2","9.7","44.08","35.5","25.1","29.8","73.9","23.2","","192.6","8.00","9.66","0.07","17.6","28.7","94.5","0.151","0.501","3.3"
"Wilson Hollow Core 16","62","Fast","Nylon","1.33","1.33","103.6","8.2","9.7","43.99","33.7","30.1","40.8","84.9","31.9","","183.5","8.00","9.75","0.46","18.3","29.5","90.2","0.151","0.501","3.3"
"Wilson Hollow Core 16","51","Slow","Nylon","1.33","1.33","103.6","8.2","9.7","33.89","42.2","20.0","16.8","50.5","12.6","","170.3","6.84","9.99","-0.07","16.8","33","94.5","0.151","0.501","3.3"
"Wilson Hollow Core 16","51","Medium","Nylon","1.33","1.33","103.6","8.2","9.7","34.00","38.4","27.3","30.6","64.8","22.1","","167.4","6.84","9.88","0.13","16.8","33.2","94.1","0.151","0.501","3.3"
"Wilson Hollow Core 16","51","Fast","Nylon","1.33","1.33","103.6","8.2","9.7","33.91","36.4","32.9","39.9","73.9","30.4","","150.3","6.84","9.97","0.28","17.2","33.7","89.9","0.151","0.501","3.3"
"Wilson Hollow Core 16","40","Slow","Nylon","1.33","1.33","103.6","8.2","9.7","23.57","47.3","22.1","17.9","41.5","11.4","","148.0","754.11","-737.99","-0.11","16.1","40.3","93.5","0.151","0.501","3.3"
"Wilson Hollow Core 16","40","Medium","Nylon","1.33","1.33","103.6","8.2","9.7","23.79","42.5","30.3","30.2","54.0","20.5","","133.7","754.11","-738.21","0.15","16.1","40.4","90.1","0.151","0.501","3.3"
"Wilson Hollow Core 16","40","Fast","Nylon","1.33","1.33","103.6","8.2","9.7","23.77","40.1","36.0","38.4","62.2","27.9","","120.0","754.11","-738.19","0.26","16.1","40.8","86.9","0.151","0.501","3.3"
"Wilson Hollow Core Pro 16","62","Slow","Nylon","1.3","1.31","7.3","9.1","10.9","44.83","38.2","18.0","14.6","59.5","13.4","","184.0","7.56","9.35","0.00","17.0","27.4","99.8","0.19","0.417","2.2"
"Wilson Hollow Core Pro 16","62","Medium","Nylon","1.3","1.31","7.3","9.1","10.9","44.76","35.3","25.0","28.4","73.2","22.9","","185.2","7.56","9.42","0.09","17.0","27.6","96.8","0.19","0.417","2.2"
"Wilson Hollow Core Pro 16","62","Fast","Nylon","1.3","1.31","7.3","9.1","10.9","44.65","33.5","30.2","39.2","83.8","31.6","","174.9","7.56","9.53","0.35","17.4","28.2","92.4","0.19","0.417","2.2"
"Wilson Hollow Core Pro 16","51","Slow","Nylon","1.3","1.31","7.3","9.1","10.9","34.84","41.9","19.8","15.9","50.7","12.6","","164.6","6.57","9.31","-0.07","15.9","31.2","95.5","0.19","0.417","2.2"
"Wilson Hollow Core Pro 16","51","Medium","Nylon","1.3","1.31","7.3","9.1","10.9","34.95","38.2","27.4","29.1","63.9","21.9","","157.7","6.57","9.20","0.07","15.9","31.2","93.3","0.19","0.417","2.2"
"Wilson Hollow Core Pro 16","51","Fast","Nylon","1.3","1.31","7.3","9.1","10.9","34.91","36.1","33.0","39.2","74.3","30.6","","146.9","6.57","9.24","0.27","16.1","31.7","90.8","0.19","0.417","2.2"
"Wilson Hollow Core Pro 16","40","Slow","Nylon","1.3","1.31","7.3","9.1","10.9","23.66","47.2","22.8","17.2","40.8","11.6","","134.9","5.69","10.34","-0.04","15.9","40.3","96.0","0.19","0.417","2.2"
"Wilson Hollow Core Pro 16","40","Medium","Nylon","1.3","1.31","7.3","9.1","10.9","23.79","42.6","30.7","28.9","52.5","20.2","","124.6","5.69","10.21","0.15","16.1","40.4","90.2","0.19","0.417","2.2"
"Wilson Hollow Core Pro 16","40","Fast","Nylon","1.3","1.31","7.3","9.1","10.9","23.75","40.2","36.1","37.3","61.1","27.5","","116.0","5.69","10.25","0.27","16.3","40.8","85.2","0.19","0.417","2.2"
"Wilson Hollow Core Pro 17","62","Slow","Nylon","1.27","1.30","5.8","7.6","9.4","43.48","39.0","18.0","15.4","58.9","13.3","","193.2","8.22","10.04","-0.05","18.3","29.5","96.2","0.133","0.515","3.9"
"Wilson Hollow Core Pro 17","62","Medium","Nylon","1.27","1.30","5.8","7.6","9.4","43.53","36.0","25.9","30.2","73.6","23.9","","181.7","8.22","9.99","0.09","18.3","29.6","94.3","0.133","0.515","3.9"
"Wilson Hollow Core Pro 17","62","Fast","Nylon","1.27","1.30","5.8","7.6","9.4","43.44","34.1","31.0","41.2","84.7","32.8","","174.3","8.22","10.08","0.31","18.5","30.1","92.7","0.133","0.515","3.9"
"Wilson Hollow Core Pro 17","51","Slow","Nylon","1.27","1.30","5.8","7.6","9.4","33.76","42.6","20.0","16.8","50.5","12.6","","170.9","6.04","10.92","-0.04","17.0","33.3","96.4","0.133","0.515","3.9"
"Wilson Hollow Core Pro 17","51","Medium","Nylon","1.27","1.30","5.8","7.6","9.4","33.91","38.7","28.0","30.4","64.4","22.5","","158.3","6.04","10.77","0.11","17.0","33.3","93.7","0.133","0.515","3.9"
"Wilson Hollow Core Pro 17","51","Fast","Nylon","1.27","1.30","5.8","7.6","9.4","33.87","36.6","33.0","40.4","74.3","30.6","","150.3","6.04","10.81","0.27","17.2","33.7","90.8","0.133","0.515","3.9"
"Wilson Hollow Core Pro 17","40","Slow","Nylon","1.27","1.30","5.8","7.6","9.4","23.26","47.8","24.0","17.2","40.6","12.2","","121.7","5.91","10.52","-0.09","16.3","41.2","95.8","0.133","0.515","3.9"
"Wilson Hollow Core Pro 17","40","Medium","Nylon","1.27","1.30","5.8","7.6","9.4","23.51","42.9","31.0","29.8","53.1","20.6","","125.7","5.91","10.27","0.23","16.3","41.3","90.1","0.133","0.515","3.9"
"Wilson Hollow Core Pro 17","40","Fast","Nylon","1.27","1.30","5.8","7.6","9.4","23.48","40.3","36.1","39.2","62.6","28.3","","122.3","5.91","10.30","0.20","16.3","41.3","85.6","0.133","0.515","3.9"
"Babolat Hurricane Feel 16","62","Slow","Polyester","1.3","NA","1.5","2.4","2.4","44.85","36.2","17.1","22.7","67.5","14.4","","317.8","6.88","10.01","-0.24","16.5","27","96.2","0.08","0.379","4.7"
"Babolat Hurricane Feel 16","62","Medium","Polyester","1.3","NA","1.5","2.4","2.4","45.27","32.9","23.9","40.4","85.6","25.6","","285.8","6.88","9.59","0.13","16.5","26.9","92.4","0.08","0.379","4.7"
"Babolat Hurricane Feel 16","62","Fast","Polyester","1.3","NA","1.5","2.4","2.4","45.25","31.3","28.0","52.7","97.9","34.3","","272.6","6.88","9.61","0.42","17.0","27.4","92.9","0.08","0.379","4.7"
"Babolat Hurricane Feel 16","51","Slow","Polyester","1.3","NA","1.5","2.4","2.4","34.99","38.8","18.2","25.4","60.4","13.7","","312.0","5.87","9.86","-0.27","15.4","30.5","96.4","0.08","0.379","4.7"
"Babolat Hurricane Feel 16","51","Medium","Polyester","1.3","NA","1.5","2.4","2.4","35.50","34.8","25.3","43.0","78.5","24.8","","272.6","5.87","9.35","0.18","15.4","30.3","92.2","0.08","0.379","4.7"
"Babolat Hurricane Feel 16","51","Fast","Polyester","1.3","NA","1.5","2.4","2.4","35.48","32.9","30.0","55.3","90.8","34.0","","249.7","5.87","9.37","0.35","15.7","30.7","88.4","0.08","0.379","4.7"
"Babolat Hurricane Feel 16","40","Slow","Polyester","1.3","NA","1.5","2.4","2.4","24.61","41.8","20.0","28.7","53.4","13.3","","290.3","5.12","9.96","-0.26","14.8","37.3","93.5","0.08","0.379","4.7"
"Babolat Hurricane Feel 16","40","Medium","Polyester","1.3","NA","1.5","2.4","2.4","25.31","37.0","27.0","46.3","71.7","24.2","","257.7","5.12","9.26","0.22","14.6","36.8","90.8","0.08","0.379","4.7"
"Babolat Hurricane Feel 16","40","Fast","Polyester","1.3","NA","1.5","2.4","2.4","25.20","34.7","32.0","59.3","84.5","33.8","","235.5","5.12","9.37","0.33","14.8","37.3","86.7","0.08","0.379","4.7"
"Babolat Hurricane Feel 17","62","Slow","Polyester","1.25","1.26","1.8","2.4","3.3","42.98","36.9","17.7","22.9","65.9","14.6","","297.2","6.77","11.99","-0.37","18.3","29.8","95.3","0.085","0.37","4.4"
"Babolat Hurricane Feel 17","62","Medium","Polyester","1.25","1.26","1.8","2.4","3.3","43.68","33.4","24.0","39.9","83.8","25.1","","282.3","6.77","11.29","0.11","18.1","29.4","93.9","0.085","0.37","4.4"
"Babolat Hurricane Feel 17","62","Fast","Polyester","1.25","1.26","1.8","2.4","3.3","43.59","31.8","28.4","52.3","95.7","33.9","","264.0","6.77","11.38","0.44","18.5","30.1","90.4","0.085","0.37","4.4"
"Babolat Hurricane Feel 17","51","Slow","Polyester","1.25","1.26","1.8","2.4","3.3","34.40","39.3","18.7","24.3","58.7","13.7","","282.3","5.98","10.34","-0.22","16.1","31.7","97.2","0.085","0.37","4.4"
"Babolat Hurricane Feel 17","51","Medium","Polyester","1.25","1.26","1.8","2.4","3.3","34.84","35.5","25.8","41.2","76.1","24.5","","252.6","5.98","9.90","-0.04","15.9","31.2","91.6","0.085","0.37","4.4"
"Babolat Hurricane Feel 17","51","Fast","Polyester","1.25","1.26","1.8","2.4","3.3","34.95","33.5","30.1","53.4","88.2","33.2","","239.5","5.98","9.79","0.40","16.1","31.9","87.6","0.085","0.37","4.4"
"Babolat Hurricane Feel 17","40","Slow","Polyester","1.25","1.26","1.8","2.4","3.3","23.92","42.8","20.4","27.6","51.4","13.1","","268.6","5.16","10.61","-0.31","15.4","38.9","93.5","0.085","0.37","4.4"
"Babolat Hurricane Feel 17","40","Medium","Polyester","1.25","1.26","1.8","2.4","3.3","24.41","38.1","27.9","44.3","68.6","23.9","","230.9","5.16","10.12","0.20","15.4","39","89.9","0.085","0.37","4.4"
"Babolat Hurricane Feel 17","40","Fast","Polyester","1.25","1.26","1.8","2.4","3.3","24.39","35.6","32.1","56.0","80.5","32.3","","220.6","5.16","10.14","0.25","15.7","39.2","85.7","0.085","0.37","4.4"
"Solinco Hyper-G 16","40","Slow","Polyester","16","NA","1.5","2.7","3.3","21.54","44.8","22.0","28.2","49.8","13.7","6.4","237.2","5.01","13.14","-0.05","18.1","45.6","94.7","0.09","0.631","7"
"Solinco Hyper-G 16","40","Medium","Polyester","16","NA","1.5","2.7","3.3","22.03","39.1","29.1","44.8","66.8","24.3","11.0","214.9","5.01","12.65","0.33","18.1","45.3","89.1","0.09","0.631","7"
"Solinco Hyper-G 16","40","Fast","Polyester","16","NA","1.5","2.7","3.3","21.98","36.5","34.0","56.0","77.8","33.1","14.8","196.6","5.01","12.70","0.57","18.3","46.1","84.6","0.09","0.631","7"
"Solinco Hyper-G 16","51","Slow","Polyester","16","NA","1.5","2.7","3.3","37.37","39.6","19.1","23.4","60.6","14.4","7.4","260.6","3.95","9.40","-0.20","13.2","25.9","96.4","0.09","0.631","7"
"Solinco Hyper-G 16","51","Medium","Polyester","16","NA","1.5","2.7","3.3","37.90","35.3","26.0","40.4","78.3","25.4","12.6","242.3","3.95","8.87","0.15","13.0","25.6","93.1","0.09","0.631","7"
"Solinco Hyper-G 16","51","Fast","Polyester","16","NA","1.5","2.7","3.3","37.88","33.3","30.9","51.8","89.5","34.6","16.5","219.5","3.95","8.89","0.51","13.2","26.3","89.3","0.09","0.631","7"
"Solinco Hyper-G 16","62","Slow","Polyester","16","NA","1.5","2.7","3.3","48.66","36.8","17.9","20.7","69.5","15.5","7.9","263.5","3.62","9.46","-0.27","12.8","20.7","97.0","0.09","0.631","7"
"Solinco Hyper-G 16","62","Medium","Polyester","16","NA","1.5","2.7","3.3","49.06","33.2","24.1","37.5","86.7","26.0","13.2","264.0","3.62","9.06","0.11","12.8","20.7","94.3","0.09","0.631","7"
"Solinco Hyper-G 16","62","Fast","Polyester","16","NA","1.5","2.7","3.3","49.02","31.5","29.1","49.2","98.1","35.7","17.7","235.5","3.62","9.10","0.49","13.2","21.4","92.4","0.09","0.631","7"
"Solinco Hyper-G 16 Round (1.30)","51","Fast","Polyester","1.3","NA","1.5","3.6","3.3","34.62","33.8","30.9","53.4","88.0","34.0","16.4","226.3","4.37","11.73","0.27","16.3","32.3","88.0","0.066","0.484","7.3"
"Solinco Hyper-G 16L (1.25)","51","Fast","Polyester","1.25","1.31","7.3","3.9","10.0","38.50","33.3","30.9","51.2","89.7","34.6","16.6","218.3","3.35","8.87","0.31","12.6","24.7","89.5","0.09","0.55","6.1"
"Solinco Hyper-G 17 (1.20)","51","Fast","Polyester","1.2","1.30","6.7","4.8","9.4","37.93","34.1","32.0","49.0","87.1","34.8","16.0","194.9","2.80","9.99","0.22","13.0","25.7","88.4","0.088","0.541","6.1"
"Solinco Hyper-G 18 (1.15)","51","Fast","Polyester","1.15","1.26","1.8","8.2","8.8","36.65","35.1","32.6","47.2","83.8","34.2","17.2","180.0","2.95","11.12","0.27","14.3","28.3","88.4","0.082","0.617","7.5"
"Solinco Hyper-G-Soft 16L (1.25)","51","Fast","Polyester","1.25","1.28","7.0","2.4","12.1","36.27","35.7","33.9","48.5","84.9","35.9","30.8","172.0","4.30","10.15","0.11","14.6","28.7","88.0","0.099","0.512","5.2"
"Signum Pro Hyperion 16","62","Slow","Polyester","1.3","1.35","1.5","NA","3.0","37.60","38.1","18.0","24.0","61.7","13.9","","301.8","9.17","14.97","-0.24","23.8","38.7","96.4","0.096","0.443","4.6"
"Signum Pro Hyperion 16","62","Medium","Polyester","1.3","1.35","1.5","NA","3.0","38.04","34.6","25.0","41.0","78.9","24.7","","266.3","9.17","14.53","0.20","23.8","38.7","92.4","0.096","0.443","4.6"
"Signum Pro Hyperion 16","62","Fast","Polyester","1.3","1.35","1.5","NA","3.0","38.04","32.9","30.0","52.3","90.2","33.8","","235.5","9.17","14.53","0.56","24.3","39.3","86.7","0.096","0.443","4.6"
"Signum Pro Hyperion 16","51","Slow","Polyester","1.3","1.35","1.5","NA","3.0","30.19","40.3","19.4","25.8","56.0","13.5","","278.9","7.25","13.28","-0.15","20.3","40.2","96.6","0.096","0.443","4.6"
"Signum Pro Hyperion 16","51","Medium","Polyester","1.3","1.35","1.5","NA","3.0","30.65","36.4","26.0","41.9","72.5","23.6","","251.5","7.25","12.82","0.33","20.3","40.2","90.8","0.096","0.443","4.6"
"Signum Pro Hyperion 16","51","Fast","Polyester","1.3","1.35","1.5","NA","3.0","30.58","34.6","31.1","52.3","82.9","32.2","","220.0","7.25","12.89","0.59","20.7","40.9","85.6","0.096","0.443","4.6"
"Signum Pro Hyperion 16","40","Slow","Polyester","1.3","1.35","1.5","NA","3.0","21.52","43.4","21.0","27.8","49.4","13.0","","256.6","5.40","12.77","-0.09","18.1","45.6","92.4","0.096","0.443","4.6"
"Signum Pro Hyperion 16","40","Medium","Polyester","1.3","1.35","1.5","NA","3.0","21.87","39.0","28.0","43.7","65.5","22.9","","226.3","5.40","12.42","0.35","18.1","45.8","85.6","0.096","0.443","4.6"
"Signum Pro Hyperion 16","40","Fast","Polyester","1.3","1.35","1.5","NA","3.0","21.85","36.8","33.0","53.8","75.6","31.2","","200.6","5.40","12.44","0.42","18.3","46","82.1","0.096","0.443","4.6"
"Signum Pro Hyperion 17 (1.24)","62","Slow","Polyester","1.24","1.26","2.1","3.0","3.9","36.36","39.1","18.2","23.8","60.0","13.7","","291.5","9.28","16.10","-0.24","25.1","40.7","93.9","0.104","0.442","4.2"
"Signum Pro Hyperion 17 (1.24)","62","Medium","Polyester","1.24","1.26","2.1","3.0","3.9","36.85","35.3","25.4","39.9","76.7","24.3","","250.3","9.28","15.61","0.25","25.1","40.7","92.0","0.104","0.442","4.2"
"Signum Pro Hyperion 17 (1.24)","62","Fast","Polyester","1.24","1.26","2.1","3.0","3.9","36.85","33.6","30.1","51.6","88.4","33.3","","232.6","9.28","15.61","0.58","25.4","41.2","87.4","0.104","0.442","4.2"
"Signum Pro Hyperion 17 (1.24)","51","Slow","Polyester","1.24","1.26","2.1","3.0","3.9","29.17","41.4","20.0","25.4","54.5","13.6","","257.7","7.01","14.54","-0.16","21.4","42.2","95.1","0.104","0.442","4.2"
"Signum Pro Hyperion 17 (1.24)","51","Medium","Polyester","1.24","1.26","2.1","3.0","3.9","29.66","37.3","26.9","39.9","69.5","23.4","","224.0","7.01","14.05","0.31","21.4","42.1","90.1","0.104","0.442","4.2"
"Signum Pro Hyperion 17 (1.24)","51","Fast","Polyester","1.24","1.26","2.1","3.0","3.9","29.66","35.4","32.0","50.9","80.7","32.2","","202.3","7.01","14.05","0.55","21.6","42.6","84.8","0.104","0.442","4.2"
"Signum Pro Hyperion 17 (1.24)","40","Slow","Polyester","1.24","1.26","2.1","3.0","3.9","21.48","44.4","21.3","26.7","48.3","12.8","","239.5","5.29","12.92","-0.08","18.1","45.7","93.9","0.104","0.442","4.2"
"Signum Pro Hyperion 17 (1.24)","40","Medium","Polyester","1.24","1.26","2.1","3.0","3.9","21.83","39.7","28.2","41.5","63.3","22.3","","212.0","5.29","12.57","0.22","18.1","45.6","87.2","0.104","0.442","4.2"
"Signum Pro Hyperion 17 (1.24)","40","Fast","Polyester","1.24","1.26","2.1","3.0","3.9","21.79","37.4","33.9","52.0","73.9","31.3","","184.6","5.29","12.61","0.60","18.5","46.6","81.7","0.104","0.442","4.2"
"Signum Pro Hyperion 18 (1.18)","51","Fast","Polyester","1.18","1.21","2.1","2.7","3.6","32.81","35.5","32.6","48.1","80.9","33.0","15.4","184.0","4.30","13.61","0.40","18.3","36.1","85.6","0.089","0.516","5.8"
"Dunlop Ice 16 (1.30)","51","Fast","Polyester","1.3","1.3","6.7","8.8","8.5","28.33","35.4","32.5","53.1","81.4","33.0","15.3","204.6","6.33","16.06","0.66","22.9","45.4","85.0","0.073","0.425","5.8"
"Dunlop Ice 17 (1.25)","51","Fast","Polyester","1.25","1.34","NA","NA","11.5","30.87","35.4","32.6","50.5","81.4","33.2","15.6","192.6","5.51","14.34","0.33","20.1","39.8","85.6","0.082","0.41","5"
"Tecnifibre Ice Code 16 (1.30)","51","Fast","Polyester","1.3","1.45","NA","NA","6.7","33.30","33.8","31.5","54.0","87.3","34.3","16.0","221.2","5.29","12.13","0.34","17.9","35","88.0","0.086","0.482","5.6"
"Dunlop Iconic All 17 (1.25)","51","Fast","Nylon","1.25","1.33","2.4","3.3","9.1","41.12","35.2","32.1","35.5","76.5","30.7","15.8","139.4","3.64","5.96","0.22","9.9","19.3","91.8","NA","NA","NA"
"Dunlop Iconic Speed 17 (1.25)","51","Fast","Nylon","1.25","1.10","2.4","5.8","10.6","40.46","35.2","32.5","37.5","77.8","31.6","15.8","144.0","4.74","5.52","0.20","10.4","20.6","92.9","NA","NA","NA"
"Dunlop Iconic Touch 17 (1.25)","51","Fast","Nylon","1.25","1.23","2.7","7.9","6.7","41.37","34.9","32.0","38.8","80.3","32.1","15.9","153.7","4.08","5.27","0.16","9.5","18.7","94.9","NA","NA","NA"
"Diadem Impulse 16 (1.32)","51","Fast","Nylon","1.32","1.23","3.0","3.6","7.3","41.63","35.0","32.6","39.0","80.7","32.9","16.1","149.7","4.41","4.68","0.22","9.3","18.3","93.3","0.092","NA","NA"
"Diadem Impulse 17 (1.25)","51","Fast","Nylon","1.25","1.31","NA","NA","9.1","40.42","35.5","33.0","37.9","78.5","32.4","16.3","141.7","4.52","5.78","0.60","10.8","21.5","90.2","0.099","0.407","4.1"
"Gamma IO 17 (1.23)","51","Fast","Polyester","1.23","1.35","NA","NA","10.0","35.94","34.1","31.9","49.6","85.6","34.2","16.0","197.7","3.95","10.83","0.33","15.2","29.8","89.3","0.069","0.396","5.7"
"Gamma IO 18 (1.18)","51","Fast","Polyester","1.18","1.36","7.3","8.5","9.1","35.61","34.6","32.0","47.6","83.1","33.3","16.0","188.6","3.86","11.25","0.33","15.4","30.4","87.6","0.068","0.436","6.4"
"Gamma IO Soft 15L (1.40)","51","Fast","Polyester","1.4","1.33","7.0","8.5","10.9","34.16","33.8","31.6","53.8","88.0","34.7","16.0","219.5","4.52","12.04","0.11","16.8","32.9","88.0","0.066","0.418","6.3"
"Gamma IO Soft 16 (1.28)","51","Fast","Polyester","1.28","1.31","NA","NA","9.1","33.74","34.7","32.0","50.5","84.2","33.7","15.6","200.0","4.41","12.57","0.11","17.2","33.7","88.9","0.069","0.419","6.1"
"Gamma IO Soft 17 (1.23)","51","Fast","Polyester","1.23","1.34","NA","NA","8.8","33.74","34.9","32.1","48.7","82.5","33.1","15.7","192.6","4.41","12.57","0.22","17.2","33.9","87.2","0.075","0.44","5.9"
"Tourna Irradiated 16","62","Slow","Nylon","1.33","1.34","7.0","8.2","9.4","49.44","37.3","17.7","14.3","63.9","14.1","","186.3","7.59","4.71","-0.17","12.1","19.6","98.0","0.137","0.412","3"
"Tourna Irradiated 16","62","Medium","Nylon","1.33","1.34","7.0","8.2","9.4","49.22","34.5","24.2","28.7","78.1","23.6","","198.9","7.59","4.93","0.03","12.6","20.3","94.3","0.137","0.412","3"
"Tourna Irradiated 16","62","Fast","Nylon","1.33","1.34","7.0","8.2","9.4","49.02","32.7","29.9","41.5","90.4","33.8","","188.0","7.59","5.13","0.47","13.2","21.4","93.7","0.137","0.412","3"
"Tourna Irradiated 16","51","Slow","Nylon","1.33","1.34","7.0","8.2","9.4","39.38","40.6","19.0","15.0","54.2","12.9","","168.0","6.90","4.44","-0.02","11.2","22.3","98.0","0.137","0.412","3"
"Tourna Irradiated 16","51","Medium","Nylon","1.33","1.34","7.0","8.2","9.4","39.16","37.2","26.3","29.8","69.0","22.7","","176.0","6.90","4.66","0.04","11.7","22.9","94.3","0.137","0.412","3"
"Tourna Irradiated 16","51","Fast","Nylon","1.33","1.34","7.0","8.2","9.4","39.01","35.1","32.0","41.0","80.0","32.0","","162.9","6.90","4.81","0.25","11.9","23.6","92.9","0.137","0.412","3"
"Tourna Irradiated 16","40","Slow","Nylon","1.33","1.34","7.0","8.2","9.4","30.74","44.2","20.8","16.1","46.7","12.2","","150.9","5.01","3.94","-0.02","9.0","22.5","97.4","0.137","0.412","3"
"Tourna Irradiated 16","40","Medium","Nylon","1.33","1.34","7.0","8.2","9.4","30.61","40.0","28.7","30.0","60.6","21.7","","148.6","5.01","4.07","0.07","9.0","23.1","94.3","0.137","0.412","3"
"Tourna Irradiated 16","40","Fast","Nylon","1.33","1.34","7.0","8.2","9.4","30.47","37.5","34.0","40.6","71.0","30.2","","142.9","5.01","4.21","0.15","9.3","23.6","90.6","0.137","0.412","3"
"Tourna Irradiated 17","51","Fast","Nylon","1.24","1.27","7.0","2.4","4.5","42.23","34.7","32.0","38.8","80.9","32.4","16.0","153.7","3.86","4.63","0.20","8.6","17.1","92.4","0.088","0.472","5.4"
"LaserFibre JB Tour 100 17g (1.25)","51","Fast","Polyester","1.25","1.32","7.0","8.5","8.2","28.44","35.3","32.1","53.6","82.0","32.9","15.3","210.9","6.00","16.28","0.17","22.5","44.3","84.3","0.114","0.529","4.6"
"Gamma Jet 16L (1.28)","51","Fast","Polyester","1.28","1.33","1.5","2.4","4.2","31.80","35.0","32.0","49.8","81.6","32.7","15.6","197.7","5.25","13.67","0.16","19.0","37.6","87.6","0.076","0.507","6.7"
"Dunlop Juice 16 (1.31)","62","Slow","Polyester","1.31","1.33","2.1","3.6","4.8","38.81","37.8","18.0","23.8","62.6","14.1","","298.3","10.36","12.57","-0.24","22.7","36.8","96.4","0.115","0.414","3.6"
"Dunlop Juice 16 (1.31)","62","Medium","Polyester","1.31","1.33","2.1","3.6","4.8","39.34","34.2","24.2","41.5","80.7","24.4","","286.3","10.36","12.04","0.16","22.5","36.5","93.3","0.115","0.414","3.6"
"Dunlop Juice 16 (1.31)","62","Fast","Polyester","1.31","1.33","2.1","3.6","4.8","39.36","32.3","29.6","53.8","93.1","34.4","","249.2","10.36","12.02","0.49","22.9","37","89.9","0.115","0.414","3.6"
"Dunlop Juice 16 (1.31)","51","Slow","Polyester","1.31","1.33","2.1","3.6","4.8","25.91","42.0","20.0","26.7","52.7","13.2","","271.5","9.33","15.48","-0.35","24.5","48.2","92.7","0.115","0.414","3.6"
"Dunlop Juice 16 (1.31)","51","Medium","Polyester","1.31","1.33","2.1","3.6","4.8","26.59","37.5","27.0","42.6","69.2","23.4","","237.2","9.33","14.80","0.22","24.3","48","90.1","0.115","0.414","3.6"
"Dunlop Juice 16 (1.31)","51","Fast","Polyester","1.31","1.33","2.1","3.6","4.8","26.64","35.3","32.0","54.2","80.9","32.4","","215.5","9.33","14.75","0.49","24.5","48.4","85.4","0.115","0.414","3.6"
"Dunlop Juice 16 (1.31)","40","Slow","Polyester","1.31","1.33","2.1","3.6","4.8","14.88","47.2","23.0","28.0","43.0","12.4","","216.0","6.37","18.44","-0.25","24.5","61.9","90.2","0.115","0.414","3.6"
"Dunlop Juice 16 (1.31)","40","Medium","Polyester","1.31","1.33","2.1","3.6","4.8","15.50","41.8","30.0","42.8","58.4","21.9","","193.7","6.37","17.82","0.33","24.5","61.8","84.5","0.115","0.414","3.6"
"Dunlop Juice 16 (1.31)","40","Fast","Polyester","1.31","1.33","2.1","3.6","4.8","15.57","39.2","35.0","53.4","69.0","30.2","","177.2","6.37","17.75","0.49","24.7","62","77.8","0.115","0.414","3.6"
"Dunlop Juice 17 (1.26)","62","Slow","Polyester","1.26","1.26","2.4","3.6","4.5","37.62","38.8","18.1","22.5","60.2","13.6","","280.0","9.83","14.29","-0.42","23.8","38.4","95.6","0.107","0.416","3.9"
"Dunlop Juice 17 (1.26)","62","Medium","Polyester","1.26","1.26","2.4","3.6","4.5","38.28","35.1","25.4","39.0","77.4","24.6","","245.2","9.83","13.63","0.22","23.6","38.4","92.7","0.107","0.416","3.9"
"Dunlop Juice 17 (1.26)","62","Fast","Polyester","1.26","1.26","2.4","3.6","4.5","38.26","33.2","30.0","50.3","88.6","33.2","","226.9","9.83","13.65","0.53","24.0","38.9","89.5","0.107","0.416","3.9"
"Dunlop Juice 17 (1.26)","51","Slow","Polyester","1.26","1.26","2.4","3.6","4.5","26.79","42.3","20.0","24.7","51.4","12.9","","249.7","8.60","15.33","-0.42","23.6","46.3","94.3","0.107","0.416","3.9"
"Dunlop Juice 17 (1.26)","51","Medium","Polyester","1.26","1.26","2.4","3.6","4.5","27.47","38.0","27.7","39.9","67.5","23.3","","212.0","8.60","14.65","0.30","23.6","46.4","89.5","0.107","0.416","3.9"
"Dunlop Juice 17 (1.26)","51","Fast","Polyester","1.26","1.26","2.4","3.6","4.5","27.47","38.0","27.7","39.2","66.8","23.1","","208.6","8.60","14.65","-0.03","23.2","45.8","89.3","0.107","0.416","3.9"
"Dunlop Juice 17 (1.26)","40","Slow","Polyester","1.26","1.26","2.4","3.6","4.5","17.57","46.7","22.3","26.2","43.9","12.2","","215.5","6.24","15.88","-0.20","21.8","55.2","92.2","0.107","0.416","3.9"
"Dunlop Juice 17 (1.26)","40","Medium","Polyester","1.26","1.26","2.4","3.6","4.5","18.04","41.9","30.0","38.6","56.4","21.2","","173.7","6.24","15.41","0.33","22.1","55.4","85.9","0.107","0.416","3.9"
"Dunlop Juice 17 (1.26)","40","Fast","Polyester","1.26","1.26","2.4","3.6","4.5","17.99","39.3","35.1","49.2","67.0","29.5","","161.7","6.24","15.46","0.35","22.1","55.6","80.1","0.107","0.416","3.9"
"Klip K-Boom 16/1.30","62","Slow","Polyester","1.3","1.31","1.4","2.4","2.9","42.53","36.8","17.1","23.8","66.4","14.2","","330.3","7.89","11.32","-0.29","19.0","30.6","97.2","0.093","0.38","4.1"
"Klip K-Boom 16/1.30","62","Medium","Polyester","1.3","1.31","1.4","2.4","2.9","43.06","33.7","24.6","42.8","85.8","26.4","","286.9","7.89","10.79","0.17","18.7","30.5","93.7","0.093","0.38","4.1"
"Klip K-Boom 16/1.30","62","Fast","Polyester","1.3","1.31","1.4","2.4","2.9","43.02","32.0","29.1","54.5","97.7","35.5","","262.3","7.89","10.83","0.31","19.0","30.8","90.4","0.093","0.38","4.1"
"Klip K-Boom 16/1.30","51","Slow","Polyester","1.3","1.31","1.4","2.4","2.9","33.38","39.6","18.8","25.4","58.9","13.9","","291.5","6.55","10.79","-0.31","17.0","33.6","95.1","0.093","0.38","4.1"
"Klip K-Boom 16/1.30","51","Medium","Polyester","1.3","1.31","1.4","2.4","2.9","33.91","35.8","26.2","44.1","77.8","25.5","","261.7","6.55","10.26","0.15","17.0","33.4","91.4","0.093","0.38","4.1"
"Klip K-Boom 16/1.30","51","Fast","Polyester","1.3","1.31","1.4","2.4","2.9","33.91","33.6","31.0","56.2","90.0","34.9","","237.2","6.55","10.26","0.44","17.2","34","87.2","0.093","0.38","4.1"
"Klip K-Boom 16/1.30","40","Slow","Polyester","1.3","1.31","1.4","2.4","2.9","21.61","43.2","20.2","29.1","50.7","12.8","","289.2","5.95","12.13","-0.24","17.9","44.9","92.5","0.093","0.38","4.1"
"Klip K-Boom 16/1.30","40","Medium","Polyester","1.3","1.31","1.4","2.4","2.9","22.05","37.9","28.0","47.6","69.7","24.3","","246.9","5.95","11.69","0.24","17.9","45.1","86.7","0.093","0.38","4.1"
"Klip K-Boom 16/1.30","40","Fast","Polyester","1.3","1.31","1.4","2.4","2.9","22.07","35.5","32.3","59.8","81.8","33.0","","232.6","5.95","11.67","0.35","17.9","45.3","84.1","0.093","0.38","4.1"
"Klip K-Boom 18 (1.20)","51","Fast","Polyester","1.2","1.26","1.4","2.7","3.2","35.10","34.7","32.0","48.1","83.3","33.3","15.6","190.3","3.37","12.25","0.37","15.9","31.5","87.0","0.075","0.463","6.2"
"Wilson K-Gut 16","62","Slow","Nylon","1.32","1.34","6.4","7.3","8.5","51.60","36.9","17.0","14.6","66.2","14.0","","204.0","6.35","3.79","-0.04","10.1","16.4","96.4","0.108","0.475","4.4"
"Wilson K-Gut 16","62","Medium","Nylon","1.32","1.34","6.4","7.3","8.5","51.40","34.1","24.1","30.6","82.0","24.8","","213.2","6.35","3.99","0.11","10.4","16.9","94.3","0.108","0.475","4.4"
"Wilson K-Gut 16","62","Fast","Nylon","1.32","1.34","6.4","7.3","8.5","51.13","32.2","29.5","43.4","94.6","34.9","","202.9","6.35","4.26","0.26","10.8","17.6","93.9","0.108","0.475","4.4"
"Wilson K-Gut 16","51","Slow","Nylon","1.32","1.34","6.4","7.3","8.5","41.12","40.2","18.4","15.0","56.2","12.9","","180.0","5.69","3.91","0.00","9.7","18.9","95.8","0.108","0.475","4.4"
"Wilson K-Gut 16","51","Medium","Nylon","1.32","1.34","6.4","7.3","8.5","40.97","36.5","26.1","31.3","72.3","23.6","","186.3","5.69","4.06","0.02","9.7","19.3","96.8","0.108","0.475","4.4"
"Wilson K-Gut 16","51","Fast","Nylon","1.32","1.34","6.4","7.3","8.5","40.84","34.4","31.9","43.0","83.8","33.5","","171.5","5.69","4.19","0.11","9.9","19.7","90.2","0.108","0.475","4.4"
"Wilson K-Gut 16","40","Slow","Nylon","1.32","1.34","6.4","7.3","8.5","30.54","44.3","20.6","15.9","46.5","12.0","","151.4","5.03","4.12","-0.02","9.0","23","97.0","0.108","0.475","4.4"
"Wilson K-Gut 16","40","Medium","Nylon","1.32","1.34","6.4","7.3","8.5","30.52","39.7","29.0","31.8","62.4","22.6","","153.7","5.03","4.14","0.09","9.3","23.3","93.1","0.108","0.475","4.4"
"Wilson K-Gut 16","40","Fast","Nylon","1.32","1.34","6.4","7.3","8.5","30.38","37.3","34.0","42.8","73.2","31.1","","149.7","5.03","4.28","0.13","9.5","23.8","88.4","0.108","0.475","4.4"
"Wilson K-Gut Pro 16","62","Slow","Nylon","1.33","1.32","6.1","7.6","8.5","51.60","36.9","17.0","13.9","65.5","13.9","","196.0","6.66","3.48","0.00","10.1","16.4","98.2","0.234","0.374","1.6"
"Wilson K-Gut Pro 16","62","Medium","Nylon","1.33","1.32","6.1","7.6","8.5","51.35","34.1","24.1","30.4","81.8","24.6","","212.0","6.66","3.73","0.30","10.8","17.3","94.7","0.234","0.374","1.6"
"Wilson K-Gut Pro 16","62","Fast","Nylon","1.33","1.32","6.1","7.6","8.5","50.91","32.3","29.8","42.3","93.3","34.7","","194.3","6.66","4.17","0.15","11.0","17.8","92.9","0.234","0.374","1.6"
"Wilson K-Gut Pro 16","51","Slow","Nylon","1.33","1.32","6.1","7.6","8.5","41.83","39.9","18.1","14.6","56.4","12.8","","180.6","5.53","3.36","-0.02","8.8","17.5","97.6","0.234","0.374","1.6"
"Wilson K-Gut Pro 16","51","Medium","Nylon","1.33","1.32","6.1","7.6","8.5","41.63","36.4","26.0","30.6","72.3","23.5","","184.0","5.53","3.56","-0.04","9.0","17.8","94.5","0.234","0.374","1.6"
"Wilson K-Gut Pro 16","51","Fast","Nylon","1.33","1.32","6.1","7.6","8.5","41.52","34.4","31.8","41.9","83.3","33.1","","168.0","5.53","3.67","0.07","9.3","18.3","92.0","0.234","0.374","1.6"
"Wilson K-Gut Pro 16","40","Slow","Nylon","1.33","1.32","6.1","7.6","8.5","29.94","44.8","21.0","15.7","45.6","12.0","","144.6","5.82","3.93","-0.03","9.7","24.5","95.6","0.234","0.374","1.6"
"Wilson K-Gut Pro 16","40","Medium","Nylon","1.33","1.32","6.1","7.6","8.5","29.92","40.1","29.2","31.3","61.3","22.3","","149.7","5.82","3.95","0.06","9.9","24.8","94.3","0.234","0.374","1.6"
"Wilson K-Gut Pro 16","40","Fast","Nylon","1.33","1.32","6.1","7.6","8.5","29.83","37.6","34.2","41.7","71.4","30.6","","144.6","5.82","4.04","0.13","9.9","25.2","89.9","0.234","0.374","1.6"
"Klip Kicker 16","62","Slow","Nylon","1.3","1.31","NA","NA","10.6","47.28","37.8","17.4","14.8","62.0","13.5","","197.2","9.48","4.98","0.00","14.6","23.4","99.2","0.097","0.362","3.7"
"Klip Kicker 16","62","Medium","Nylon","1.3","1.31","NA","NA","10.6","46.94","34.8","25.0","30.6","77.6","24.3","","199.5","9.48","5.32","0.08","15.0","24.1","97.2","0.097","0.362","3.7"
"Klip Kicker 16","62","Fast","Nylon","1.3","1.31","NA","NA","10.6","46.46","33.0","30.0","43.0","89.5","33.6","","194.3","9.48","5.80","0.29","15.7","25.2","95.5","0.097","0.362","3.7"
"Klip Kicker 16","51","Slow","Nylon","1.3","1.31","NA","NA","10.6","41.63","39.6","18.1","15.0","56.7","12.8","","187.5","6.75","2.34","-0.04","9.0","17.8","96.6","0.097","0.362","3.7"
"Klip Kicker 16","51","Medium","Nylon","1.3","1.31","NA","NA","10.6","41.45","36.2","26.0","31.1","72.5","23.6","","186.9","6.75","2.52","0.08","9.3","18.4","95.5","0.097","0.362","3.7"
"Klip Kicker 16","51","Fast","Nylon","1.3","1.31","NA","NA","10.6","41.17","34.2","31.1","42.8","83.8","32.6","","178.9","6.75","2.80","0.16","9.7","19.1","93.3","0.097","0.362","3.7"
"Klip Kicker 16","40","Slow","Nylon","1.3","1.31","NA","NA","10.6","27.85","45.7","21.2","15.7","43.4","11.5","","141.7","7.70","4.14","-0.02","11.9","29.8","95.6","0.097","0.362","3.7"
"Klip Kicker 16","40","Medium","Nylon","1.3","1.31","NA","NA","10.6","27.78","40.7","29.9","30.4","58.2","21.8","","138.3","7.70","4.21","0.09","11.9","30.2","91.2","0.097","0.362","3.7"
"Klip Kicker 16","40","Fast","Nylon","1.3","1.31","NA","NA","10.6","27.61","38.3","35.0","40.4","67.9","29.7","","133.7","7.70","4.38","0.18","12.3","30.9","88.0","0.097","0.362","3.7"
"Klip Legend 16 Uncoated","62","Slow","Gut","1.3","1.32","3.9","5.2","7.0","54.97","37.2","17.0","7.3","62.4","13.3","","103.4","5.40","1.37","0.04","6.8","11","99.0","0.298","0.37","1.2"
"Klip Legend 16 Uncoated","62","Medium","Gut","1.3","1.32","3.9","5.2","7.0","54.64","35.3","25.0","16.1","70.6","22.1","","104.0","5.40","1.70","0.15","7.3","11.8","98.6","0.298","0.37","1.2"
"Klip Legend 16 Uncoated","62","Fast","Gut","1.3","1.32","3.9","5.2","7.0","54.35","33.9","30.6","24.0","78.5","30.0","","104.6","5.40","1.99","0.17","7.5","12.3","95.6","0.298","0.37","1.2"
"Klip Legend 16 Uncoated","51","Slow","Gut","1.3","1.32","3.9","5.2","7.0","43.70","40.5","18.3","8.6","52.5","12.0","","104.6","5.60","1.42","0.00","7.1","13.8","99.2","0.298","0.37","1.2"
"Klip Legend 16 Uncoated","51","Medium","Gut","1.3","1.32","3.9","5.2","7.0","43.46","37.9","27.0","19.0","62.4","21.0","","105.2","5.60","1.66","0.11","7.3","14.5","97.8","0.298","0.37","1.2"
"Klip Legend 16 Uncoated","51","Fast","Gut","1.3","1.32","3.9","5.2","7.0","43.22","36.0","32.9","26.9","70.1","28.8","","101.2","5.60","1.90","0.11","7.7","15","95.8","0.298","0.37","1.2"
"Klip Legend 16 Uncoated","40","Slow","Gut","1.3","1.32","3.9","5.2","7.0","32.02","44.9","20.9","10.8","43.0","11.2","","101.2","5.36","2.31","-0.02","7.7","19.3","99.2","0.298","0.37","1.2"
"Klip Legend 16 Uncoated","40","Medium","Gut","1.3","1.32","3.9","5.2","7.0","31.95","41.0","30.0","22.5","54.5","20.5","","101.7","5.36","2.38","0.11","7.9","19.8","95.8","0.298","0.37","1.2"
"Klip Legend 16 Uncoated","40","Fast","Gut","1.3","1.32","3.9","5.2","7.0","31.73","38.8","35.7","30.2","62.0","27.7","","97.2","5.36","2.60","0.13","8.2","20.4","93.3","0.298","0.37","1.2"
"Klip Legend 17 (1.25)","51","Fast","Gut","1.25","1.29","3.9","5.2","3.5","44.54","36.3","33.3","24.5","69.0","28.8","15.7","89.7","4.50","1.68","0.07","6.2","12.3","95.5","0.207","0.412","2"
"Toalson Leoina 77 (1.30)","51","Fast","Nylon","1.3","1.33","1.5","2.4","4.2","41.94","34.6","32.0","39.7","81.6","32.6","16.1","157.2","5.03","3.75","0.22","9.0","17.7","90.6","0.122","0.535","4.4"
"Ashaway Liberty 16","40","Fast","Nylon","1.3","1.33","NA","NA","11.2","29.17","37.8","34.6","41.0","70.1","30.4","","138.9","5.60","4.92","0.17","10.8","26.9","89.5","0.094","0.434","4.6"
"Ashaway Liberty 16","40","Medium","Nylon","1.3","1.33","NA","NA","11.2","29.33","40.2","29.2","29.8","59.1","21.5","","142.3","5.60","4.76","0.09","10.4","26.3","92.4","0.094","0.434","4.6"
"Ashaway Liberty 16","40","Slow","Nylon","1.3","1.33","NA","NA","11.2","29.28","44.9","21.0","15.7","44.8","11.8","","143.4","5.60","4.81","-0.13","10.4","25.9","97.0","0.094","0.434","4.6"
"Ashaway Liberty 16","51","Fast","Nylon","1.3","1.33","NA","NA","11.2","38.39","34.9","32.0","42.3","80.7","32.3","","167.4","7.19","5.14","0.24","12.6","24.8","92.0","0.094","0.434","4.6"
"Ashaway Liberty 16","51","Medium","Nylon","1.3","1.33","NA","NA","11.2","38.61","37.0","26.9","30.2","68.8","23.1","","169.7","7.19","4.92","0.09","12.1","24","95.5","0.094","0.434","4.6"
"Ashaway Liberty 16","51","Slow","Nylon","1.3","1.33","NA","NA","11.2","38.81","40.8","19.0","15.2","54.0","12.8","","170.9","7.19","4.72","0.00","11.9","23.5","98.2","0.094","0.434","4.6"
"Ashaway Liberty 16","62","Fast","Nylon","1.3","1.33","NA","NA","11.2","47.10","33.4","31.0","42.3","89.5","34.7","","179.5","9.24","5.40","0.27","15.0","24.1","94.7","0.094","0.434","4.6"
"Ashaway Liberty 16","62","Medium","Nylon","1.3","1.33","NA","NA","11.2","47.45","35.5","25.6","30.0","77.4","24.8","","185.7","9.24","5.05","0.13","14.3","23.4","95.3","0.094","0.434","4.6"
"Ashaway Liberty 16","62","Slow","Nylon","1.3","1.33","NA","NA","11.2","47.69","38.4","18.0","14.1","61.7","13.9","","176.6","9.24","4.81","0.00","14.1","22.8","96.6","0.094","0.434","4.6"
"Prince Lightning Pro 16 (1.30)","51","Fast","Nylon","1.3","1.33","NA","NA","11.2","42.95","34.5","32.0","36.2","79.2","31.7","16.7","143.4","3.51","4.26","0.15","7.9","15.6","92.2","0.082","0.455","5.5"
"Prince Lightning XX 16","62","Slow","Nylon","1.3","1.3","7.6","8.2","9.4","51.24","36.7","17.0","15.2","66.4","14.1","","213.7","6.81","3.69","-0.22","10.4","16.6","98.0","0.117","0.398","3.4"
"Prince Lightning XX 16","62","Medium","Nylon","1.3","1.3","7.6","8.2","9.4","51.11","34.0","24.0","29.5","80.5","24.2","","207.5","6.81","3.82","0.00","10.6","17.2","96.0","0.117","0.398","3.4"
"Prince Lightning XX 16","62","Fast","Nylon","1.3","1.3","7.6","8.2","9.4","50.89","32.2","29.0","42.1","93.1","33.7","","202.9","6.81","4.04","0.48","11.2","18.4","94.1","0.117","0.398","3.4"
"Prince Lightning XX 16","51","Slow","Nylon","1.3","1.3","7.6","8.2","9.4","41.61","39.4","18.1","15.7","57.3","13.0","","193.2","5.91","3.20","-0.06","9.0","17.8","96.0","0.117","0.398","3.4"
"Prince Lightning XX 16","51","Medium","Nylon","1.3","1.3","7.6","8.2","9.4","41.43","36.2","26.0","30.9","72.3","23.5","","185.2","5.91","3.38","0.02","9.3","18.3","95.6","0.117","0.398","3.4"
"Prince Lightning XX 16","51","Fast","Nylon","1.3","1.3","7.6","8.2","9.4","41.28","34.1","31.0","42.8","84.0","32.6","","180.6","5.91","3.53","0.36","9.7","19.3","92.7","0.117","0.398","3.4"
"Prince Lightning XX 16","40","Slow","Nylon","1.3","1.3","7.6","8.2","9.4","30.52","44.0","20.6","16.3","46.7","12.1","","156.0","5.62","3.55","-0.06","9.0","22.9","95.6","0.117","0.398","3.4"
"Prince Lightning XX 16","40","Medium","Nylon","1.3","1.3","7.6","8.2","9.4","30.45","39.6","28.2","31.8","62.2","21.9","","162.3","5.62","3.62","0.07","9.3","23.4","92.7","0.117","0.398","3.4"
"Prince Lightning XX 16","40","Fast","Nylon","1.3","1.3","7.6","8.2","9.4","30.32","37.2","34.0","42.6","72.8","30.9","","149.2","5.62","3.75","0.13","9.5","23.9","88.5","0.117","0.398","3.4"
"Prince Lightning XX 17","62","Slow","Nylon","1.25","1.26","7.0","7.9","8.8","52.13","36.6","17.0","13.7","65.9","14.0","","193.2","4.96","4.65","-0.06","9.5","15.5","98.8","0.11","0.387","3.5"
"Prince Lightning XX 17","62","Medium","Nylon","1.25","1.26","7.0","7.9","8.8","51.91","33.9","24.0","28.7","80.5","24.2","","202.3","4.96","4.87","0.00","9.9","15.9","95.5","0.11","0.387","3.5"
"Prince Lightning XX 17","62","Fast","Nylon","1.25","1.26","7.0","7.9","8.8","51.75","32.2","29.0","41.0","92.6","33.6","","197.7","4.96","5.03","0.40","10.4","16.8","94.7","0.11","0.387","3.5"
"Prince Lightning XX 17","51","Slow","Nylon","1.25","1.26","7.0","7.9","8.8","41.50","39.5","18.2","15.2","56.7","12.9","","186.3","5.78","3.44","-0.02","9.3","18.1","97.0","0.11","0.387","3.5"
"Prince Lightning XX 17","51","Medium","Nylon","1.25","1.26","7.0","7.9","8.8","41.26","36.3","26.0","29.5","70.8","23.0","","177.2","5.78","3.68","0.03","9.5","18.7","96.4","0.11","0.387","3.5"
"Prince Lightning XX 17","51","Fast","Nylon","1.25","1.26","7.0","7.9","8.8","41.12","34.3","31.0","42.1","83.1","32.3","","177.2","5.78","3.82","0.22","9.9","19.3","93.3","0.11","0.387","3.5"
"Prince Lightning XX 17","40","Slow","Nylon","1.25","1.26","7.0","7.9","8.8","31.62","43.4","20.1","16.1","47.6","12.0","","161.7","4.83","3.24","0.00","8.2","20.3","95.6","0.11","0.387","3.5"
"Prince Lightning XX 17","40","Medium","Nylon","1.25","1.26","7.0","7.9","8.8","31.47","39.3","28.0","30.9","62.4","21.8","","160.0","4.83","3.39","0.03","8.2","20.8","94.1","0.11","0.387","3.5"
"Prince Lightning XX 17","40","Fast","Nylon","1.25","1.26","7.0","7.9","8.8","31.38","36.9","33.9","42.8","74.3","31.5","","151.4","4.83","3.48","0.14","8.4","21.3","90.8","0.11","0.387","3.5"
"Gamma Live Wire 16","62","Slow","Nylon/Zyex","1.32","1.31","NA","NA","9.7","44.65","38.3","17.9","14.3","59.1","13.3","","182.3","9.02","8.07","-0.11","17.0","27.5","99.0","0.145","0.381","2.6"
"Gamma Live Wire 16","62","Medium","Nylon/Zyex","1.32","1.31","NA","NA","9.7","44.41","35.3","25.3","29.5","73.9","23.4","","186.9","9.02","8.31","0.02","17.4","28.1","96.6","0.145","0.381","2.6"
"Gamma Live Wire 16","62","Fast","Nylon/Zyex","1.32","1.31","NA","NA","9.7","44.23","33.5","30.5","40.8","84.9","32.4","","177.7","9.02","8.49","0.92","18.5","29.9","92.7","0.145","0.381","2.6"
"Gamma Live Wire 16","51","Slow","Nylon/Zyex","1.32","1.31","NA","NA","9.7","36.29","41.2","19.1","15.0","51.4","12.2","","167.4","8.09","6.34","-0.07","14.3","28.3","97.6","0.145","0.381","2.6"
"Gamma Live Wire 16","51","Medium","Nylon/Zyex","1.32","1.31","NA","NA","9.7","36.18","37.5","27.0","30.0","66.2","22.3","","166.3","8.09","6.45","0.04","14.6","28.7","95.5","0.145","0.381","2.6"
"Gamma Live Wire 16","51","Fast","Nylon/Zyex","1.32","1.31","NA","NA","9.7","36.03","35.4","32.2","40.6","76.5","30.8","","158.9","8.09","6.60","0.35","15.0","29.7","90.8","0.145","0.381","2.6"
"Gamma Live Wire 16","40","Slow","Nylon/Zyex","1.32","1.31","NA","NA","9.7","29.17","44.2","20.6","15.7","44.8","11.6","","149.7","6.50","4.02","-0.05","10.6","26.4","95.5","0.145","0.381","2.6"
"Gamma Live Wire 16","40","Medium","Nylon/Zyex","1.32","1.31","NA","NA","9.7","28.97","39.8","29.0","30.2","59.1","21.4","","145.7","6.50","4.22","0.06","10.8","27.2","94.7","0.145","0.381","2.6"
"Gamma Live Wire 16","40","Fast","Nylon/Zyex","1.32","1.31","NA","NA","9.7","28.84","37.4","34.0","40.8","69.7","29.6","","142.9","6.50","4.35","0.20","11.0","27.8","90.4","0.145","0.381","2.6"
"Gamma Live Wire 17 (1.27)","51","Fast","Nylon","1.27","1.31","NA","NA","10.3","41.76","35.0","32.2","37.5","79.4","31.9","15.8","147.4","3.33","5.63","0.24","9.3","18.1","93.5","0.111","0.428","3.9"
"Gamma Live Wire XP 16","62","Slow","Nylon/Zyex","1.32","1.30","NA","7.9","9.1","48.64","37.7","17.6","13.7","62.4","13.7","","180.0","7.17","5.93","0.00","13.0","21.2","97.4","0.15","0.384","2.6"
"Gamma Live Wire XP 16","62","Medium","Nylon/Zyex","1.32","1.30","NA","7.9","9.1","48.36","34.8","25.0","28.4","77.0","24.0","","185.2","7.17","6.21","0.05","13.5","21.8","98.0","0.15","0.384","2.6"
"Gamma Live Wire XP 16","62","Fast","Nylon/Zyex","1.32","1.30","NA","7.9","9.1","48.18","33.0","30.0","39.5","87.5","32.9","","178.3","7.17","6.39","0.24","13.9","22.4","93.1","0.15","0.384","2.6"
"Gamma Live Wire XP 16","51","Slow","Nylon/Zyex","1.32","1.30","NA","7.9","9.1","38.68","41.0","19.0","14.8","53.4","12.7","","166.3","6.62","5.42","-0.02","12.1","23.7","95.1","0.15","0.384","2.6"
"Gamma Live Wire XP 16","51","Medium","Nylon/Zyex","1.32","1.30","NA","7.9","9.1","38.57","37.3","27.0","29.1","67.7","22.9","","162.3","6.62","5.53","0.07","12.1","24.1","94.3","0.15","0.384","2.6"
"Gamma Live Wire XP 16","51","Fast","Nylon/Zyex","1.32","1.30","NA","7.9","9.1","38.41","35.2","32.0","39.5","77.8","31.2","","156.6","6.62","5.69","0.22","12.6","24.7","93.9","0.15","0.384","2.6"
"Gamma Live Wire XP 16","40","Slow","Nylon/Zyex","1.32","1.30","NA","7.9","9.1","29.37","44.8","21.0","15.7","45.2","11.8","","145.2","5.56","4.76","-0.04","10.4","25.9","96.2","0.15","0.384","2.6"
"Gamma Live Wire XP 16","40","Medium","Nylon/Zyex","1.32","1.30","NA","7.9","9.1","29.39","40.3","29.2","29.8","59.1","21.6","","141.7","5.56","4.74","0.06","10.4","26.1","93.5","0.15","0.384","2.6"
"Gamma Live Wire XP 16","40","Fast","Nylon/Zyex","1.32","1.30","NA","7.9","9.1","29.28","37.9","34.8","40.1","69.2","30.2","","134.3","5.56","4.85","0.15","10.6","26.6","89.3","0.15","0.384","2.6"
"Gamma Live Wire XP 17 (1.27)","51","Fast","Nylon","1.27","1.33","NA","7.9","9.7","41.41","35.0","32.2","38.4","79.8","32.2","16.0","150.3","3.75","5.56","0.20","9.5","18.7","92.9","0.111","0.445","4"
"Kirschbaum Long Life 15","62","Slow","Polyester","1.38","1.44","1.2","2.1","3.3","32.94","39.0","18.4","28.2","61.3","14.1","","340.6","13.36","15.44","-0.25","28.4","46.2","94.3","0.094","0.43","4.6"
"Kirschbaum Long Life 15","62","Medium","Polyester","1.38","1.44","1.2","2.1","3.3","33.43","35.0","25.5","47.2","80.5","25.7","","294.9","13.36","14.95","0.29","28.7","46.3","90.8","0.094","0.43","4.6"
"Kirschbaum Long Life 15","62","Fast","Polyester","1.38","1.44","1.2","2.1","3.3","33.41","33.1","30.0","58.7","92.2","34.5","","265.2","13.36","14.97","0.58","28.9","46.8","87.4","0.094","0.43","4.6"
"Kirschbaum Long Life 15","51","Slow","Polyester","1.38","1.44","1.2","2.1","3.3","22.71","42.3","20.1","31.1","53.8","13.5","","312.6","10.30","17.71","-0.07","28.0","55.1","93.7","0.094","0.43","4.6"
"Kirschbaum Long Life 15","51","Medium","Polyester","1.38","1.44","1.2","2.1","3.3","23.15","37.7","27.3","47.6","70.8","24.1","","259.5","10.30","17.27","0.39","28.0","55.1","88.7","0.094","0.43","4.6"
"Kirschbaum Long Life 15","51","Fast","Polyester","1.38","1.44","1.2","2.1","3.3","23.15","35.6","32.0","58.2","81.4","32.6","","231.5","10.30","17.27","0.55","28.2","55.4","80.3","0.094","0.43","4.6"
"Kirschbaum Long Life 15","40","Slow","Polyester","1.38","1.44","1.2","2.1","3.3","14.73","45.4","22.0","32.9","47.6","13.1","","276.0","6.17","18.79","-0.04","24.9","62.8","92.5","0.094","0.43","4.6"
"Kirschbaum Long Life 15","40","Medium","Polyester","1.38","1.44","1.2","2.1","3.3","15.15","40.1","29.0","49.6","64.8","23.5","","239.5","6.17","18.37","0.44","24.9","62.9","83.5","0.094","0.43","4.6"
"Kirschbaum Long Life 15","40","Fast","Polyester","1.38","1.44","1.2","2.1","3.3","15.17","37.8","34.0","59.5","74.7","31.8","","209.7","6.17","18.35","0.51","24.9","63.1","77.1","0.094","0.43","4.6"
"Gosen Lumina Spin 16L (1.26)","51","Fast","Polyester","1.26","1.35","1.2","3.3","3.6","25.71","36.6","33.9","50.5","76.1","32.3","14.6","178.3","8.16","16.85","0.35","25.4","50","85.9","0.074","0.491","6.6"
"Luxilon LXN Smart 16 (1.30)","51","Fast","Polyester","1.3","1.30","1.4","2.4","5.5","27.85","35.3","32.6","54.5","82.2","33.5","15.3","208.6","7.56","15.31","0.40","23.4","45.9","85.7","NA","NA","NA"
"Luxilon LXN Smart 16L (1.25)","40","Slow","Polyester","1.25","1.26","2.1","4.5","3.3","12.79","49.7","24.2","27.8","40.6","12.3","5.7","193.7","7.50","19.40","0.00","26.9","67.8","88.2","0.079","0.54","6.8"
"Luxilon LXN Smart 16L (1.25)","40","Medium","Polyester","1.25","NA","2.1","4.5","3.3","13.19","43.9","32.0","40.6","53.8","21.5","9.8","160.6","7.50","19.00","0.40","26.9","67.8","82.6","0.079","0.54","6.8"
"Luxilon LXN Smart 16L (1.25)","40","Fast","Polyester","1.25","NA","2.1","4.5","3.3","12.99","41.2","37.7","51.2","64.2","30.3","12.6","146.3","7.50","19.20","0.60","27.3","68.8","76.2","0.079","0.54","6.8"
"Luxilon LXN Smart 16L (1.25)","51","Slow","Polyester","1.25","NA","2.1","4.5","3.3","29.19","42.5","20.1","23.6","52.9","13.3","6.8","237.2","7.32","14.21","-0.07","21.4","42.3","96.6","0.079","0.54","6.8"
"Luxilon LXN Smart 16L (1.25)","51","Medium","Polyester","1.25","","2.1","4.5","3.3","29.50","37.5","27.9","41.0","70.6","24.7","11.7","214.3","7.32","13.90","0.31","21.6","42.4","90.4","0.079","0.54","6.8"
"Luxilon LXN Smart 16L (1.25)","51","Fast","Polyester","1.25","","2.1","4.5","3.3","29.44","35.2","32.4","52.0","81.4","33.0","15.5","201.2","7.32","13.96","0.40","21.6","42.7","86.5","0.079","0.54","6.8"
"Head Lynx 16 (1.30)","40","Slow","Polyester","1.3","NA","2.4","4.2","5.8","14.97","49.2","24.0","27.6","42.6","12.8","5.9","194.3","6.73","17.99","0.09","24.7","62.5","91.2","0.075","0.525","7"
"Head Lynx 16 (1.30)","40","Medium","Polyester","1.3","NA","2.4","4.2","5.8","15.48","43.3","31.9","40.1","55.6","22.1","9.6","160.6","6.73","17.48","0.49","24.7","62.2","81.4","0.075","0.525","7"
"Head Lynx 16 (1.30)","40","Fast","Polyester","1.3","NA","2.4","4.2","5.8","15.52","40.8","36.5","49.0","64.4","29.4","12.8","149.7","6.73","17.44","0.79","24.9","62.9","76.4","0.075","0.525","7"
"Head Lynx 16 (1.30)","51","Slow","Polyester","1.3","NA","2.4","4.2","5.8","27.50","43.2","20.8","25.4","52.9","13.7","6.7","238.9","7.17","16.05","-0.33","22.9","45.1","94.7","0.075","0.525","7"
"Head Lynx 16 (1.30)","51","Medium","Polyester","1.3","NA","2.4","4.2","5.8","28.25","38.1","28.0","40.6","68.8","24.1","11.4","210.9","7.17","15.30","0.38","22.9","45","90.2","0.075","0.525","7"
"Head Lynx 16 (1.30)","51","Fast","Polyester","1.3","NA","2.4","4.2","5.8","28.33","36.0","33.0","49.8","78.3","32.2","14.8","185.7","7.17","15.22","0.72","23.2","45.6","85.0","0.075","0.525","7"
"Head Lynx 16 (1.30)","62","Slow","Polyester","1.3","NA","2.4","4.2","5.8","37.84","39.8","19.1","23.2","61.1","14.6","7.3","258.3","7.25","16.65","-0.31","23.6","38.2","98.8","0.075","0.525","7"
"Head Lynx 16 (1.30)","62","Medium","Polyester","1.3","NA","2.4","4.2","5.8","38.46","35.4","26.0","39.9","78.3","25.4","12.5","239.5","7.25","16.03","0.20","23.4","38","93.3","0.075","0.525","7"
"Head Lynx 16 (1.30)","62","Fast","Polyester","1.3","NA","2.4","4.2","5.8","38.50","33.4","31.0","50.5","89.1","34.5","16.2","213.7","7.25","15.99","0.68","24.0","38.8","88.4","0.075","0.525","7"
"Head Lynx 17 (1.25)","51","Fast","Polyester","1.25","NA","1.5","4.2","5.8","27.12","36.2","33.7","50.1","77.2","32.5","14.7","179.5","6.35","17.25","0.22","23.8","47","84.6","0.079","0.453","5.7"
"Head Lynx 18 (1.20)","51","Fast","Polyester","1.2","1.30","7.3","8.8","7.0","27.78","36.4","33.8","49.2","77.0","32.6","14.9","174.9","5.60","17.34","0.17","23.2","45.6","85.2","0.074","0.469","6.3"
"Head Lynx Touch 16g (1.30)","51","Fast","Polyester","1.3","1.32","8.2","9.4","9.7","35.02","33.8","31.0","52.5","87.5","34.0","16.1","221.7","4.76","10.94","0.16","15.9","31.3","87.4","0.083","0.511","6.2"
"Head Lynx Tour 16 (1.30)","51","Fast","Polyester","1.3","1.30","1.8","8.8","6.1","35.28","33.4","30.9","53.8","89.1","34.4","16.8","228.6","4.41","11.03","0.02","15.4","30.5","87.6","0.085","0.519","6.1"
"Head Lynx Tour 17 (1.25)","51","Fast","Polyester","1.25","1.2 x","9.1","9.4","10.3","38.46","33.3","30.9","51.2","89.5","34.6","16.5","217.7","3.35","8.91","0.20","12.3","24.6","89.7","0.079","0.564","7.1"
"Dunlop M-Fil Tour 16","51","Slow","Nylon","1.3","1.34","8.8","9.1","10.0","39.47","40.8","19.0","14.6","54.0","12.8","","163.4","6.90","4.35","0.00","11.2","22.2","98.4","0.1","0.425","4.3"
"Dunlop M-Fil Tour 16","51","Medium","Nylon","1.3","1.34","8.8","9.1","10.0","39.27","37.1","26.9","29.5","68.8","23.2","","165.7","6.90","4.55","0.07","11.5","22.7","95.5","0.1","0.425","4.3"
"Dunlop M-Fil Tour 16","51","Fast","Nylon","1.3","1.34","8.8","9.1","10.0","39.07","35.0","32.0","40.1","79.4","31.7","","159.4","6.90","4.75","0.20","11.9","23.3","88.9","0.1","0.425","4.3"
"Dunlop M-Fil Tour 16","40","Slow","Nylon","1.3","1.34","8.8","9.1","10.0","30.21","44.7","20.3","15.2","45.4","11.5","","149.2","5.78","3.70","-0.04","9.5","23.8","97.0","0.1","0.425","4.3"
"Dunlop M-Fil Tour 16","40","Medium","Nylon","1.3","1.34","8.8","9.1","10.0","30.16","40.1","29.1","29.8","60.0","21.8","","143.4","5.78","3.75","0.06","9.7","24.2","95.5","0.1","0.425","4.3"
"Dunlop M-Fil Tour 16","40","Fast","Nylon","1.3","1.34","8.8","9.1","10.0","30.03","37.7","34.1","40.4","70.3","30.0","","141.2","5.78","3.88","0.17","9.9","24.8","88.9","0.1","0.425","4.3"
"Dunlop M-Fil Tour 16","62","Fast","Nylon","1.3","1.34","8.8","9.1","10.0","49.11","32.6","30.0","40.4","89.5","33.5","","182.9","8.03","4.60","0.16","12.8","20.7","93.9","0.1","0.425","4.3"
"Dunlop M-Fil Tour 16","62","Medium","Nylon","1.3","1.34","8.8","9.1","10.0","49.57","34.4","24.7","28.7","78.3","24.1","","191.5","8.03","4.14","0.22","12.3","20.1","97.2","0.1","0.425","4.3"
"Dunlop M-Fil Tour 16","62","Slow","Nylon","1.3","1.34","8.8","9.1","10.0","49.83","37.3","17.1","13.5","63.5","13.5","","188.6","8.03","3.88","0.00","11.9","19.3","97.2","0.1","0.425","4.3"
"Luxilon M2 Plus 130/16","62","Slow","Polyester","1.3","1.32","1.7","2.9","3.9","35.06","39.5","18.9","24.9","60.0","14.2","","282.3","11.14","15.54","-0.48","26.2","42.4","95.8","NA","NA","NA"
"Luxilon M2 Plus 130/16","62","Medium","Polyester","1.3","1.32","1.7","2.9","3.9","35.83","35.1","25.9","43.7","79.6","25.8","","264.0","11.14","14.77","0.22","26.2","42.3","91.8","NA","NA","NA"
"Luxilon M2 Plus 130/16","62","Fast","Polyester","1.3","1.32","1.7","2.9","3.9","35.81","33.2","30.1","55.3","91.1","34.2","","248.0","11.14","14.79","0.42","26.5","42.7","86.7","NA","NA","NA"
"Luxilon M2 Plus 130/16","51","Slow","Polyester","1.3","1.32","1.7","2.9","3.9","24.26","43.2","20.2","27.1","51.4","12.9","","269.2","9.15","17.31","-0.33","26.2","51.5","92.4","NA","NA","NA"
"Luxilon M2 Plus 130/16","51","Medium","Polyester","1.3","1.32","1.7","2.9","3.9","24.98","38.4","28.0","43.9","68.8","24.1","","226.9","9.15","16.59","0.31","26.0","51.3","88.4","NA","NA","NA"
"Luxilon M2 Plus 130/16","51","Fast","Polyester","1.3","1.32","1.7","2.9","3.9","24.96","36.3","33.0","54.2","79.4","32.7","","202.9","9.15","16.61","0.59","26.2","52","82.6","NA","NA","NA"
"Luxilon M2 Plus 130/16","40","Slow","Polyester","1.3","1.32","1.7","2.9","3.9","16.89","46.7","22.1","27.6","44.5","12.3","","230.3","5.84","16.96","-0.20","22.5","56.9","93.1","NA","NA","NA"
"Luxilon M2 Plus 130/16","40","Medium","Polyester","1.3","1.32","1.7","2.9","3.9","17.55","41.2","30.0","43.7","61.3","23.0","","197.2","5.84","16.30","0.35","22.5","56.7","84.3","NA","NA","NA"
"Luxilon M2 Plus 130/16","40","Fast","Polyester","1.3","1.32","1.7","2.9","3.9","17.64","38.8","34.9","53.4","71.0","31.0","","177.2","5.84","16.21","0.55","22.5","56.9","78.3","NA","NA","NA"
"Luxilon M2 Pro 125/16","62","Slow","Polyester","1.25","1.33","2.0","3.6","5.2","35.83","39.6","18.5","23.2","59.1","13.7","","276.6","11.29","14.62","-0.35","25.6","41.4","96.6","0.098","0.348","3.6"
"Luxilon M2 Pro 125/16","62","Medium","Polyester","1.25","1.33","2.0","3.6","5.2","36.43","35.5","26.0","40.8","77.2","25.1","","244.6","11.29","14.02","0.16","25.4","41.2","93.1","0.098","0.348","3.6"
"Luxilon M2 Pro 125/16","62","Fast","Polyester","1.25","1.33","2.0","3.6","5.2","36.43","33.6","30.9","52.5","88.9","34.4","","224.0","11.29","14.02","0.55","25.8","41.9","89.1","0.098","0.348","3.6"
"Luxilon M2 Pro 125/16","51","Slow","Polyester","1.25","1.33","2.0","3.6","5.2","23.59","44.3","21.0","25.6","49.2","12.9","","234.9","9.70","17.43","-0.22","26.9","53","94.9","0.098","0.348","3.6"
"Luxilon M2 Pro 125/16","51","Medium","Polyester","1.25","1.33","2.0","3.6","5.2","24.14","39.3","28.3","41.5","65.5","23.2","","210.3","9.70","16.88","0.11","26.7","52.6","88.0","0.098","0.348","3.6"
"Luxilon M2 Pro 125/16","51","Fast","Polyester","1.25","1.33","2.0","3.6","5.2","24.21","36.9","33.9","51.4","75.4","32.0","","181.7","9.70","16.81","0.40","26.9","53","83.2","0.098","0.348","3.6"
"Luxilon M2 Pro 125/16","40","Slow","Polyester","1.25","1.33","2.0","3.6","5.2","14.77","48.9","23.9","26.5","41.2","12.4","","189.2","6.79","18.13","-0.16","24.7","62.4","89.5","0.098","0.348","3.6"
"Luxilon M2 Pro 125/16","40","Medium","Polyester","1.25","1.33","2.0","3.6","5.2","15.32","43.1","31.8","40.4","55.6","22.1","","161.2","6.79","17.58","0.41","24.7","62.4","83.5","0.098","0.348","3.6"
"Luxilon M2 Pro 125/16","40","Fast","Polyester","1.25","1.33","2.0","3.6","5.2","15.21","40.6","36.3","50.1","65.3","29.6","","154.9","6.79","17.69","0.33","24.7","62.5","77.8","0.098","0.348","3.6"
"Babolat M7 16 (1.30)","51","Fast","Nylon","1.3","1.30","2.0","3.6","4.2","41.48","34.6","32.2","41.0","82.5","33.2","16.3","160.6","4.41","4.83","0.27","9.5","18.7","93.1","0.1","0.472","4.7"
"Solinco Mach 10 16 (1.30)","51","Fast","Polyester","1.3","1.32","NA","NA","13.0","37.71","33.6","29.0","46.1","83.8","30.3","15.7","222.3","4.41","8.60","0.36","13.5","26.3","87.0","0.081","0.486","6"
"Gamma Marathon DPC 15 (1.40)","51","Fast","Nylon","1.4","1.19","1.8","3.0","4.5","43.37","33.3","31.1","42.8","86.0","33.4","16.6","180.0","4.52","2.83","0.15","7.5","14.8","93.3","0.079","0.448","5.7"
"Gamma Marathon DPC 16 (1.32)","51","Fast","Nylon","1.32","1.32","6.4","7.3","8.5","44.23","33.4","31.2","41.0","85.1","33.2","16.6","170.9","3.29","3.20","0.15","6.6","13.1","93.9","0.086","0.448","5.2"
"Weiss Cannon MatchPower 1.25","62","Slow","Polyester","1.25","1.26","1.5","2.1","2.7","39.71","38.3","18.0","24.0","63.7","14.3","","300.6","8.82","13.21","-0.38","21.6","35.1","98.2","0.108","0.389","3.6"
"Weiss Cannon MatchPower 1.25","62","Medium","Polyester","1.25","1.26","1.5","2.1","2.7","40.35","34.4","25.0","41.9","82.2","25.7","","272.6","8.82","12.57","0.15","21.6","34.9","92.4","0.108","0.389","3.6"
"Weiss Cannon MatchPower 1.25","62","Fast","Polyester","1.25","1.26","1.5","2.1","2.7","40.35","32.6","29.9","53.4","93.7","35.1","","242.3","8.82","12.57","0.57","22.1","35.6","86.9","0.108","0.389","3.6"
"Weiss Cannon MatchPower 1.25","51","Slow","Polyester","1.25","1.26","1.5","2.1","2.7","31.11","40.9","19.3","25.6","56.7","13.7","","278.3","7.17","12.44","-0.42","19.2","37.8","94.3","0.108","0.389","3.6"
"Weiss Cannon MatchPower 1.25","51","Medium","Polyester","1.25","1.26","1.5","2.1","2.7","31.69","36.4","26.3","43.2","75.0","24.6","","255.5","7.17","11.86","0.18","19.2","37.9","90.6","0.108","0.389","3.6"
"Weiss Cannon MatchPower 1.25","51","Fast","Polyester","1.25","1.26","1.5","2.1","2.7","31.69","34.5","31.7","54.0","85.8","34.0","","218.3","7.17","11.86","0.47","19.4","38.4","86.7","0.108","0.389","3.6"
"Weiss Cannon MatchPower 1.25","40","Slow","Polyester","1.25","1.26","1.5","2.1","2.7","22.12","43.8","21.0","28.4","50.5","13.3","","261.2","4.72","12.85","-0.26","17.4","43.6","93.9","0.108","0.389","3.6"
"Weiss Cannon MatchPower 1.25","40","Medium","Polyester","1.25","1.26","1.5","2.1","2.7","22.65","38.8","28.1","45.6","68.4","23.9","","235.5","4.72","12.32","0.31","17.4","43.7","86.9","0.108","0.389","3.6"
"Weiss Cannon MatchPower 1.25","40","Fast","Polyester","1.25","1.26","1.5","2.1","2.7","22.67","36.5","33.1","56.4","78.9","32.7","","209.2","4.72","12.30","0.42","17.4","43.9","83.2","0.108","0.389","3.6"
"Kirschbaum Max Power 16 (1.30)","51","Fast","Polyester","1.3","NA","1.5","2.1","5.5","40.35","32.7","30.2","52.3","92.6","35.0","16.6","233.2","2.93","7.44","0.24","10.6","20.9","90.4","0.078","0.46","5.9"
"Kirschbaum Max Power 17 (1.25)","40","Slow","Polyester","1.25","NA","1.5","2.4","3.0","23.33","44.0","21.8","28.7","52.0","14.1","6.6","245.7","5.34","11.02","-0.15","16.3","40.8","95.6","0.089","0.485","5.4"
"Kirschbaum Max Power 17 (1.25)","40","Medium","Polyester","1.25","NA","1.5","2.4","3.0","23.55","38.3","28.3","46.3","69.9","24.7","11.3","234.9","5.34","10.80","0.24","16.3","41.3","88.9","0.089","0.485","5.4"
"Kirschbaum Max Power 17 (1.25)","40","Fast","Polyester","1.25","NA","1.5","2.4","3.0","23.35","35.6","33.7","58.7","82.0","34.5","15.1","210.3","5.34","11.00","0.37","16.8","42.1","85.0","0.089","0.485","5.4"
"Kirschbaum Max Power 17 (1.25)","51","Slow","Polyester","1.25","NA","1.5","2.4","3.0","39.18","39.1","18.6","23.8","62.8","14.6","7.4","279.5","3.57","7.97","-0.16","11.5","22.4","96.8","0.089","0.485","5.4"
"Kirschbaum Max Power 17 (1.25)","51","Medium","Polyester","1.25","NA","1.5","2.4","3.0","39.47","34.8","26.0","41.7","81.1","26.3","12.8","250.9","3.57","7.68","0.15","11.5","22.5","93.5","0.089","0.485","5.4"
"Kirschbaum Max Power 17 (1.25)","51","Fast","Polyester","1.25","NA","1.5","2.4","3.0","39.16","32.7","30.1","53.8","93.1","35.1","16.6","240.6","3.57","7.99","0.35","11.9","23.5","90.1","0.089","0.485","5.4"
"Kirschbaum Max Power 17 (1.25)","62","Slow","Polyester","1.25","NA","1.5","2.4","3.0","49.83","36.5","17.8","20.9","70.8","15.8","7.9","269.2","3.13","8.78","-0.33","11.5","18.8","95.6","0.089","0.485","5.4"
"Kirschbaum Max Power 17 (1.25)","62","Medium","Polyester","1.25","NA","1.5","2.4","3.0","50.25","32.9","24.0","38.6","88.9","26.7","13.7","271.5","3.13","8.36","0.09","11.5","18.8","95.3","0.089","0.485","5.4"
"Kirschbaum Max Power 17 (1.25)","62","Fast","Polyester","1.25","NA","1.5","2.4","3.0","50.21","31.1","28.8","50.7","101.0","36.3","17.4","249.2","3.13","8.40","0.49","12.1","19.5","92.2","0.089","0.485","5.4"
"Kirschbaum Max Power 18 (1.20)","51","Fast","Polyester","1.2","NA","2.4","4.8","3.0","39.91","32.9","30.6","52.0","91.9","35.1","16.5","226.3","2.87","7.94","0.26","11.0","21.8","89.1","0.08","0.491","6.1"
"Kirschbaum Max Power Rough 16 (1.30)","51","Fast","Polyester","1.3","1.30","2.0","3.6","4.2","36.60","33.1","31.0","54.7","91.3","35.3","17.0","230.9","4.41","9.71","0.22","14.3","28.3","87.8","0.078","0.468","6"
"Kirschbaum Max Power Rough 17 (1.25)","51","Fast","Polyester","1.25","1.23","1.5","2.7","3.9","37.62","33.2","31.0","52.9","90.4","35.1","16.8","223.5","4.08","9.02","0.29","13.5","26.4","89.7","0.088","0.496","5.6"
"Kirschbaum Max Power Rough 18 (1.20)","51","Fast","Polyester","1.2","1.26","2.7","4.2","3.6","36.82","33.9","32.0","49.2","86.0","34.3","15.6","195.5","3.59","10.31","0.22","14.1","27.8","89.9","0.074","0.501","6.8"
"Yonex Mono Preme 16 (1.30)","51","Fast","Nylon","1.3","1.33","1.8","3.0","5.2","43.88","33.8","31.7","41.2","85.1","33.7","16.7","166.3","3.86","2.98","0.20","7.1","13.9","92.9","0.084","0.42","5"
"Gamma Monoblast 16","62","Slow","Polyester","1.27","1.27","1.5","2.4","3.0","38.92","37.8","18.0","24.0","62.8","14.1","","300.0","9.31","13.51","-0.22","22.5","36.6","97.2","0.102","0.392","3.8"
"Gamma Monoblast 16","62","Medium","Polyester","1.27","1.27","1.5","2.4","3.0","39.45","34.2","24.2","41.5","80.9","24.5","","288.0","9.31","12.98","0.22","22.5","36.5","93.7","0.102","0.392","3.8"
"Gamma Monoblast 16","62","Fast","Polyester","1.27","1.27","1.5","2.4","3.0","39.45","32.4","29.4","53.8","93.3","34.3","","252.6","9.31","12.98","0.60","22.9","37.1","88.0","0.102","0.392","3.8"
"Gamma Monoblast 16","51","Slow","Polyester","1.27","1.27","1.5","2.4","3.0","29.44","40.5","19.7","26.5","56.0","13.8","","276.0","7.54","13.74","-0.11","21.2","41.7","95.1","0.102","0.392","3.8"
"Gamma Monoblast 16","51","Medium","Polyester","1.27","1.27","1.5","2.4","3.0","29.79","36.6","26.0","42.8","72.5","23.6","","256.0","7.54","13.39","0.24","21.2","41.7","92.2","0.102","0.392","3.8"
"Gamma Monoblast 16","51","Fast","Polyester","1.27","1.27","1.5","2.4","3.0","29.77","34.6","31.3","53.1","82.9","32.4","","220.6","7.54","13.41","0.62","21.6","42.5","86.9","0.102","0.392","3.8"
"Gamma Monoblast 16","40","Slow","Polyester","1.27","1.27","1.5","2.4","3.0","19.80","44.1","21.7","30.0","49.6","13.5","","258.9","5.78","14.11","-0.04","19.8","50","92.4","0.102","0.392","3.8"
"Gamma Monoblast 16","40","Medium","Polyester","1.27","1.27","1.5","2.4","3.0","20.18","39.2","28.1","45.0","65.0","22.9","","232.0","5.78","13.73","0.07","19.6","49.3","88.0","0.102","0.392","3.8"
"Gamma Monoblast 16","40","Fast","Polyester","1.27","1.27","1.5","2.4","3.0","20.24","37.0","33.4","55.3","75.6","31.6","","201.2","5.78","13.67","0.62","20.1","50.6","82.3","0.102","0.392","3.8"
"Ashaway MonoGut 16L","62","Slow","Polyester","1.27","1.28","1.8","3.0","4.2","35.30","38.8","18.1","24.5","59.8","13.5","","304.6","10.19","16.25","-0.33","26.0","42.3","96.0","0.106","0.366","3.5"
"Ashaway MonoGut 16L","62","Medium","Polyester","1.27","1.28","1.8","3.0","4.2","35.83","35.3","25.4","41.0","76.7","24.3","","259.5","10.19","15.72","0.13","26.0","42.2","92.0","0.106","0.366","3.5"
"Ashaway MonoGut 16L","62","Fast","Polyester","1.27","1.28","1.8","3.0","4.2","35.81","33.5","30.0","50.7","86.7","32.5","","229.2","10.19","15.74","0.71","26.7","43.1","88.4","0.106","0.366","3.5"
"Ashaway MonoGut 16L","51","Slow","Polyester","1.27","1.28","1.8","3.0","4.2","26.64","41.7","20.0","26.2","52.9","13.2","","266.9","8.16","15.92","-0.50","23.6","46.5","95.3","0.106","0.366","3.5"
"Ashaway MonoGut 16L","51","Medium","Polyester","1.27","1.28","1.8","3.0","4.2","27.45","37.6","27.0","41.0","68.4","23.2","","228.0","8.16","15.11","0.28","23.6","46.4","89.7","0.106","0.366","3.5"
"Ashaway MonoGut 16L","51","Fast","Polyester","1.27","1.28","1.8","3.0","4.2","27.45","35.8","32.0","51.2","78.5","31.4","","202.9","8.16","15.11","0.55","23.8","47","85.0","0.106","0.366","3.5"
"Ashaway MonoGut 16L","40","Slow","Polyester","1.27","1.28","1.8","3.0","4.2","18.54","44.9","22.0","27.8","46.3","12.7","","233.7","5.80","15.35","-0.14","20.9","52.9","90.1","0.106","0.366","3.5"
"Ashaway MonoGut 16L","40","Medium","Polyester","1.27","1.28","1.8","3.0","4.2","19.03","40.3","29.1","41.9","60.9","22.1","","201.7","5.80","14.86","0.49","21.2","53.3","87.2","0.106","0.366","3.5"
"Ashaway MonoGut 16L","40","Fast","Polyester","1.27","1.28","1.8","3.0","4.2","18.96","38.2","34.0","51.6","70.6","29.9","","181.2","5.80","14.93","0.50","21.2","53.5","84.5","0.106","0.366","3.5"
"Ashaway MonoGut 17","62","Slow","Polyester","1.22","1.22","1.8","3.3","4.5","34.13","40.1","19.2","24.3","58.4","14.0","","266.3","10.78","16.83","-0.11","27.6","44.5","96.2","0.097","0.378","3.9"
"Ashaway MonoGut 17","62","Medium","Polyester","1.22","1.22","1.8","3.3","4.5","34.42","36.2","26.0","40.6","75.0","24.4","","244.6","10.78","16.54","0.26","27.6","44.7","92.2","0.097","0.378","3.9"
"Ashaway MonoGut 17","62","Fast","Polyester","1.22","1.22","1.8","3.3","4.5","34.40","34.3","31.0","51.4","85.8","33.2","","217.2","10.78","16.56","0.42","27.8","45","88.4","0.097","0.378","3.9"
"Ashaway MonoGut 17","51","Slow","Polyester","1.22","1.22","1.8","3.3","4.5","25.05","43.4","20.6","25.6","50.5","13.0","","244.0","8.56","17.11","-0.20","25.6","50.2","92.9","0.097","0.378","3.9"
"Ashaway MonoGut 17","51","Medium","Polyester","1.22","1.22","1.8","3.3","4.5","25.78","38.8","28.0","41.0","66.8","23.4","","212.0","8.56","16.38","0.27","25.1","49.7","88.9","0.097","0.378","3.9"
"Ashaway MonoGut 17","51","Fast","Polyester","1.22","1.22","1.8","3.3","4.5","25.69","36.9","33.0","50.5","76.3","31.5","","188.6","8.56","16.47","0.77","25.8","50.9","83.5","0.097","0.378","3.9"
"Ashaway MonoGut 17","40","Slow","Polyester","1.22","1.22","1.8","3.3","4.5","17.27","46.8","22.4","27.3","44.5","12.5","","220.6","6.42","16.00","-0.02","22.5","56.4","92.7","0.097","0.378","3.9"
"Ashaway MonoGut 17","40","Medium","Polyester","1.22","1.22","1.8","3.3","4.5","17.57","41.9","30.0","41.0","58.7","22.0","","185.7","6.42","15.70","0.42","22.5","56.8","85.0","0.097","0.378","3.9"
"Ashaway MonoGut 17","40","Fast","Polyester","1.22","1.22","1.8","3.3","4.5","17.53","39.7","35.2","50.3","67.9","29.8","","165.7","6.42","15.74","0.73","22.9","57.7","78.9","0.097","0.378","3.9"
"Ashaway MonoGut ZX 16","40","Slow","Nylon/Zyex","1.27","NA","7.9","13.0","17.9","14.29","52.2","25.4","19.8","34.2","10.9","","125.2","7.65","17.75","0.00","25.4","64","93.7","0.088","0.391","4.4"
"Ashaway MonoGut ZX 16","40","Medium","Nylon/Zyex","1.27","NA","7.9","13.0","17.9","14.35","47.3","34.0","28.0","42.3","18.0","","98.3","7.65","17.69","0.28","25.6","64.6","84.3","0.088","0.391","4.4"
"Ashaway MonoGut ZX 16","40","Fast","Nylon/Zyex","1.27","NA","7.9","13.0","17.9","14.49","45.4","40.0","33.5","48.1","24.1","","85.2","7.65","17.55","0.75","26.0","65.4","79.0","0.088","0.391","4.4"
"Ashaway MonoGut ZX 16","51","Slow","Nylon/Zyex","1.27","NA","7.9","13.0","17.9","26.95","45.2","21.5","15.2","42.1","11.3","","133.2","8.38","15.39","-0.26","23.6","46.3","97.8","0.088","0.391","4.4"
"Ashaway MonoGut ZX 16","51","Medium","Nylon/Zyex","1.27","NA","7.9","13.0","17.9","27.36","41.4","29.8","24.9","52.3","19.5","","114.3","8.38","14.98","0.50","23.8","47","93.1","0.088","0.391","4.4"
"Ashaway MonoGut ZX 16","51","Fast","Nylon/Zyex","1.27","NA","7.9","13.0","17.9","27.14","39.4","35.2","32.2","59.3","26.1","","105.7","8.38","15.20","0.57","24.0","47.6","88.5","0.088","0.391","4.4"
"Ashaway MonoGut ZX 16","62","Slow","Nylon/Zyex","1.27","NA","7.9","13.0","17.9","38.26","40.7","19.0","12.3","50.5","12.0","","137.7","10.76","12.72","-0.66","22.9","37","99.2","0.088","0.391","4.4"
"Ashaway MonoGut ZX 16","62","Medium","Nylon/Zyex","1.27","NA","7.9","13.0","17.9","39.16","37.6","26.6","22.5","61.7","20.5","","129.2","10.76","11.82","0.22","22.7","36.9","95.5","0.088","0.391","4.4"
"Ashaway MonoGut ZX 16","62","Fast","Nylon/Zyex","1.27","NA","7.9","13.0","17.9","39.07","36.0","32.1","29.8","69.0","27.6","","118.3","10.76","11.91","0.77","23.4","38","91.6","0.088","0.391","4.4"
"Luxilon Monotec Super Poly 1.25/16L","62","Slow","Polyester","1.25","1.26","1.5","2.4","3.2","37.44","38.3","18.0","25.1","62.6","14.1","","314.9","10.87","13.43","-0.31","24.0","38.9","93.9","0.116","0.377","3.3"
"Luxilon Monotec Super Poly 1.25/16L","62","Medium","Polyester","1.25","1.26","1.5","2.4","3.2","37.97","34.4","25.0","43.7","81.8","25.6","","283.5","10.87","12.90","0.09","23.8","38.6","94.3","0.116","0.377","3.3"
"Luxilon Monotec Super Poly 1.25/16L","62","Fast","Polyester","1.25","1.26","1.5","2.4","3.2","37.97","32.3","29.8","58.0","95.9","35.7","","266.3","10.87","12.90","0.37","24.3","39.1","89.1","0.116","0.377","3.3"
"Luxilon Monotec Super Poly 1.25/16L","51","Slow","Polyester","1.25","1.26","1.5","2.4","3.2","28.27","41.6","20.0","27.1","55.3","13.8","","276.0","7.36","15.09","-0.26","22.3","43.7","95.3","0.116","0.377","3.3"
"Luxilon Monotec Super Poly 1.25/16L","51","Medium","Polyester","1.25","1.26","1.5","2.4","3.2","28.80","36.8","27.0","45.4","74.1","25.0","","253.2","7.36","14.56","0.16","22.1","43.5","92.0","0.116","0.377","3.3"
"Luxilon Monotec Super Poly 1.25/16L","51","Fast","Polyester","1.25","1.26","1.5","2.4","3.2","28.78","34.4","31.5","56.9","85.8","33.8","","233.2","7.36","14.58","0.45","22.3","44.1","86.3","0.116","0.377","3.3"
"Luxilon Monotec Super Poly 1.25/16L","40","Slow","Polyester","1.25","1.26","1.5","2.4","3.2","18.41","45.3","21.7","29.5","48.1","13.0","","256.6","4.94","16.34","-0.33","20.9","52.8","93.5","0.116","0.377","3.3"
"Luxilon Monotec Super Poly 1.25/16L","40","Medium","Polyester","1.25","1.26","1.5","2.4","3.2","18.96","39.3","29.0","47.2","66.2","23.9","","228.0","4.94","15.79","0.42","21.2","53.3","87.4","0.116","0.377","3.3"
"Luxilon Monotec Super Poly 1.25/16L","40","Fast","Polyester","1.25","1.26","1.5","2.4","3.2","18.96","36.9","33.9","58.7","77.6","32.9","","208.0","4.94","15.79","0.39","21.2","53.2","79.7","0.116","0.377","3.3"
"Luxilon Monotec Supersense 16L/1.25","62","Slow","Polyester","1.25","1.25","1.8","3.0","3.9","39.20","37.9","18.0","22.9","62.2","14.0","","288.0","9.92","12.62","-0.27","22.3","36.1","97.0","0.172","0.362","2.1"
"Luxilon Monotec Supersense 16L/1.25","62","Medium","Polyester","1.25","1.25","1.8","3.0","3.9","39.62","34.3","24.7","39.9","79.6","24.5","","266.9","9.92","12.20","0.13","22.3","36","93.1","0.172","0.362","2.1"
"Luxilon Monotec Supersense 16L/1.25","62","Fast","Polyester","1.25","1.25","1.8","3.0","3.9","39.58","32.5","29.7","52.3","91.9","34.1","","241.7","9.92","12.24","0.40","22.5","36.5","89.5","0.172","0.362","2.1"
"Luxilon Monotec Supersense 16L/1.25","51","Slow","Polyester","1.25","1.25","1.8","3.0","3.9","26.50","42.1","20.0","25.8","52.3","13.1","","261.7","9.83","14.39","-0.31","23.8","47.1","92.0","0.172","0.362","2.1"
"Luxilon Monotec Supersense 16L/1.25","51","Medium","Polyester","1.25","1.25","1.8","3.0","3.9","27.03","37.6","27.1","42.1","69.0","23.4","","232.6","9.83","13.86","0.24","24.0","47.2","89.9","0.172","0.362","2.1"
"Luxilon Monotec Supersense 16L/1.25","51","Fast","Polyester","1.25","1.25","1.8","3.0","3.9","27.01","34.3","32.0","52.9","79.8","32.0","","209.7","9.83","13.88","0.48","24.3","47.7","93.5","0.172","0.362","2.1"
"Luxilon Monotec Supersense 16L/1.25","40","Slow","Polyester","1.25","1.25","1.8","3.0","3.9","17.29","46.1","22.1","27.6","44.8","12.4","","229.2","6.09","16.31","-0.15","22.3","56.1","91.4","0.172","0.362","2.1"
"Luxilon Monotec Supersense 16L/1.25","40","Medium","Polyester","1.25","1.25","1.8","3.0","3.9","17.79","40.9","29.8","43.0","60.6","22.6","","196.0","6.09","15.81","0.30","22.3","55.9","85.4","0.172","0.362","2.1"
"Luxilon Monotec Supersense 16L/1.25","40","Fast","Polyester","1.25","1.25","1.8","3.0","3.9","17.79","38.2","34.2","53.1","71.0","30.3","","184.0","6.09","15.81","0.48","22.5","56.4","80.8","0.172","0.362","2.1"
"Luxilon Monotec Zolo 125/16","62","Slow","Polyester","1.25","1.23","2.0","3.0","4.2","36.91","39.3","18.6","23.6","60.4","14.0","","277.7","10.23","14.60","-0.31","24.5","39.7","98.2","NA","NA","NA"
"Luxilon Monotec Zolo 125/16","62","Medium","Polyester","1.25","1.23","2.0","3.0","4.2","37.48","35.3","26.0","42.1","79.6","25.9","","253.2","10.23","14.03","0.22","24.5","39.6","95.3","NA","NA","NA"
"Luxilon Monotec Zolo 125/16","62","Fast","Polyester","1.25","1.23","2.0","3.0","4.2","37.46","33.3","31.0","53.6","91.1","35.3","","226.9","10.23","14.05","0.44","24.7","40","86.7","NA","NA","NA"
"Luxilon Monotec Zolo 125/16","51","Slow","Polyester","1.25","1.23","2.0","3.0","4.2","26.20","42.5","20.0","25.4","51.6","12.9","","257.2","9.26","15.26","-0.22","24.3","47.9","95.3","NA","NA","NA"
"Luxilon Monotec Zolo 125/16","51","Medium","Polyester","1.25","1.23","2.0","3.0","4.2","26.68","38.0","27.9","43.0","69.7","24.3","","224.6","9.26","14.78","0.15","24.3","47.7","89.1","NA","NA","NA"
"Luxilon Monotec Zolo 125/16","51","Fast","Polyester","1.25","1.23","2.0","3.0","4.2","26.70","35.5","32.1","54.0","80.7","32.3","","213.2","9.26","14.76","0.46","24.5","48.3","85.0","NA","NA","NA"
"Luxilon Monotec Zolo 125/16","40","Slow","Polyester","1.25","1.23","2.0","3.0","4.2","16.82","46.6","22.0","27.6","44.3","12.2","","229.7","6.22","16.65","-0.16","22.7","57.2","93.7","NA","NA","NA"
"Luxilon Monotec Zolo 125/16","40","Medium","Polyester","1.25","1.23","2.0","3.0","4.2","17.22","41.1","30.0","43.4","60.6","22.8","","196.6","6.22","16.25","0.29","22.7","57.3","85.2","NA","NA","NA"
"Luxilon Monotec Zolo 125/16","40","Fast","Polyester","1.25","1.23","2.0","3.0","4.2","17.20","38.8","35.2","54.0","71.2","31.3","","177.2","6.22","16.27","0.31","22.7","57.4","80.8","NA","NA","NA"
"Luxilon Monotec Zolo 15L","62","Slow","Polyester","1.35","1.35","1.5","2.4","3.6","39.16","38.0","18.0","24.0","63.3","14.2","","302.3","9.86","12.72","-0.11","22.5","36.4","96.8","0.083","0.382","4.6"
"Luxilon Monotec Zolo 15L","62","Medium","Polyester","1.35","1.35","1.5","2.4","3.6","39.45","34.4","24.5","41.9","81.4","25.0","","284.0","9.86","12.43","0.20","22.5","36.4","93.9","0.083","0.382","4.6"
"Luxilon Monotec Zolo 15L","62","Fast","Polyester","1.35","1.35","1.5","2.4","3.6","39.43","32.5","29.8","55.6","95.0","35.4","","254.3","9.86","12.45","0.42","22.7","36.8","88.5","0.083","0.382","4.6"
"Luxilon Monotec Zolo 15L","51","Slow","Polyester","1.35","1.35","1.5","2.4","3.6","26.97","41.8","20.0","27.1","54.0","13.5","","274.9","8.53","15.22","-0.13","23.6","46.6","96.2","0.083","0.382","4.6"
"Luxilon Monotec Zolo 15L","51","Medium","Polyester","1.35","1.35","1.5","2.4","3.6","27.34","37.5","27.0","43.9","71.2","24.1","","245.2","8.53","14.85","0.28","23.6","46.7","90.2","0.083","0.382","4.6"
"Luxilon Monotec Zolo 15L","51","Fast","Polyester","1.35","1.35","1.5","2.4","3.6","27.34","35.2","32.0","55.3","82.7","33.0","","219.5","8.53","14.85","0.48","23.8","47","84.1","0.083","0.382","4.6"
"Luxilon Monotec Zolo 15L","40","Slow","Polyester","1.35","1.35","1.5","2.4","3.6","18.15","45.4","22.0","28.7","46.7","12.9","","240.6","5.45","16.09","0.00","21.6","54.3","91.0","0.083","0.382","4.6"
"Luxilon Monotec Zolo 15L","40","Medium","Polyester","1.35","1.35","1.5","2.4","3.6","18.43","40.3","29.1","45.2","63.5","23.2","","216.0","5.45","15.81","0.35","21.6","54.4","85.9","0.083","0.382","4.6"
"Luxilon Monotec Zolo 15L","40","Fast","Polyester","1.35","1.35","1.5","2.4","3.6","18.48","37.8","34.0","56.2","74.7","31.8","","197.7","5.45","15.76","0.44","21.6","54.6","82.1","0.083","0.382","4.6"
"Weiss Cannon Mosquito Bite 18 (1.16)","51","Fast","Polyester","1.16","1.19","1.5","2.1","4.5","33.08","35.4","32.6","47.8","80.9","32.9","15.7","182.3","4.15","13.49","0.34","17.9","35.4","87.8","0.089","0.495","5.6"
"Gamma Moto 16","40","Slow","Polyester","1.29","NA","2.1","3.3","3.9","19.18","42.2","20.1","423.1","442.3","111.0","6.8","4265.7","7.61","12.90","-0.25","20.3","51.1","97.6","0.079","0.461","5.8"
"Gamma Moto 16","40","Medium","Polyester","1.29","NA","2.1","3.3","3.9","19.80","37.2","27.9","42.8","62.6","21.8","11.8","222.9","7.61","12.28","0.29","20.1","50.8","89.1","0.079","0.461","5.8"
"Gamma Moto 16","40","Fast","Polyester","1.29","NA","2.1","3.3","3.9","19.76","34.9","32.1","53.6","73.4","29.4","15.5","212.0","7.61","12.32","0.51","20.5","51.5","86.7","0.079","0.461","5.8"
"Gamma Moto 16","51","Slow","Polyester","1.29","NA","2.1","3.3","3.9","35.10","37.8","18.0","22.1","57.1","12.8","7.7","276.0","4.96","10.66","-0.29","15.4","30.2","98.6","0.079","0.461","5.8"
"Gamma Moto 16","51","Medium","Polyester","1.29","NA","2.1","3.3","3.9","35.61","33.8","25.0","38.8","74.5","23.3","12.8","252.6","4.96","10.15","0.11","15.2","30","95.6","0.079","0.461","5.8"
"Gamma Moto 16","51","Fast","Polyester","1.29","NA","2.1","3.3","3.9","35.61","32.0","29.9","49.8","85.6","32.0","17.3","226.9","4.96","10.15","0.51","15.7","30.8","88.7","0.079","0.461","5.8"
"Gamma Moto 16","62","Slow","Polyester","1.29","NA","2.1","3.3","3.9","48.07","35.2","16.7","17.9","65.9","13.8","8.4","261.2","4.54","9.13","1.32","15.0","24.3","97.6","0.079","0.461","5.8"
"Gamma Moto 16","62","Medium","Polyester","1.29","NA","2.1","3.3","3.9","46.79","31.9","23.7","36.4","83.1","24.7","14.1","262.9","4.54","10.41","0.09","15.0","24.4","96.0","0.079","0.461","5.8"
"Gamma Moto 16","62","Fast","Polyester","1.29","NA","2.1","3.3","3.9","46.72","30.3","28.0","48.1","94.8","33.2","18.2","249.2","4.54","10.48","0.50","15.4","25.1","92.4","0.079","0.461","5.8"
"Gamma Moto 17 (1.24)","51","Fast","Polyester","1.24","NA","1.5","3.0","3.9","37.93","34.0","31.7","49.8","87.8","34.8","16.9","201.7","3.18","9.61","0.22","13.0","25.7","87.8","0.086","0.538","6.3"
"Gamma Moto Soft 16 (1.29)","51","Fast","Polyester","1.29","1.33","NA","NA","10.6","34.99","34.4","32.0","50.3","85.3","34.1","16.4","200.0","4.19","11.54","0.22","15.9","31.4","88.0","0.088","0.567","6.4"
"Gamma Moto Soft 17 (1.24)","51","Fast","Polyester","1.24","1.4","NA","NA","9.4","33.34","35.2","32.7","48.5","81.8","33.5","16.0","184.0","4.43","12.95","0.26","17.6","34.8","87.0","0.085","0.599","7"
"Gosen Multi CX 16 (1.30)","51","Fast","Nylon","1.3","1.38","NA","NA","7.6","41.96","34.2","32.0","39.0","80.9","32.4","16.3","154.9","4.59","4.17","0.20","9.0","17.7","93.3","0.093","0.429","4.6"
"Gosen Multi CX 17 (1.24)","51","Fast","Nylon","1.24","1.30","1.5","3.0","6.1","41.76","34.6","32.0","37.7","79.4","31.8","16.1","149.7","4.45","4.51","0.22","9.3","18.1","92.5","0.105","0.447","4.3"
"Tecnifibre Multi-Feel 16","62","Slow","Nylon/Polyurethane","1.3","1.34","6.7","7.9","9.4","50.36","37.1","17.4","14.1","64.4","14.0","","188.0","6.24","5.14","-0.18","11.2","18.1","97.2","0.13","0.43","3.3"
"Tecnifibre Multi-Feel 16","62","Medium","Nylon/Polyurethane","1.3","1.34","6.7","7.9","9.4","50.25","34.5","24.2","27.6","77.8","23.5","","192.0","6.24","5.25","-0.02","11.5","18.6","95.5","0.13","0.43","3.3"
"Tecnifibre Multi-Feel 16","62","Fast","Nylon/Polyurethane","1.3","1.34","6.7","7.9","9.4","50.05","32.8","29.9","39.2","89.3","33.4","","178.3","6.24","5.45","0.17","11.9","19.2","95.1","0.13","0.43","3.3"
"Tecnifibre Multi-Feel 16","51","Slow","Nylon/Polyurethane","1.3","1.34","6.7","7.9","9.4","40.24","40.4","19.0","14.6","54.7","13.0","","163.4","6.15","4.33","-0.07","10.4","20.5","97.4","0.13","0.43","3.3"
"Tecnifibre Multi-Feel 16","51","Medium","Nylon/Polyurethane","1.3","1.34","6.7","7.9","9.4","40.11","37.1","26.1","28.9","69.0","22.5","","172.0","6.15","4.46","-0.02","10.6","20.9","94.9","0.13","0.43","3.3"
"Tecnifibre Multi-Feel 16","51","Fast","Nylon/Polyurethane","1.3","1.34","6.7","7.9","9.4","40.00","35.0","32.0","39.0","78.9","31.6","","154.9","6.15","4.57","0.13","10.8","21.4","91.4","0.13","0.43","3.3"
"Tecnifibre Multi-Feel 16","40","Slow","Nylon/Polyurethane","1.3","1.34","6.7","7.9","9.4","30.41","44.3","21.0","16.3","46.5","12.2","","149.7","4.92","4.36","-0.02","9.3","23.3","96.8","0.13","0.43","3.3"
"Tecnifibre Multi-Feel 16","40","Medium","Nylon/Polyurethane","1.3","1.34","6.7","7.9","9.4","30.36","40.1","28.9","28.9","59.3","21.4","","141.2","4.92","4.41","0.02","9.3","23.6","92.9","0.13","0.43","3.3"
"Tecnifibre Multi-Feel 16","40","Fast","Nylon/Polyurethane","1.3","1.34","6.7","7.9","9.4","30.27","37.7","34.0","39.9","70.1","29.9","","140.0","4.92","4.50","0.08","9.5","23.9","90.8","0.13","0.43","3.3"
"Tecnifibre Multi-Feel 17 (1.25)","62","Slow","Nylon/Polyurethane","1.25","1.26","8.2","9.1","10.3","50.83","36.9","17.0","13.0","63.7","13.6","","181.7","5.62","5.29","-0.04","10.8","17.6","99.0","0.16","0.418","2.6"
"Tecnifibre Multi-Feel 17 (1.25)","62","Medium","Nylon/Polyurethane","1.25","1.26","8.2","9.1","10.3","50.47","34.3","24.1","26.7","77.2","23.2","","186.9","5.62","5.65","-0.09","11.2","18.1","93.7","0.16","0.418","2.6"
"Tecnifibre Multi-Feel 17 (1.25)","62","Fast","Nylon/Polyurethane","1.25","1.26","8.2","9.1","10.3","50.36","32.6","29.7","37.5","88.0","32.6","","173.7","5.62","5.76","0.22","11.7","18.8","93.9","0.16","0.418","2.6"
"Tecnifibre Multi-Feel 17 (1.25)","51","Slow","Nylon/Polyurethane","1.25","1.26","8.2","9.1","10.3","40.51","40.2","19.0","13.9","54.5","12.9","","157.2","5.09","5.12","-0.02","10.1","20.1","95.6","0.16","0.418","2.6"
"Tecnifibre Multi-Feel 17 (1.25)","51","Medium","Nylon/Polyurethane","1.25","1.26","8.2","9.1","10.3","40.33","36.8","26.0","27.8","68.1","22.1","","165.7","5.09","5.30","-0.04","10.4","20.4","94.1","0.16","0.418","2.6"
"Tecnifibre Multi-Feel 17 (1.25)","51","Fast","Nylon/Polyurethane","1.25","1.26","8.2","9.1","10.3","40.24","34.8","31.9","37.7","78.1","31.1","","150.3","5.09","5.39","0.13","10.6","20.9","93.1","0.16","0.418","2.6"
"Tecnifibre Multi-Feel 17 (1.25)","40","Slow","Nylon/Polyurethane","1.25","1.26","8.2","9.1","10.3","30.41","44.3","21.0","14.8","45.2","11.8","","135.4","4.45","4.83","-0.06","9.3","23.2","97.0","0.16","0.418","2.6"
"Tecnifibre Multi-Feel 17 (1.25)","40","Medium","Nylon/Polyurethane","1.25","1.26","8.2","9.1","10.3","30.34","40.1","28.9","28.0","58.4","21.1","","136.0","4.45","4.90","0.00","9.3","23.6","94.1","0.16","0.418","2.6"
"Tecnifibre Multi-Feel 17 (1.25)","40","Fast","Nylon/Polyurethane","1.25","1.26","8.2","9.1","10.3","30.27","37.8","34.0","37.5","67.7","28.8","","131.4","4.45","4.97","0.11","9.5","24","91.6","0.16","0.418","2.6"
"Tecnifibre Multifeel 16 Black (1.30)","51","Fast","Nylon/Polyurethane","1.3","1.21","8.2","3.0","10.6","41.72","34.4","32.0","37.5","79.2","31.7","16.5","148.6","4.01","4.99","0.20","9.3","18.1","93.5","0.076","0.524","6.9"
"Gosen Nanoblend 17","62","Slow","Nylon","1.24","1.24","9.7","11.2","12.7","45.91","39.3","18.1","12.3","58.2","13.1","","153.2","7.34","8.49","0.02","15.9","25.7","96.4","NA","NA","NA"
"Gosen Nanoblend 17","62","Medium","Nylon","1.24","1.24","9.7","11.2","12.7","45.89","36.5","26.0","24.7","70.6","22.9","","148.0","7.34","8.51","0.31","16.1","26.2","96.6","NA","NA","NA"
"Gosen Nanoblend 17","62","Fast","Nylon","1.24","1.24","9.7","11.2","12.7","45.40","34.5","31.3","35.9","81.4","31.9","","148.6","7.34","9.00","0.29","16.5","26.9","93.7","NA","NA","NA"
"Gosen Nanoblend 17","51","Slow","Nylon","1.24","1.24","9.7","11.2","12.7","37.37","42.6","20.0","13.0","50.5","12.6","","133.2","5.73","7.62","0.00","13.2","26.3","96.8","NA","NA","NA"
"Gosen Nanoblend 17","51","Medium","Nylon","1.24","1.24","9.7","11.2","12.7","37.22","39.0","28.0","25.6","62.8","22.0","","132.6","5.73","7.77","0.04","13.5","26.7","95.3","NA","NA","NA"
"Gosen Nanoblend 17","51","Fast","Nylon","1.24","1.24","9.7","11.2","12.7","37.07","36.7","33.4","36.2","73.2","30.6","","132.0","5.73","7.92","0.22","13.9","27.3","92.7","NA","NA","NA"
"Gosen Nanoblend 17","40","Slow","Nylon","1.24","1.24","9.7","11.2","12.7","29.00","46.5","22.0","13.5","42.3","11.7","","112.6","4.78","5.91","0.05","10.8","27.1","96.4","NA","NA","NA"
"Gosen Nanoblend 17","40","Medium","Nylon","1.24","1.24","9.7","11.2","12.7","28.86","42.1","30.0","25.8","54.7","20.5","","116.6","4.78","6.05","0.06","10.8","27.4","92.2","NA","NA","NA"
"Gosen Nanoblend 17","40","Fast","Nylon","1.24","1.24","9.7","11.2","12.7","28.75","39.5","36.0","35.7","64.4","29.0","","112.0","4.78","6.16","0.17","11.0","28","89.7","NA","NA","NA"
"Gosen Nanocubic 16","62","Slow","Nylon","1.31","1.36","7.0","7.9","9.1","51.00","36.5","16.9","14.6","65.5","13.8","","208.0","6.86","3.88","0.02","10.8","17.4","97.2","0.101","0.405","4"
"Gosen Nanocubic 16","62","Medium","Nylon","1.31","1.36","7.0","7.9","9.1","50.63","33.8","24.0","30.2","80.9","24.3","","213.2","6.86","4.25","0.20","11.2","18.3","92.7","0.101","0.405","4"
"Gosen Nanocubic 16","62","Fast","Nylon","1.31","1.36","7.0","7.9","9.1","50.23","32.1","29.2","43.0","93.3","34.1","","204.6","6.86","4.65","0.40","11.9","19.3","94.5","0.101","0.405","4"
"Gosen Nanocubic 16","51","Slow","Nylon","1.31","1.36","7.0","7.9","9.1","40.90","39.8","18.0","15.2","56.2","12.6","","190.3","6.68","3.14","0.02","9.9","19.4","95.1","0.101","0.405","4"
"Gosen Nanocubic 16","51","Medium","Nylon","1.31","1.36","7.0","7.9","9.1","40.64","36.1","26.0","32.0","72.5","23.6","","192.0","6.68","3.40","0.16","10.1","20.2","95.5","0.101","0.405","4"
"Gosen Nanocubic 16","51","Fast","Nylon","1.31","1.36","7.0","7.9","9.1","40.35","34.1","31.1","43.9","84.2","32.8","","183.5","6.68","3.69","0.11","10.6","20.7","92.4","0.101","0.405","4"
"Gosen Nanocubic 16","40","Slow","Nylon","1.31","1.36","7.0","7.9","9.1","29.92","44.1","20.2","16.1","46.1","11.6","","161.7","6.39","3.38","0.04","9.7","24.7","96.2","0.101","0.405","4"
"Gosen Nanocubic 16","40","Medium","Nylon","1.31","1.36","7.0","7.9","9.1","29.77","39.6","28.8","32.2","62.0","22.3","","158.3","6.39","3.53","0.11","10.1","25.3","93.7","0.101","0.405","4"
"Gosen Nanocubic 16","40","Fast","Nylon","1.31","1.36","7.0","7.9","9.1","29.59","37.1","34.0","43.2","72.8","31.0","","152.0","6.39","3.71","0.13","10.1","25.8","89.1","0.101","0.405","4"
"Gosen Nanosilver 17","62","Slow","Nylon","1.25","1.26","7.9","9.1","10.6","49.24","37.6","17.9","14.3","63.7","14.2","","182.3","6.66","5.84","-0.09","12.3","20.1","96.4","0.088","0.398","4.5"
"Gosen Nanosilver 17","62","Medium","Nylon","1.25","1.26","7.9","9.1","10.6","49.33","34.9","24.9","27.8","77.2","24.1","","181.2","6.66","5.75","0.29","12.8","20.6","98.2","0.088","0.398","4.5"
"Gosen Nanosilver 17","62","Fast","Nylon","1.25","1.26","7.9","9.1","10.6","48.86","33.1","30.0","40.1","89.1","33.4","","181.2","6.66","6.22","0.24","13.2","21.3","94.3","0.088","0.398","4.5"
"Gosen Nanosilver 17","51","Slow","Nylon","1.25","1.26","7.9","9.1","10.6","40.24","40.5","19.0","14.1","54.2","12.9","","158.9","5.87","4.61","-0.02","10.4","20.6","95.1","0.088","0.398","4.5"
"Gosen Nanosilver 17","51","Medium","Nylon","1.25","1.26","7.9","9.1","10.6","40.06","37.2","26.3","28.2","68.1","22.4","","165.7","5.87","4.79","0.02","10.6","21","95.8","0.088","0.398","4.5"
"Gosen Nanosilver 17","51","Fast","Nylon","1.25","1.26","7.9","9.1","10.6","39.91","35.1","32.0","39.5","79.4","31.8","","156.6","5.87","4.94","0.18","11.0","21.7","95.3","0.088","0.398","4.5"
"Gosen Nanosilver 17","40","Slow","Nylon","1.25","1.26","7.9","9.1","10.6","30.25","44.8","21.1","15.2","45.4","12.0","","138.3","5.03","4.41","0.00","9.5","23.8","97.0","0.088","0.398","4.5"
"Gosen Nanosilver 17","40","Medium","Nylon","1.25","1.26","7.9","9.1","10.6","30.16","40.5","29.1","29.1","59.3","21.6","","140.0","5.03","4.50","0.06","9.7","24.2","93.9","0.088","0.398","4.5"
"Gosen Nanosilver 17","40","Fast","Nylon","1.25","1.26","7.9","9.1","10.6","30.03","38.0","34.2","40.1","70.1","30.0","","139.4","5.03","4.63","0.13","9.7","24.7","90.4","0.088","0.398","4.5"
"LaserFibre Native Tour 17 (1.25)","51","Fast","Polyester","1.25","1.31","7.9","11.2","10.3","27.78","35.5","32.2","50.9","78.7","31.7","14.9","200.0","6.90","16.04","0.46","23.4","46.1","83.9","0.102","0.5","4.9"
"Luxilon Natural Gut 1.25","51","Fast","Gut","1.25","1.35","2.4","2.4","3.9","44.21","36.7","33.7","23.2","67.3","28.4","15.1","82.3","4.19","2.32","0.11","6.6","13","95.6","0.129","0.479","3.7"
"Wilson Natural Gut 16","51","Fast","Gut","1.3","1.31","4.5","6.4","8.5","42.18","36.0","32.0","24.3","66.6","26.6","","96.6","5.53","3.01","0.24","8.8","17.3","95.3","0.245","0.33","1.3"
"Wilson Natural Gut 16","51","Medium","Gut","1.3","1.31","4.5","6.4","8.5","42.60","37.7","26.2","16.5","59.1","19.4","","97.7","5.53","2.59","0.33","8.4","16.7","95.8","0.245","0.33","1.3"
"Wilson Natural Gut 16","51","Slow","Gut","1.3","1.31","4.5","6.4","8.5","42.78","39.9","18.1","7.3","50.1","11.3","","91.4","5.53","2.41","-0.13","7.7","15.4","99.0","0.245","0.33","1.3"
"Wilson Natural Gut 16","62","Fast","Gut","1.3","1.31","4.5","6.4","8.5","51.91","34.1","30.0","22.1","74.1","27.8","","99.4","6.46","3.37","0.36","10.1","16.5","96.6","0.245","0.33","1.3"
"Wilson Natural Gut 16","62","Medium","Gut","1.3","1.31","4.5","6.4","8.5","52.43","35.3","24.3","14.3","66.8","20.3","","98.3","6.46","2.85","0.44","9.7","15.8","97.8","0.245","0.33","1.3"
"Wilson Natural Gut 16","62","Slow","Gut","1.3","1.31","4.5","6.4","8.5","52.57","36.9","17.0","6.6","59.1","12.6","","92.0","6.46","2.71","-0.28","8.8","14.4","99.8","0.245","0.33","1.3"
"Wilson Natural Gut 16","40","Slow","Gut","1.3","1.31","4.5","6.4","8.5","30.91","44.7","20.8","10.8","41.7","10.9","","101.7","5.60","3.18","0.04","8.8","22.2","98.2","0.245","0.33","1.3"
"Wilson Natural Gut 16","40","Medium","Gut","1.3","1.31","4.5","6.4","8.5","30.58","41.1","29.7","21.6","52.0","19.3","","99.4","5.60","3.51","0.15","9.3","23.3","94.9","0.245","0.33","1.3"
"Wilson Natural Gut 16","40","Fast","Gut","1.3","1.31","4.5","6.4","8.5","30.34","39.1","35.5","29.3","59.5","26.4","","94.3","5.60","3.75","0.20","9.5","24.1","93.7","0.245","0.33","1.3"
"Wilson Natural Gut 16 (1.30)","51","Fast","Gut","1.3","NA","4.5","3.6","9.1","44.67","36.2","33.0","24.7","69.5","28.7","15.9","92.6","3.84","2.21","0.11","6.2","12.1","94.9","0.124","0.492","4"
"Wilson Natural Gut 17","62","Slow","Gut","1.25","NA","4.8","7.3","9.1","54.93","36.9","17.0","6.6","61.5","13.1","","91.4","5.56","1.25","-0.04","6.8","11","97.8","0.173","0.386","2.2"
"Wilson Natural Gut 17","62","Medium","Gut","1.25","NA","4.8","7.3","9.1","54.51","35.5","25.0","14.6","69.0","21.6","","94.9","5.56","1.67","0.05","7.3","11.8","96.2","0.173","0.386","2.2"
"Wilson Natural Gut 17","62","Fast","Gut","1.25","NA","4.8","7.3","9.1","54.27","34.3","30.1","20.5","75.0","28.2","","92.6","5.56","1.91","0.51","7.9","12.9","97.8","0.173","0.386","2.2"
"Wilson Natural Gut 17","51","Slow","Gut","1.25","NA","4.8","7.3","9.1","44.08","40.3","18.5","6.6","50.5","11.7","","76.6","5.47","1.17","0.05","6.6","13.2","99.2","0.173","0.386","2.2"
"Wilson Natural Gut 17","51","Medium","Gut","1.25","NA","4.8","7.3","9.1","43.44","38.2","27.0","15.0","58.4","19.7","","83.4","5.47","1.81","0.07","7.3","14.5","98.0","0.173","0.386","2.2"
"Wilson Natural Gut 17","51","Fast","Gut","1.25","NA","4.8","7.3","9.1","43.33","36.7","33.0","21.6","64.8","26.8","","80.6","5.47","1.92","0.31","7.7","15.2","95.3","0.173","0.386","2.2"
"Wilson Natural Gut 17","40","Slow","Gut","1.25","NA","4.8","7.3","9.1","32.48","44.7","21.0","10.1","42.6","11.2","","93.2","5.25","1.96","-0.04","7.1","18.1","98.2","0.173","0.386","2.2"
"Wilson Natural Gut 17","40","Medium","Gut","1.25","NA","4.8","7.3","9.1","32.44","41.5","29.6","19.2","51.6","19.1","","89.2","5.25","2.00","0.09","7.3","18.5","97.8","0.173","0.386","2.2"
"Wilson Natural Gut 17","40","Fast","Gut","1.25","NA","4.8","7.3","9.1","32.30","39.5","35.8","26.0","58.2","26.1","","82.3","5.25","2.14","0.11","7.5","18.9","93.7","0.173","0.386","2.2"
"SuperString Nikita Original 1.25","62","Slow","Polyester","1.25","1.26","2.4","3.6","4.8","39.12","38.1","18.0","22.7","61.7","13.9","","285.2","8.38","14.24","-0.26","22.3","36.2","98.2","0.109","0.371","3.4"
"SuperString Nikita Original 1.25","62","Medium","Polyester","1.25","1.26","2.4","3.6","4.8","39.56","34.6","25.0","39.2","78.7","24.6","","254.9","8.38","13.80","0.16","22.3","36.2","93.9","0.109","0.371","3.4"
"SuperString Nikita Original 1.25","62","Fast","Polyester","1.25","1.26","2.4","3.6","4.8","39.51","32.8","29.9","50.5","90.0","33.7","","228.6","8.38","13.85","0.53","22.7","36.9","89.3","0.109","0.371","3.4"
"SuperString Nikita Original 1.25","51","Slow","Polyester","1.25","1.26","2.4","3.6","4.8","29.00","41.5","20.0","24.0","52.9","13.3","","243.5","7.63","14.09","-0.17","21.6","42.5","95.8","0.109","0.371","3.4"
"SuperString Nikita Original 1.25","51","Medium","Polyester","1.25","1.26","2.4","3.6","4.8","29.46","37.3","27.0","39.5","69.0","23.3","","220.6","7.63","13.63","0.20","21.4","42.3","90.8","0.109","0.371","3.4"
"SuperString Nikita Original 1.25","51","Fast","Polyester","1.25","1.26","2.4","3.6","4.8","29.44","35.2","32.0","50.1","79.6","31.8","","198.9","7.63","13.65","0.49","21.8","42.9","85.7","0.109","0.371","3.4"
"SuperString Nikita Original 1.25","40","Slow","Polyester","1.25","1.26","2.4","3.6","4.8","19.32","45.9","22.0","24.7","44.1","12.1","","208.0","6.22","14.15","-0.19","20.1","50.8","91.0","0.109","0.371","3.4"
"SuperString Nikita Original 1.25","40","Medium","Polyester","1.25","1.26","2.4","3.6","4.8","19.93","41.0","29.8","39.0","59.1","22.0","","178.9","6.22","13.54","0.35","20.1","50.7","86.3","0.109","0.371","3.4"
"SuperString Nikita Original 1.25","40","Fast","Polyester","1.25","1.26","2.4","3.6","4.8","19.91","38.7","34.0","48.7","68.8","29.2","","171.5","6.22","13.56","0.44","20.3","50.9","79.6","0.109","0.371","3.4"
"SuperString Nikita Soft 16L","62","Slow","Polyester","1.25","1.27","4.2","6.1","7.9","37.07","39.1","18.3","22.5","59.5","13.6","","272.6","10.12","14.55","-0.28","24.5","39.5","95.6","0.085","NA","NA"
"SuperString Nikita Soft 16L","62","Medium","Polyester","1.25","1.27","4.2","6.1","7.9","37.57","35.3","25.9","38.8","76.5","24.7","","236.0","10.12","14.05","0.17","24.3","39.4","92.7","0.085","NA","NA"
"SuperString Nikita Soft 16L","62","Fast","Polyester","1.25","1.27","4.2","6.1","7.9","37.60","33.4","30.0","49.8","87.3","32.8","","224.0","10.12","14.02","0.53","24.7","40","88.9","0.085","NA","NA"
"SuperString Nikita Soft 16L","51","Slow","Polyester","1.25","1.27","4.2","6.1","7.9","25.69","43.2","20.6","24.3","49.8","12.8","","230.9","9.57","15.46","-0.24","24.7","48.9","93.7","0.085","NA","NA"
"SuperString Nikita Soft 16L","51","Medium","Polyester","1.25","1.27","4.2","6.1","7.9","26.28","38.7","28.0","39.0","65.3","22.9","","202.3","9.57","14.87","0.28","24.7","48.7","88.4","0.085","NA","NA"
"SuperString Nikita Soft 16L","51","Fast","Polyester","1.25","1.27","4.2","6.1","7.9","26.26","36.5","33.0","49.0","75.4","31.1","","182.9","9.57","14.89","0.48","24.9","49.2","85.6","0.085","NA","NA"
"SuperString Nikita Soft 16L","40","Slow","Polyester","1.25","1.27","4.2","6.1","7.9","14.33","49.7","24.0","24.7","39.0","11.7","","173.7","8.38","16.98","-0.05","25.4","63.8","89.9","0.085","NA","NA"
"SuperString Nikita Soft 16L","40","Medium","Polyester","1.25","1.27","4.2","6.1","7.9","14.82","44.5","32.0","35.9","50.7","20.2","","142.9","8.38","16.49","0.44","25.4","63.8","82.8","0.085","NA","NA"
"SuperString Nikita Soft 16L","40","Fast","Polyester","1.25","1.27","4.2","6.1","7.9","14.82","42.0","37.0","44.8","59.5","27.6","","132.6","8.38","16.49","0.38","25.1","63.6","77.1","0.085","NA","NA"
"Tecnifibre NRG2 16","62","Slow","Nylon","1.32","NA","7.3","7.9","9.1","52.99","36.8","16.8","12.1","65.0","13.7","","173.2","5.73","3.02","0.03","8.8","14.2","97.2","0.155","0.503","3.2"
"Tecnifibre NRG2 16","62","Medium","Nylon","1.32","NA","7.3","7.9","9.1","52.66","34.2","24.2","27.3","80.0","24.2","","190.9","5.73","3.35","-0.04","9.0","14.6","94.7","0.155","0.503","3.2"
"Tecnifibre NRG2 16","62","Fast","Nylon","1.32","NA","7.3","7.9","9.1","52.50","32.5","29.8","38.8","91.5","34.1","","177.7","5.73","3.51","0.07","9.3","15.1","92.9","0.155","0.503","3.2"
"Tecnifibre NRG2 16","51","Slow","Nylon","1.32","NA","7.3","7.9","9.1","41.90","40.4","18.5","13.5","55.3","12.8","","160.0","5.42","3.40","0.05","8.8","17.5","97.6","0.155","0.503","3.2"
"Tecnifibre NRG2 16","51","Medium","Nylon","1.32","NA","7.3","7.9","9.1","41.70","36.9","26.3","28.7","70.3","23.2","","168.6","5.42","3.60","0.05","9.0","17.9","93.9","0.155","0.503","3.2"
"Tecnifibre NRG2 16","51","Fast","Nylon","1.32","NA","7.3","7.9","9.1","41.54","34.7","32.0","39.9","81.4","32.6","","158.3","5.42","3.76","0.09","9.3","18.3","92.9","0.155","0.503","3.2"
"Tecnifibre NRG2 16","40","Slow","Nylon","1.32","NA","7.3","7.9","9.1","32.13","44.1","20.2","14.3","46.5","11.7","","141.7","4.67","2.89","-0.04","7.5","18.9","96.2","0.155","0.503","3.2"
"Tecnifibre NRG2 16","40","Medium","Nylon","1.32","NA","7.3","7.9","9.1","31.99","39.9","28.9","28.9","61.1","22.1","","141.2","4.67","3.03","-0.03","7.7","19.3","94.3","0.155","0.503","3.2"
"Tecnifibre NRG2 16","40","Fast","Nylon","1.32","NA","7.3","7.9","9.1","31.93","37.5","34.1","39.0","71.0","30.2","","136.6","4.67","3.09","0.07","7.9","19.7","92.0","0.155","0.503","3.2"
"Tecnifibre NRG2 17/1.24","62","Slow","Nylon","1.24","1.27","6.4","7.6","8.5","54.07","35.8","16.5","12.3","66.4","13.7","","185.2","4.61","3.06","-0.17","7.5","12.1","98.8","0.135","0.475","3.5"
"Tecnifibre NRG2 17/1.24","62","Medium","Nylon","1.24","1.27","6.4","7.6","8.5","53.91","33.5","23.9","26.7","80.5","24.0","","189.2","4.61","3.22","-0.05","7.7","12.6","95.1","0.135","0.475","3.5"
"Tecnifibre NRG2 17/1.24","62","Fast","Nylon","1.24","1.27","6.4","7.6","8.5","53.71","31.9","28.8","37.9","91.5","33.0","","185.7","4.61","3.42","0.42","8.4","13.7","94.7","0.135","0.475","3.5"
"Tecnifibre NRG2 17/1.24","51","Slow","Nylon","1.24","1.27","6.4","7.6","8.5","43.55","39.1","18.0","13.9","57.3","12.9","","173.2","4.72","2.45","-0.04","7.1","14","99.0","0.135","0.475","3.5"
"Tecnifibre NRG2 17/1.24","51","Medium","Nylon","1.24","1.27","6.4","7.6","8.5","43.28","36.0","25.9","27.6","71.0","22.9","","167.4","4.72","2.72","-0.03","7.5","14.6","96.2","0.135","0.475","3.5"
"Tecnifibre NRG2 17/1.24","51","Fast","Nylon","1.24","1.27","6.4","7.6","8.5","43.22","34.0","31.0","38.8","82.0","31.8","","164.0","4.72","2.78","0.18","7.7","15.1","93.5","0.135","0.475","3.5"
"Tecnifibre NRG2 17/1.24","40","Slow","Nylon","1.24","1.27","6.4","7.6","8.5","32.96","42.9","20.0","14.6","47.4","11.9","","147.4","4.30","2.43","-0.05","6.6","16.8","92.9","0.135","0.475","3.5"
"Tecnifibre NRG2 17/1.24","40","Medium","Nylon","1.24","1.27","6.4","7.6","8.5","32.90","39.0","28.1","28.4","61.3","21.5","","146.3","4.30","2.49","0.02","6.8","17.2","92.5","0.135","0.475","3.5"
"Tecnifibre NRG2 17/1.24","40","Fast","Nylon","1.24","1.27","6.4","7.6","8.5","32.83","36.8","33.5","38.4","71.2","29.8","","138.9","4.30","2.56","0.09","6.8","17.5","92.5","0.135","0.475","3.5"
"Tecnifibre NRG2 18 (1.18)","62","Slow","Nylon/Polyurethane","1.18","1.19","7.6","9.1","10.0","51.20","36.7","17.0","12.3","63.5","13.5","","173.2","5.51","5.03","-0.09","10.4","16.9","97.0","0.198","0.514","2.6"
"Tecnifibre NRG2 18 (1.18)","62","Medium","Nylon/Polyurethane","1.18","1.19","7.6","9.1","10.0","51.11","34.3","24.0","26.0","77.2","23.2","","182.9","5.51","5.12","0.06","10.8","17.3","93.5","0.198","0.514","2.6"
"Tecnifibre NRG2 18 (1.18)","62","Fast","Nylon/Polyurethane","1.18","1.19","7.6","9.1","10.0","50.80","32.6","29.6","37.0","88.0","32.5","","172.6","5.51","5.43","0.37","11.2","18.3","94.1","0.198","0.514","2.6"
"Tecnifibre NRG2 18 (1.18)","51","Slow","Nylon/Polyurethane","1.18","1.19","7.6","9.1","10.0","41.08","40.0","18.6","13.5","54.5","12.6","","157.7","5.14","4.50","-0.04","9.7","18.9","97.4","0.198","0.514","2.6"
"Tecnifibre NRG2 18 (1.18)","51","Medium","Nylon/Polyurethane","1.18","1.19","7.6","9.1","10.0","40.95","36.8","26.0","26.7","67.7","22.0","","160.6","5.14","4.63","0.03","9.7","19.3","95.8","0.198","0.514","2.6"
"Tecnifibre NRG2 18 (1.18)","51","Fast","Nylon/Polyurethane","1.18","1.19","7.6","9.1","10.0","40.81","34.8","31.9","37.7","78.5","31.3","","150.9","5.14","4.77","0.24","10.1","20","92.5","0.198","0.514","2.6"
"Tecnifibre NRG2 18 (1.18)","40","Slow","Nylon/Polyurethane","1.18","1.19","7.6","9.1","10.0","31.51","43.9","20.5","14.1","45.6","11.7","","136.6","4.10","4.08","-0.02","8.2","20.6","97.6","0.198","0.514","2.6"
"Tecnifibre NRG2 18 (1.18)","40","Medium","Nylon/Polyurethane","1.18","1.19","7.6","9.1","10.0","31.47","39.9","30.9","27.1","58.7","22.7","","116.0","4.10","4.12","0.03","8.2","20.8","94.9","0.198","0.514","2.6"
"Tecnifibre NRG2 18 (1.18)","40","Fast","Nylon/Polyurethane","1.18","1.19","7.6","9.1","10.0","31.38","37.6","34.0","37.5","69.0","29.3","","132.0","4.10","4.21","0.16","8.4","21.3","93.7","0.198","0.514","2.6"
"Wilson NXT 15L (1.35)","51","Fast","Nylon","1.35","1.30","7.6","9.1","9.1","41.50","34.8","32.0","38.1","79.8","31.9","16.1","152.0","3.99","5.23","0.18","9.5","18.5","92.0","0.081","0.566","7"
"Wilson NXT 16","62","Slow","Nylon","1.3","1.32","6.1","7.0","8.2","50.19","36.9","17.1","14.8","65.0","13.9","","206.9","6.62","4.93","-0.22","11.2","18.4","98.0","0.117","0.453","3.9"
"Wilson NXT 16","62","Medium","Nylon","1.3","1.32","6.1","7.0","8.2","50.10","34.2","24.0","29.1","79.2","23.8","","204.0","6.62","5.02","-0.06","11.5","18.8","96.0","0.117","0.453","3.9"
"Wilson NXT 16","62","Fast","Nylon","1.3","1.32","6.1","7.0","8.2","49.97","32.5","29.1","41.0","90.8","33.1","","196.6","6.62","5.15","0.36","12.1","19.6","94.1","0.117","0.453","3.9"
"Wilson NXT 16","51","Slow","Nylon","1.3","1.32","6.1","7.0","8.2","40.79","39.8","18.8","15.7","56.4","13.3","","178.3","5.03","4.90","-0.05","9.9","19.5","98.0","0.117","0.453","3.9"
"Wilson NXT 16","51","Medium","Nylon","1.3","1.32","6.1","7.0","8.2","40.62","36.5","26.0","30.4","71.0","23.1","","182.9","5.03","5.07","-0.02","10.1","19.9","94.1","0.117","0.453","3.9"
"Wilson NXT 16","51","Fast","Nylon","1.3","1.32","6.1","7.0","8.2","40.51","34.5","31.2","41.5","82.0","31.9","","173.7","5.03","5.18","0.18","10.4","20.5","94.3","0.117","0.453","3.9"
"Wilson NXT 16","40","Slow","Nylon","1.3","1.32","6.1","7.0","8.2","30.50","43.7","20.7","16.3","46.7","12.1","","155.4","4.78","4.41","-0.04","9.0","23.1","98.2","0.117","0.453","3.9"
"Wilson NXT 16","40","Medium","Nylon","1.3","1.32","6.1","7.0","8.2","30.43","39.6","28.4","30.4","60.9","21.6","","153.7","4.78","4.48","0.02","9.3","23.4","93.1","0.117","0.453","3.9"
"Wilson NXT 16","40","Fast","Nylon","1.3","1.32","6.1","7.0","8.2","30.36","37.3","34.0","41.2","71.7","30.4","","145.2","4.78","4.55","0.11","9.5","23.8","90.4","0.117","0.453","3.9"
"Wilson NXT 17","62","Slow","Nylon","1.24","1.26","6.7","8.2","9.1","49.52","37.6","17.8","13.7","63.3","14.1","","175.5","6.46","5.76","-0.03","12.1","19.8","94.9","0.248","0.493","2"
"Wilson NXT 17","62","Medium","Nylon","1.24","1.26","6.7","8.2","9.1","49.33","34.7","24.4","28.0","77.4","23.6","","192.6","6.46","5.95","0.03","12.3","20.1","94.9","0.248","0.493","2"
"Wilson NXT 17","62","Fast","Nylon","1.24","1.26","6.7","8.2","9.1","49.15","32.9","30.0","39.5","88.6","33.2","","178.3","6.46","6.13","0.29","12.8","20.9","92.4","0.248","0.493","2"
"Wilson NXT 17","51","Slow","Nylon","1.24","1.26","6.7","8.2","9.1","39.56","40.8","19.1","14.8","54.2","13.0","","164.0","5.27","5.89","-0.02","11.0","22","98.0","0.248","0.493","2"
"Wilson NXT 17","51","Medium","Nylon","1.24","1.26","6.7","8.2","9.1","39.43","37.3","26.5","29.1","68.4","22.6","","168.6","5.27","6.02","0.05","11.2","22.3","98.0","0.248","0.493","2"
"Wilson NXT 17","51","Fast","Nylon","1.24","1.26","6.7","8.2","9.1","39.27","35.3","32.0","39.2","78.5","31.4","","156.0","5.27","6.18","0.20","11.7","23","93.5","0.248","0.493","2"
"Wilson NXT 17","40","Slow","Nylon","1.24","1.26","6.7","8.2","9.1","28.93","45.2","21.7","15.7","44.5","12.1","","134.3","5.80","4.96","-0.07","10.8","26.9","97.4","0.248","0.493","2"
"Wilson NXT 17","40","Medium","Nylon","1.24","1.26","6.7","8.2","9.1","28.91","40.8","29.6","29.5","58.4","21.6","","136.6","5.80","4.98","0.02","10.8","27.2","92.5","0.248","0.493","2"
"Wilson NXT 17","40","Fast","Nylon","1.24","1.26","6.7","8.2","9.1","28.84","38.5","34.8","39.7","68.4","29.8","","133.2","5.80","5.05","0.09","11.0","27.6","90.4","0.248","0.493","2"
"Wilson NXT Control 16 (1.32)","62","Slow","Nylon/Polyester","1.32","1.33","6.4","8.5","10.0","46.57","36.9","17.0","15.7","62.2","13.3","","220.6","7.28","7.89","-0.07","15.2","24.5","98.2","0.149","0.454","3"
"Wilson NXT Control 16 (1.32)","62","Medium","Nylon/Polyester","1.32","1.33","6.4","8.5","10.0","46.48","34.3","24.0","30.6","77.2","23.2","","214.9","7.28","7.98","-0.02","15.2","24.7","93.9","0.149","0.454","3"
"Wilson NXT Control 16 (1.32)","62","Fast","Nylon/Polyester","1.32","1.33","6.4","8.5","10.0","46.37","32.6","29.2","42.1","88.6","32.3","","201.2","7.28","8.09","0.15","15.4","25.1","92.7","0.149","0.454","3"
"Wilson NXT Control 16 (1.32)","51","Slow","Nylon/Polyester","1.32","1.33","6.4","8.5","10.0","35.19","41.2","19.5","16.5","51.8","12.6","","177.7","6.22","9.31","-0.11","15.4","30.4","95.1","0.149","0.454","3"
"Wilson NXT Control 16 (1.32)","51","Medium","Nylon/Polyester","1.32","1.33","6.4","8.5","10.0","35.26","37.5","26.9","30.9","66.2","22.3","","173.7","6.22","9.24","0.00","15.4","30.5","93.1","0.149","0.454","3"
"Wilson NXT Control 16 (1.32)","51","Fast","Nylon/Polyester","1.32","1.33","6.4","8.5","10.0","35.21","35.5","32.0","41.2","76.5","30.6","","163.4","6.22","9.29","0.19","15.7","31","88.7","0.149","0.454","3"
"Wilson NXT Control 16 (1.32)","40","Slow","Nylon/Polyester","1.32","1.33","6.4","8.5","10.0","22.29","47.2","22.3","17.6","39.9","11.1","","145.2","7.32","10.08","-0.09","17.4","43.6","92.7","0.149","0.454","3"
"Wilson NXT Control 16 (1.32)","40","Medium","Nylon/Polyester","1.32","1.33","6.4","8.5","10.0","22.45","42.5","30.1","30.4","52.9","19.9","","136.6","7.32","9.92","0.09","17.4","43.7","87.8","0.149","0.454","3"
"Wilson NXT Control 16 (1.32)","40","Fast","Nylon/Polyester","1.32","1.33","6.4","8.5","10.0","22.42","39.9","36.0","39.9","62.2","28.0","","125.2","7.32","9.95","0.19","17.4","44","84.3","0.149","0.454","3"
"Wilson NXT Duramax 15 (1.40)","40","Slow","Nylon","1.4","NA","6.1","7.3","8.5","29.50","45.5","21.9","16.1","45.6","12.5","6.4","136.6","6.00","4.19","0.35","10.6","26.6","99.8","0.089","0.398","4.5"
"Wilson NXT Duramax 15 (1.40)","40","Medium","Nylon","1.4","NA","6.1","7.3","8.5","29.61","40.3","29.9","30.9","60.4","22.6","10.9","139.4","6.00","4.08","1.10","11.2","28.2","93.9","0.089","0.398","4.5"
"Wilson NXT Duramax 15 (1.40)","40","Fast","Nylon","1.4","NA","6.1","7.3","8.5","29.33","37.7","35.0","41.0","70.3","30.8","14.5","136.0","6.00","4.36","1.08","11.5","28.8","90.4","0.089","0.398","4.5"
"Wilson NXT Duramax 15 (1.40)","51","Slow","Nylon","1.4","NA","6.1","7.3","8.5","42.84","40.2","19.0","15.0","58.0","13.7","7.3","169.7","4.08","3.80","0.00","7.9","15.5","97.2","0.089","0.398","4.5"
"Wilson NXT Duramax 15 (1.40)","51","Medium","Nylon","1.4","NA","6.1","7.3","8.5","42.80","36.3","26.3","29.8","72.5","23.9","12.3","175.5","4.08","3.84","0.11","7.9","15.8","95.8","0.089","0.398","4.5"
"Wilson NXT Duramax 15 (1.40)","51","Fast","Nylon","1.4","NA","6.1","7.3","8.5","42.73","34.2","32.0","40.6","83.3","33.3","16.2","161.7","4.08","3.91","0.95","8.8","17.6","92.0","0.089","0.398","4.5"
"Wilson NXT Duramax 15 (1.40)","62","Slow","Nylon","1.4","NA","6.1","7.3","8.5","53.85","37.2","17.8","13.5","67.3","14.9","7.9","172.6","4.30","3.59","0.18","8.2","13.1","97.6","0.089","0.398","4.5"
"Wilson NXT Duramax 15 (1.40)","62","Medium","Nylon","1.4","NA","6.1","7.3","8.5","53.67","33.9","24.5","28.4","82.0","25.1","13.1","192.0","4.30","3.77","0.18","8.2","13.4","97.2","0.089","0.398","4.5"
"Wilson NXT Duramax 15 (1.40)","62","Fast","Nylon","1.4","NA","6.1","7.3","8.5","53.47","32.0","29.9","39.9","93.5","34.9","17.5","181.7","4.30","3.97","0.70","9.0","14.5","93.5","0.089","0.398","4.5"
"Wilson NXT Duramax 16 (1.32)","51","Fast","Nylon","1.32","NA","6.7","3.3","8.5","43.92","34.1","31.8","39.7","83.8","33.3","16.6","160.0","2.98","3.82","0.13","6.8","13.7","92.5","0.092","0.523","5.7"
"Wilson NXT Max 15L (1.35)","51","Fast","Nylon","1.35","1.25","1.8","2.4","4.2","44.19","34.0","31.7","38.6","82.7","32.8","16.4","156.0","2.98","3.55","0.13","6.6","13.1","92.2","0.087","0.63","7.2"
"Wilson NXT Max 16","62","Slow","Nylon","1.32","1.34","6.1","7.0","8.2","50.83","37.1","17.0","14.1","65.0","13.8","","199.5","6.86","4.05","-0.11","10.8","17.5","98.2","0.206","0.521","2.5"
"Wilson NXT Max 16","62","Medium","Nylon","1.32","1.34","6.1","7.0","8.2","50.67","34.2","24.2","30.0","80.7","24.4","","208.0","6.86","4.21","0.07","11.0","18","96.0","0.206","0.521","2.5"
"Wilson NXT Max 16","62","Fast","Nylon","1.32","1.34","6.1","7.0","8.2","50.49","32.4","29.8","41.9","92.4","34.5","","192.0","6.86","4.39","0.24","11.5","18.6","92.4","0.206","0.521","2.5"
"Wilson NXT Max 16","51","Slow","Nylon","1.32","1.34","6.1","7.0","8.2","40.59","40.4","18.5","15.4","56.2","13.0","","184.6","5.98","4.15","-0.11","9.9","19.7","97.6","0.206","0.521","2.5"
"Wilson NXT Max 16","51","Medium","Nylon","1.32","1.34","6.1","7.0","8.2","40.53","36.7","26.2","31.3","71.7","23.5","","185.2","5.98","4.21","0.00","10.1","20.1","94.1","0.206","0.521","2.5"
"Wilson NXT Max 16","51","Fast","Nylon","1.32","1.34","6.1","7.0","8.2","40.33","34.6","32.0","42.8","83.1","33.2","","169.7","5.98","4.41","0.11","10.6","20.7","90.2","0.206","0.521","2.5"
"Wilson NXT Max 16","40","Slow","Nylon","1.32","1.34","6.1","7.0","8.2","30.72","44.3","20.3","15.9","46.7","11.8","","158.3","5.09","3.88","0.00","9.0","22.6","94.9","0.206","0.521","2.5"
"Wilson NXT Max 16","40","Medium","Nylon","1.32","1.34","6.1","7.0","8.2","30.65","39.6","28.9","31.8","62.4","22.5","","154.3","5.09","3.95","0.04","9.0","22.9","92.9","0.206","0.521","2.5"
"Wilson NXT Max 16","40","Fast","Nylon","1.32","1.34","6.1","7.0","8.2","30.54","37.3","34.0","42.1","72.5","30.8","","147.4","5.09","4.06","0.18","9.3","23.5","88.0","0.206","0.521","2.5"
"Wilson NXT OS","62","Slow","Nylon","1.28","1.33","6.4","7.3","8.5","52.85","36.2","16.7","13.2","66.2","13.8","","194.9","5.51","3.38","-0.22","8.6","14","96.8","0.181","0.459","2.5"
"Wilson NXT OS","62","Medium","Nylon","1.28","1.33","6.4","7.3","8.5","52.66","33.8","24.0","27.6","80.3","24.1","","194.9","5.51","3.57","-0.04","9.0","14.6","95.1","0.181","0.459","2.5"
"Wilson NXT OS","62","Fast","Nylon","1.28","1.33","6.4","7.3","8.5","52.46","32.1","29.0","39.2","91.7","33.3","","190.3","5.51","3.77","0.36","9.7","15.6","94.7","0.181","0.459","2.5"
"Wilson NXT OS","51","Slow","Nylon","1.28","1.33","6.4","7.3","8.5","41.67","39.7","18.3","14.8","56.4","12.9","","178.9","5.56","3.49","-0.05","9.0","17.7","95.1","0.181","0.459","2.5"
"Wilson NXT OS","51","Medium","Nylon","1.28","1.33","6.4","7.3","8.5","41.50","36.5","26.0","29.3","70.8","23.0","","176.0","5.56","3.66","0.00","9.3","18.2","95.3","0.181","0.459","2.5"
"Wilson NXT OS","51","Fast","Nylon","1.28","1.33","6.4","7.3","8.5","41.34","34.5","31.1","40.4","81.8","31.7","","169.7","5.56","3.82","0.15","9.5","18.8","92.7","0.181","0.459","2.5"
"Wilson NXT OS","40","Slow","Nylon","1.28","1.33","6.4","7.3","8.5","31.73","43.6","20.2","15.4","47.2","11.9","","153.7","4.74","3.22","0.00","7.9","20.1","98.2","0.181","0.459","2.5"
"Wilson NXT OS","40","Medium","Nylon","1.28","1.33","6.4","7.3","8.5","31.58","39.4","28.1","30.2","61.7","21.7","","156.0","4.74","3.37","0.03","8.2","20.5","94.3","0.181","0.459","2.5"
"Wilson NXT OS","40","Fast","Nylon","1.28","1.33","6.4","7.3","8.5","31.49","37.1","33.8","39.9","71.2","30.1","","141.7","4.74","3.46","0.09","8.4","20.9","90.4","0.181","0.459","2.5"
"Wilson NXT Power 17 (1.26)","51","Fast","Nylon","1.26","1.35","6.4","7.3","8.2","43.64","34.3","31.9","39.7","83.1","33.2","16.5","157.7","3.40","3.68","0.16","7.3","14.3","91.6","0.088","0.488","5.5"
"Wilson NXT Tour 16","62","Slow","Nylon","1.3","1.35","5.8","7.0","8.2","51.27","36.3","17.0","14.6","65.9","14.0","","205.2","6.06","4.41","-0.17","10.4","16.7","95.8","0.122","0.466","3.8"
"Wilson NXT Tour 16","62","Medium","Nylon","1.3","1.35","5.8","7.0","8.2","51.16","33.7","24.0","30.0","81.1","24.3","","211.5","6.06","4.52","0.05","10.6","17.2","96.4","0.122","0.466","3.8"
"Wilson NXT Tour 16","62","Fast","Nylon","1.3","1.35","5.8","7.0","8.2","50.98","32.0","29.0","41.9","93.1","33.7","","202.9","6.06","4.70","0.38","11.0","18","94.1","0.122","0.466","3.8"
"Wilson NXT Tour 16","51","Slow","Nylon","1.3","1.35","5.8","7.0","8.2","40.40","39.6","18.1","15.7","56.0","12.7","","193.7","6.33","3.99","-0.04","10.4","20.3","98.0","0.122","0.466","3.8"
"Wilson NXT Tour 16","51","Medium","Nylon","1.3","1.35","5.8","7.0","8.2","40.31","36.3","26.0","31.1","71.2","23.2","","186.9","6.33","4.08","0.05","10.4","20.6","93.7","0.122","0.466","3.8"
"Wilson NXT Tour 16","51","Fast","Nylon","1.3","1.35","5.8","7.0","8.2","40.18","34.3","31.0","42.8","82.9","32.1","","180.6","6.33","4.21","0.29","10.8","21.3","91.8","0.122","0.466","3.8"
"Wilson NXT Tour 16","40","Slow","Nylon","1.3","1.35","5.8","7.0","8.2","29.90","43.7","20.5","17.0","46.7","12.0","","163.4","5.73","4.06","-0.02","9.7","24.6","96.4","0.122","0.466","3.8"
"Wilson NXT Tour 16","40","Medium","Nylon","1.3","1.35","5.8","7.0","8.2","29.83","39.5","28.1","32.6","62.4","21.9","","167.4","5.73","4.13","0.04","9.9","24.9","93.1","0.122","0.466","3.8"
"Wilson NXT Tour 16","40","Fast","Nylon","1.3","1.35","5.8","7.0","8.2","29.75","37.1","34.0","42.8","72.5","30.8","","150.9","5.73","4.21","0.14","10.1","25.4","88.4","0.122","0.466","3.8"
"Wilson NXT Tour 17","62","Slow","Nylon","1.26","1.30","6.1","7.3","8.2","52.04","36.4","17.0","13.9","65.9","14.0","","194.3","5.89","3.81","-0.09","9.7","15.6","96.8","0.119","0.425","3.6"
"Wilson NXT Tour 17","62","Medium","Nylon","1.26","1.30","6.1","7.3","8.2","51.69","33.9","24.0","28.9","80.5","24.2","","204.0","5.89","4.16","-0.11","9.9","16.1","96.2","0.119","0.425","3.6"
"Wilson NXT Tour 17","62","Fast","Nylon","1.26","1.30","6.1","7.3","8.2","51.60","32.2","29.0","41.0","92.6","33.6","","198.3","5.89","4.25","0.22","10.4","16.8","93.5","0.119","0.425","3.6"
"Wilson NXT Tour 17","51","Slow","Nylon","1.26","1.30","6.1","7.3","8.2","41.83","39.4","18.3","15.2","56.9","13.0","","184.0","4.94","3.95","-0.09","8.8","17.3","98.0","0.119","0.425","3.6"
"Wilson NXT Tour 17","51","Medium","Nylon","1.26","1.30","6.1","7.3","8.2","41.67","36.2","26.0","29.3","71.0","23.1","","176.6","4.94","4.11","-0.05","9.0","17.7","93.1","0.119","0.425","3.6"
"Wilson NXT Tour 17","51","Fast","Nylon","1.26","1.30","6.1","7.3","8.2","41.56","34.3","31.0","41.7","83.1","32.3","","175.5","4.94","4.22","0.19","9.3","18.4","93.9","0.119","0.425","3.6"
"Wilson NXT Tour 17","40","Slow","Nylon","1.26","1.30","6.1","7.3","8.2","30.83","43.6","20.8","16.3","47.2","12.3","","153.2","4.90","3.96","-0.02","8.8","22.3","95.5","0.119","0.425","3.6"
"Wilson NXT Tour 17","40","Medium","Nylon","1.26","1.30","6.1","7.3","8.2","30.76","39.5","28.4","30.9","61.5","21.8","","154.9","4.90","4.03","0.02","9.0","22.6","93.7","0.119","0.425","3.6"
"Wilson NXT Tour 17","40","Fast","Nylon","1.26","1.30","6.1","7.3","8.2","30.69","37.2","33.7","41.5","72.1","30.4","","148.0","4.90","4.10","0.11","9.0","22.9","89.9","0.119","0.425","3.6"
"Toroline O-Toro 17 (1.23)","51","Fast","Polyester","1.23","1.33","6.1","7.3","8.5","28.33","37.1","33.9","47.0","75.2","31.9","14.7","165.7","4.96","17.43","0.15","22.5","44.4","84.3","0.064","0.601","9.4"
"Toroline O-TORO Snap 16L (1.25)","51","Fast","Polyester","1.25","1.30","1.5","3.0","3.3","29.88","36.5","33.8","46.3","76.3","32.2","14.7","164.6","4.85","15.99","0.33","21.2","41.7","84.6","0.061","0.529","8.7"
"Toroline O-Toro Spin 17 (1.23)","51","Fast","Polyester","1.23","1.20","1.8","3.9","5.5","31.53","35.9","33.0","46.3","77.8","32.1","14.8","173.2","3.77","15.42","0.26","19.4","38.3","85.4","0.084","0.687","8.2"
"Toroline O-Toro Tour 17 (1.23)","51","Fast","Polyester","1.23","1.21","2.1","2.7","3.6","38.26","33.3","31.0","50.9","89.3","34.6","16.2","216.6","3.06","9.40","0.20","12.6","25","86.5","0.079","0.608","7.7"
"Gamma Ocho 16 (1.30)","51","Fast","Polyester","1.3","1.26","2.4","2.4","3.9","38.92","32.5","30.0","53.8","92.6","34.8","16.7","242.9","3.55","8.25","0.05","11.9","23.3","90.4","0.079","0.549","6.9"
"Gamma Ocho 17 (1.25)","51","Fast","Polyester","1.25","NA","8.2","9.4","3.0","40.35","32.6","30.0","51.4","91.7","34.4","16.8","231.5","2.60","7.77","0.31","10.6","21","89.1","0.079","0.561","7.1"
"Gamma Ocho TNT 16 (1.30)","51","Fast","Nylon","1.3","1.29","1.5","3.0","3.3","44.12","33.0","31.0","44.3","88.4","34.2","16.9","186.9","3.95","2.65","0.11","6.6","13.2","93.5","0.087","0.471","5.4"
"Gamma Ocho TNT 17 (1.25)","51","Fast","Nylon","1.25","NA","2.4","3.9","4.2","45.42","33.0","30.5","42.8","88.2","33.6","17.1","186.3","2.98","2.32","0.11","5.5","10.7","94.1","0.094","0.472","5"
"Gamma Ocho XP 16 (1.32)","51","Fast","Nylon","1.32","1.34","1.5","2.4","8.5","41.08","34.7","32.0","37.5","78.5","31.4","16.0","148.6","4.30","5.34","0.20","9.9","19.4","92.9","0.149","0.44","3"
"Gamma Ocho XP 17 (1.27)","51","Fast","Nylon","1.27","NA","2.7","4.2","10.3","40.35","34.9","32.1","37.3","77.6","31.1","15.7","147.4","3.88","6.49","0.22","10.6","20.9","93.9","0.138","0.5","3.6"
"Gosen OG Sheep Micro 17","62","Slow","Nylon","1.22","1.25","7.9","9.1","10.3","48.71","37.5","17.6","15.0","63.7","14.0","","195.5","7.41","5.62","-0.04","13.0","21","97.4","0.123","0.399","3.2"
"Gosen OG Sheep Micro 17","62","Medium","Nylon","1.22","1.25","7.9","9.1","10.3","48.51","34.8","24.9","29.8","78.3","24.4","","194.9","7.41","5.82","0.00","13.2","21.4","96.4","0.123","0.399","3.2"
"Gosen OG Sheep Micro 17","62","Fast","Nylon","1.22","1.25","7.9","9.1","10.3","48.33","32.9","30.0","40.8","89.1","33.4","","183.5","7.41","6.00","0.22","13.7","22.1","94.5","0.123","0.399","3.2"
"Gosen OG Sheep Micro 17","51","Slow","Nylon","1.22","1.25","7.9","9.1","10.3","39.29","40.7","19.0","15.9","55.1","13.1","","178.3","5.84","5.59","0.00","11.5","22.5","98.4","0.123","0.399","3.2"
"Gosen OG Sheep Micro 17","51","Medium","Nylon","1.22","1.25","7.9","9.1","10.3","39.14","37.2","26.7","29.5","68.6","22.9","","168.0","5.84","5.74","0.05","11.7","22.9","93.7","0.123","0.399","3.2"
"Gosen OG Sheep Micro 17","51","Fast","Nylon","1.22","1.25","7.9","9.1","10.3","39.01","35.1","32.0","41.2","80.3","32.1","","163.4","5.84","5.87","0.20","11.9","23.5","92.9","0.123","0.399","3.2"
"Gosen OG Sheep Micro 17","40","Slow","Nylon","1.22","1.25","7.9","9.1","10.3","28.58","45.5","21.7","16.1","44.8","12.1","","139.4","5.60","5.51","0.00","11.0","28","97.0","0.123","0.399","3.2"
"Gosen OG Sheep Micro 17","40","Medium","Nylon","1.22","1.25","7.9","9.1","10.3","28.49","40.9","29.5","30.0","58.7","21.6","","140.6","5.60","5.60","0.05","11.2","28.3","92.2","0.123","0.399","3.2"
"Gosen OG Sheep Micro 17","40","Fast","Nylon","1.22","1.25","7.9","9.1","10.3","28.40","38.3","34.9","40.1","68.6","30.0","","133.7","5.60","5.69","0.18","11.5","28.9","89.7","0.123","0.399","3.2"
"Gosen OG Sheep Micro 18","62","Slow","Nylon","1.15","1.19","8.2","9.1","10.3","49.94","37.5","17.7","14.1","63.9","14.2","","182.3","6.28","5.52","-0.03","11.7","19.1","97.4","0.114","0.36","3.2"
"Gosen OG Sheep Micro 18","62","Medium","Nylon","1.15","1.19","8.2","9.1","10.3","49.79","34.8","24.9","28.0","77.8","24.2","","184.6","6.28","5.67","0.07","12.1","19.5","97.2","0.114","0.36","3.2"
"Gosen OG Sheep Micro 18","62","Fast","Nylon","1.15","1.19","8.2","9.1","10.3","49.61","33.0","30.0","39.5","89.1","33.4","","178.3","6.28","5.85","0.26","12.3","20.1","94.1","0.114","0.36","3.2"
"Gosen OG Sheep Micro 18","51","Slow","Nylon","1.15","1.19","8.2","9.1","10.3","40.33","40.5","19.0","14.3","54.7","13.0","","162.3","5.58","4.81","0.00","10.4","20.5","99.6","0.114","0.36","3.2"
"Gosen OG Sheep Micro 18","51","Medium","Nylon","1.15","1.19","8.2","9.1","10.3","40.18","37.2","26.5","29.1","69.5","23.0","","168.6","5.58","4.96","0.05","10.6","20.9","94.3","0.114","0.36","3.2"
"Gosen OG Sheep Micro 18","51","Fast","Nylon","1.15","1.19","8.2","9.1","10.3","40.04","35.1","32.0","40.1","80.3","32.1","","159.4","5.58","5.10","0.20","10.8","21.4","94.3","0.114","0.36","3.2"
"Gosen OG Sheep Micro 18","40","Slow","Nylon","1.15","1.19","8.2","9.1","10.3","30.94","44.3","21.0","15.7","46.5","12.2","","145.2","4.98","3.77","0.05","8.8","22.2","96.8","0.114","0.36","3.2"
"Gosen OG Sheep Micro 18","40","Medium","Nylon","1.15","1.19","8.2","9.1","10.3","30.80","40.1","28.9","29.8","60.6","21.9","","144.0","4.98","3.91","0.06","9.0","22.6","93.7","0.114","0.36","3.2"
"Gosen OG Sheep Micro 18","40","Fast","Nylon","1.15","1.19","8.2","9.1","10.3","30.67","37.6","34.0","40.6","71.2","30.3","","142.3","4.98","4.04","0.13","9.0","23.1","89.5","0.114","0.36","3.2"
"Gosen OG Sheep Micro Super 16L","62","Slow","Nylon","1.25","1.25","7.0","8.2","9.1","50.27","37.3","17.7","14.6","64.8","14.3","","188.6","6.00","5.47","0.00","11.5","18.6","99.2","0.145","0.398","2.7"
"Gosen OG Sheep Micro Super 16L","62","Medium","Nylon","1.25","1.25","7.0","8.2","9.1","50.03","34.6","24.7","29.3","79.4","24.6","","194.9","6.00","5.71","0.04","11.7","19","96.0","0.145","0.398","2.7"
"Gosen OG Sheep Micro Super 16L","62","Fast","Nylon","1.25","1.25","7.0","8.2","9.1","49.81","32.7","29.9","40.4","90.2","33.8","","183.5","6.00","5.93","0.22","12.1","19.7","92.0","0.145","0.398","2.7"
"Gosen OG Sheep Micro Super 16L","51","Slow","Nylon","1.25","1.25","7.0","8.2","9.1","40.35","40.1","19.0","15.2","55.6","13.2","","171.5","5.58","4.79","0.00","10.4","20.4","98.4","0.145","0.398","2.7"
"Gosen OG Sheep Micro Super 16L","51","Medium","Nylon","1.25","1.25","7.0","8.2","9.1","40.20","36.9","26.3","30.4","70.6","23.2","","178.3","5.58","4.94","0.07","10.6","20.9","95.3","0.145","0.398","2.7"
"Gosen OG Sheep Micro Super 16L","51","Fast","Nylon","1.25","1.25","7.0","8.2","9.1","40.04","34.7","31.8","40.8","80.9","32.2","","164.0","5.58","5.10","0.20","10.8","21.4","92.7","0.145","0.398","2.7"
"Gosen OG Sheep Micro Super 16L","40","Slow","Nylon","1.25","1.25","7.0","8.2","9.1","30.65","44.1","20.9","15.9","46.5","12.2","","148.6","5.38","3.66","0.00","9.0","22.8","97.8","0.145","0.398","2.7"
"Gosen OG Sheep Micro Super 16L","40","Medium","Nylon","1.25","1.25","7.0","8.2","9.1","30.54","39.8","28.7","31.1","61.7","22.1","","153.7","5.38","3.77","0.07","9.3","23.2","92.5","0.145","0.398","2.7"
"Gosen OG Sheep Micro Super 16L","40","Fast","Nylon","1.25","1.25","7.0","8.2","9.1","30.43","37.3","34.0","41.7","72.1","30.6","","146.3","5.38","3.88","0.16","9.5","23.7","89.1","0.145","0.398","2.7"
"Gosen OG-Sheep Micro 16","62","Fast","Nylon","1.29","1.32","NA","NA","9.1","49.13","32.3","29.7","43.9","93.1","34.6","","201.7","8.27","4.34","0.18","12.8","20.7","93.3","0.105","0.359","3.4"
"Gosen OG-Sheep Micro 16","51","Slow","Nylon","1.29","1.32","NA","NA","9.1","40.46","39.8","18.1","15.7","56.2","12.7","","194.9","6.66","3.60","-0.11","10.1","20","96.6","0.105","0.359","3.4"
"Gosen OG-Sheep Micro 16","51","Medium","Nylon","1.29","1.32","NA","NA","9.1","40.29","36.3","26.0","32.0","72.3","23.5","","192.0","6.66","3.77","0.07","10.6","20.7","94.1","0.105","0.359","3.4"
"Gosen OG-Sheep Micro 16","51","Fast","Nylon","1.29","1.32","NA","NA","9.1","40.09","34.2","31.2","44.1","84.2","32.9","","183.5","6.66","3.97","0.18","10.8","21.3","92.4","0.105","0.359","3.4"
"Gosen OG-Sheep Micro 16","40","Slow","Nylon","1.29","1.32","NA","NA","9.1","29.22","44.3","20.5","16.8","45.9","11.8","","161.7","5.16","5.31","-0.02","10.4","26.3","96.2","0.105","0.359","3.4"
"Gosen OG-Sheep Micro 16","40","Medium","Nylon","1.29","1.32","NA","NA","9.1","29.15","39.8","28.9","32.6","61.7","22.3","","158.9","5.16","5.38","0.09","10.6","26.8","93.3","0.105","0.359","3.4"
"Gosen OG-Sheep Micro 16","40","Fast","Nylon","1.29","1.32","NA","NA","9.1","29.02","37.4","34.0","42.8","71.7","30.5","","150.3","5.16","5.51","0.18","10.8","27.3","91.0","0.105","0.359","3.4"
"Gosen OG-Sheep Micro 16","62","Slow","Nylon","1.29","1.32","NA","NA","9.1","49.86","37.0","17.0","15.0","64.8","13.8","","209.7","8.27","3.61","0.05","11.9","19.3","97.2","0.105","0.359","3.4"
"Gosen OG-Sheep Micro 16","62","Medium","Nylon","1.29","1.32","NA","NA","9.1","49.48","34.1","24.1","31.1","80.7","24.3","","217.7","8.27","3.99","0.13","12.3","20.1","96.0","0.105","0.359","3.4"
"Wilson Optimus 16 (1.30)","40","Slow","Nylon","1.3","NA","8.5","9.7","11.2","28.18","46.7","22.0","15.4","43.7","12.0","6.2","129.7","5.20","6.31","0.00","11.5","29","98.0","0.116","0.42","3.6"
"Wilson Optimus 16 (1.30)","40","Medium","Nylon","1.3","NA","8.5","9.7","11.2","28.22","41.5","30.4","28.9","57.1","21.7","10.6","126.9","5.20","6.27","0.41","11.9","29.9","93.9","0.116","0.42","3.6"
"Wilson Optimus 16 (1.30)","40","Fast","Nylon","1.3","NA","8.5","9.7","11.2","28.11","39.0","36.0","37.9","65.9","29.7","14.2","118.3","5.20","6.38","0.59","12.1","30.7","88.4","0.116","0.42","3.6"
"Wilson Optimus 16 (1.30)","51","Slow","Nylon","1.3","NA","8.5","9.7","11.2","40.11","41.7","20.0","14.1","54.2","13.5","7.0","145.2","4.52","6.09","0.20","10.8","21.3","98.4","0.116","0.42","3.6"
"Wilson Optimus 16 (1.30)","51","Medium","Nylon","1.3","NA","8.5","9.7","11.2","39.98","37.7","27.9","27.8","67.7","23.6","11.8","144.6","4.52","6.22","0.20","11.0","21.6","95.3","0.116","0.42","3.6"
"Wilson Optimus 16 (1.30)","51","Fast","Nylon","1.3","NA","8.5","9.7","11.2","39.91","35.5","32.9","37.3","77.2","31.8","15.6","140.0","4.52","6.29","0.75","11.5","22.8","92.5","0.116","0.42","3.6"
"Wilson Optimus 16 (1.30)","62","Slow","Nylon","1.3","NA","8.5","9.7","11.2","49.68","38.8","18.0","12.8","62.4","14.1","7.6","158.9","5.29","6.77","0.09","12.1","19.7","96.6","0.116","0.42","3.6"
"Wilson Optimus 16 (1.30)","62","Medium","Nylon","1.3","NA","8.5","9.7","11.2","49.61","35.4","26.0","26.2","75.9","24.7","12.5","158.3","5.29","6.84","0.09","12.1","19.8","96.6","0.116","0.42","3.6"
"Wilson Optimus 16 (1.30)","62","Fast","Nylon","1.3","NA","8.5","9.7","11.2","49.50","33.5","31.0","36.4","86.0","33.3","16.7","153.7","5.29","6.95","1.01","13.2","21.5","94.9","0.116","0.42","3.6"
"Babolat Origin 16 (1.30)","51","Fast","Nylon","1.3","NA","1.5","8.2","11.2","43.28","33.9","32.0","42.1","85.3","34.2","16.9","166.9","3.37","4.07","0.19","7.7","15","93.5","0.077","0.429","5.6"
"Babolat Origin 17","40","Slow","Nylon","1.25","NA","4.5","5.5","6.4","29.90","44.8","21.7","17.2","47.2","12.8","6.5","148.6","5.20","4.59","-0.02","9.7","24.6","84.1","0.066","0.425","6.4"
"Babolat Origin 17","40","Medium","Nylon","1.25","NA","4.5","5.5","6.4","29.75","39.3","29.6","33.7","63.5","23.5","11.3","156.0","5.20","4.74","0.05","9.9","25.2","94.7","0.066","0.425","6.4"
"Babolat Origin 17","40","Fast","Nylon","1.25","NA","4.5","5.5","6.4","29.66","36.6","34.0","45.0","74.7","31.8","14.8","157.7","5.20","4.83","0.11","10.1","25.6","92.4","0.066","0.425","6.4"
"Babolat Origin 17","51","Slow","Nylon","1.25","NA","4.5","5.5","6.4","42.62","40.0","19.0","15.7","58.2","13.8","7.3","176.0","3.53","4.57","0.00","8.2","16","99.4","0.066","0.425","6.4"
"Babolat Origin 17","51","Medium","Nylon","1.25","NA","4.5","5.5","6.4","42.27","36.0","26.1","31.5","73.9","24.1","12.5","187.5","3.53","4.92","0.02","8.4","16.7","97.4","0.066","0.425","6.4"
"Babolat Origin 17","51","Fast","Nylon","1.25","NA","4.5","5.5","6.4","42.12","33.8","31.9","43.0","85.1","34.0","16.5","171.5","3.53","5.07","0.16","8.8","17.3","93.9","0.066","0.425","6.4"
"Babolat Origin 17","62","Slow","Nylon","1.25","NA","4.5","5.5","6.4","53.27","37.0","17.8","14.1","67.5","15.0","7.9","182.3","3.44","5.03","0.04","8.6","13.8","98.4","0.066","0.425","6.4"
"Babolat Origin 17","62","Medium","Nylon","1.25","NA","4.5","5.5","6.4","52.85","33.7","24.4","30.0","82.9","25.3","13.0","204.0","3.44","5.45","0.02","8.8","14.4","97.6","0.066","0.425","6.4"
"Babolat Origin 17","62","Fast","Nylon","1.25","NA","4.5","5.5","6.4","52.61","31.8","29.9","42.1","94.8","35.4","18.0","192.0","3.44","5.69","0.20","9.3","15.1","95.1","0.066","0.425","6.4"
"Solinco Outlast 16","62","Slow","Polyester","1.3","1.35","1.5","2.7","3.9","36.89","38.4","18.0","24.7","61.5","13.9","","308.6","9.72","15.13","-0.37","24.5","39.6","98.0","0.069","0.416","6"
"Solinco Outlast 16","62","Medium","Polyester","1.3","1.35","1.5","2.7","3.9","37.53","34.9","25.0","40.8","78.3","24.5","","264.6","9.72","14.49","0.27","24.5","39.6","93.5","0.069","0.416","6"
"Solinco Outlast 16","62","Fast","Polyester","1.3","1.35","1.5","2.7","3.9","37.53","33.2","30.0","52.0","89.5","33.5","","235.5","9.72","14.49","0.57","24.7","40.1","87.8","0.069","0.416","6"
"Solinco Outlast 16","51","Slow","Polyester","1.3","1.35","1.5","2.7","3.9","26.68","41.9","20.0","27.1","53.8","13.4","","274.9","8.16","15.88","-0.22","23.8","47","97.2","0.069","0.416","6"
"Solinco Outlast 16","51","Medium","Polyester","1.3","1.35","1.5","2.7","3.9","27.28","37.6","27.0","42.3","69.7","23.5","","236.0","8.16","15.28","0.33","23.8","46.9","89.1","0.069","0.416","6"
"Solinco Outlast 16","51","Fast","Polyester","1.3","1.35","1.5","2.7","3.9","27.28","35.6","32.0","52.5","79.6","31.9","","208.0","8.16","15.28","0.56","24.0","47.3","86.7","0.069","0.416","6"
"Solinco Outlast 16","40","Slow","Polyester","1.3","1.35","1.5","2.7","3.9","17.51","45.5","22.0","29.1","46.5","12.8","","244.0","5.40","16.78","-0.09","22.1","55.7","93.3","0.069","0.416","6"
"Solinco Outlast 16","40","Medium","Polyester","1.3","1.35","1.5","2.7","3.9","17.95","40.6","29.4","44.1","62.2","22.8","","208.0","5.40","16.34","0.33","22.1","55.6","85.2","0.069","0.416","6"
"Solinco Outlast 16","40","Fast","Polyester","1.3","1.35","1.5","2.7","3.9","17.97","38.3","34.0","53.4","71.2","30.3","","187.5","5.40","16.32","0.48","22.3","55.9","80.8","0.069","0.416","6"
"Solinco Outlast 16L (1.25)","51","Fast","Polyester","1.25","1.29","1.5","4.2","7.0","36.34","33.9","31.8","51.6","88.0","35.0","16.6","208.0","4.04","10.34","0.22","14.6","28.8","88.7","0.073","0.474","6.5"
"Solinco Outlast 17","62","Slow","Polyester","1.2","1.24","2.4","4.2","5.8","35.04","39.7","19.0","23.4","58.4","13.9","","262.9","9.66","17.04","-0.33","26.5","42.7","97.0","0.074","0.406","5.5"
"Solinco Outlast 17","62","Medium","Polyester","1.2","1.24","2.4","4.2","5.8","35.63","36.0","26.0","38.8","74.5","24.2","","233.7","9.66","16.45","0.33","26.5","42.8","93.7","0.074","0.406","5.5"
"Solinco Outlast 17","62","Fast","Polyester","1.2","1.24","2.4","4.2","5.8","35.61","34.1","30.8","49.8","85.6","32.9","","214.3","9.66","16.47","0.55","26.7","43.2","88.5","0.074","0.406","5.5"
"Solinco Outlast 17","51","Slow","Polyester","1.2","1.24","2.4","4.2","5.8","25.47","43.1","20.5","25.1","50.5","13.0","","241.7","8.67","16.58","-0.15","25.1","49.5","94.7","0.074","0.406","5.5"
"Solinco Outlast 17","51","Medium","Polyester","1.2","1.24","2.4","4.2","5.8","25.91","39.1","28.0","39.7","65.5","23.0","","205.2","8.67","16.14","0.46","25.4","49.8","90.8","0.074","0.406","5.5"
"Solinco Outlast 17","51","Fast","Polyester","1.2","1.24","2.4","4.2","5.8","25.73","36.9","33.0","49.0","74.7","30.8","","182.9","8.67","16.32","0.57","25.6","50.4","83.9","0.074","0.406","5.5"
"Solinco Outlast 17","40","Slow","Polyester","1.2","1.24","2.4","4.2","5.8","15.44","48.4","23.8","26.5","41.9","12.5","","189.7","6.92","17.33","-0.04","24.3","61","89.3","0.074","0.406","5.5"
"Solinco Outlast 17","40","Medium","Polyester","1.2","1.24","2.4","4.2","5.8","15.85","43.6","31.0","38.8","54.7","21.2","","164.0","6.92","16.92","0.35","24.3","60.9","82.8","0.074","0.406","5.5"
"Solinco Outlast 17","40","Fast","Polyester","1.2","1.24","2.4","4.2","5.8","15.90","41.0","36.1","48.3","64.2","28.9","","150.9","6.92","16.87","0.53","24.3","61.3","76.9","0.074","0.406","5.5"
"Solinco Outlast 18 (1.15)","51","Fast","Polyester","1.15","1.35","2.4","2.4","3.9","37.37","34.6","32.2","47.6","84.9","34.2","17.1","186.3","3.09","10.26","0.30","13.7","26.9","90.6","0.077","0.509","6.6"
"Kirschbaum P2 16/1.30","62","Slow","Polyester","1.3","1.30","1.5","2.4","3.0","38.81","38.4","18.0","23.2","62.0","14.0","","291.5","9.55","13.38","-0.26","22.7","36.7","94.9","0.079","0.412","5.2"
"Kirschbaum P2 16/1.30","62","Medium","Polyester","1.3","1.30","1.5","2.4","3.0","39.32","34.5","25.0","41.7","80.9","25.3","","270.3","9.55","12.87","0.18","22.5","36.6","91.6","0.079","0.412","5.2"
"Kirschbaum P2 16/1.30","62","Fast","Polyester","1.3","1.30","1.5","2.4","3.0","39.29","32.8","30.0","48.5","87.8","32.9","","218.9","9.55","12.90","0.48","22.9","37.1","88.4","0.079","0.412","5.2"
"Kirschbaum P2 16/1.30","51","Slow","Polyester","1.3","1.30","1.5","2.4","3.0","31.33","40.6","19.2","25.1","56.4","13.5","","277.7","6.99","12.40","-0.22","19.2","37.8","95.1","0.079","0.412","5.2"
"Kirschbaum P2 16/1.30","51","Medium","Polyester","1.3","1.30","1.5","2.4","3.0","31.80","36.3","26.1","42.3","74.1","24.2","","253.2","6.99","11.93","0.22","19.2","37.7","90.6","0.079","0.412","5.2"
"Kirschbaum P2 16/1.30","51","Fast","Polyester","1.3","1.30","1.5","2.4","3.0","31.80","34.4","31.4","53.1","84.9","33.3","","218.9","6.99","11.93","0.49","19.4","38.3","86.3","0.079","0.412","5.2"
"Kirschbaum P2 16/1.30","40","Slow","Polyester","1.3","1.30","1.5","2.4","3.0","22.05","43.8","20.7","27.6","49.6","12.8","","262.3","5.25","12.39","-0.13","17.4","44.1","93.3","0.079","0.412","5.2"
"Kirschbaum P2 16/1.30","40","Medium","Polyester","1.3","1.30","1.5","2.4","3.0","22.45","38.8","28.0","44.5","66.8","23.4","","229.7","5.25","11.99","0.27","17.4","44.1","86.9","0.079","0.412","5.2"
"Kirschbaum P2 16/1.30","40","Fast","Polyester","1.3","1.30","1.5","2.4","3.0","22.45","36.6","33.4","55.6","77.8","32.6","","201.7","5.25","11.99","0.42","17.6","44.5","83.2","0.079","0.412","5.2"
"Kirschbaum P2 17 (1.25)","62","Slow","Polyester","1.25","1.26","1.2","2.4","3.0","42.27","36.9","17.6","23.4","65.7","14.4","","306.9","7.17","12.30","-0.57","19.0","30.6","96.0","0.095","0.465","4.9"
"Kirschbaum P2 17 (1.25)","62","Medium","Polyester","1.25","1.26","1.2","2.4","3.0","43.04","33.4","24.0","39.7","82.7","24.8","","280.6","7.17","11.53","0.06","18.7","30.4","93.3","0.095","0.465","4.9"
"Kirschbaum P2 17 (1.25)","62","Fast","Polyester","1.25","1.26","1.2","2.4","3.0","43.06","31.9","28.4","51.2","94.4","33.4","","258.3","7.17","11.51","0.64","19.4","31.3","89.1","0.095","0.465","4.9"
"Kirschbaum P2 17 (1.25)","51","Slow","Polyester","1.25","1.26","1.2","2.4","3.0","33.25","39.2","18.8","24.5","57.8","13.6","","282.3","6.20","11.27","-0.42","17.0","33.6","95.3","0.095","0.465","4.9"
"Kirschbaum P2 17 (1.25)","51","Medium","Polyester","1.25","1.26","1.2","2.4","3.0","33.93","35.2","25.7","41.2","75.2","24.2","","254.3","6.20","10.59","0.15","17.0","33.4","93.1","0.095","0.465","4.9"
"Kirschbaum P2 17 (1.25)","51","Fast","Polyester","1.25","1.26","1.2","2.4","3.0","33.96","33.5","30.0","52.3","86.2","32.3","","235.5","6.20","10.56","0.44","17.2","33.9","89.7","0.095","0.465","4.9"
"Kirschbaum P2 17 (1.25)","40","Slow","Polyester","1.25","1.26","1.2","2.4","3.0","23.13","42.8","20.2","27.8","50.7","12.8","","276.6","5.38","11.18","-0.18","16.3","41.3","93.3","0.095","0.465","4.9"
"Kirschbaum P2 17 (1.25)","40","Medium","Polyester","1.25","1.26","1.2","2.4","3.0","23.66","38.0","27.8","43.7","67.5","23.4","","229.7","5.38","10.65","0.29","16.3","41.1","88.7","0.095","0.465","4.9"
"Kirschbaum P2 17 (1.25)","40","Fast","Polyester","1.25","1.26","1.2","2.4","3.0","23.68","35.7","32.0","55.1","78.9","31.6","","218.3","5.38","10.63","0.35","16.3","41.2","84.8","0.095","0.465","4.9"
"Kirschbaum P2 17L (1.20)","62","Slow","Polyester","1.2","1.20","2.1","3.0","3.9","36.82","38.7","18.0","22.9","59.8","13.5","","288.0","8.20","16.72","-0.49","24.5","39.6","95.1","0.092","0.441","4.8"
"Kirschbaum P2 17L (1.20)","62","Medium","Polyester","1.2","1.20","2.1","3.0","3.9","37.55","35.2","34.6","38.8","76.5","33.1","","132.0","8.20","15.99","0.18","24.3","39.5","92.7","0.092","0.441","4.8"
"Kirschbaum P2 17L (1.20)","62","Fast","Polyester","1.2","1.20","2.1","3.0","3.9","37.57","33.3","30.0","49.8","87.3","32.7","","224.6","8.20","15.97","0.50","24.7","40","88.2","0.092","0.441","4.8"
"Kirschbaum P2 17L (1.20)","51","Slow","Polyester","1.2","1.20","2.1","3.0","3.9","29.48","41.4","20.0","24.0","53.6","13.4","","244.6","6.75","14.49","-0.44","20.7","41","94.5","0.092","0.441","4.8"
"Kirschbaum P2 17L (1.20)","51","Medium","Polyester","1.2","1.20","2.1","3.0","3.9","30.19","37.3","26.9","39.2","69.5","23.4","","220.6","6.75","13.78","0.33","20.9","41.1","90.2","0.092","0.441","4.8"
"Kirschbaum P2 17L (1.20)","51","Fast","Polyester","1.2","1.20","2.1","3.0","3.9","30.12","35.3","32.0","49.6","79.8","31.9","","197.2","6.75","13.85","0.48","21.2","41.6","85.2","0.092","0.441","4.8"
"Kirschbaum P2 17L (1.20)","40","Slow","Polyester","1.2","1.20","2.1","3.0","3.9","21.17","44.7","21.7","25.8","47.0","12.7","","221.7","5.69","12.83","-0.02","18.5","46.6","91.8","0.092","0.441","4.8"
"Kirschbaum P2 17L (1.20)","40","Medium","Polyester","1.2","1.20","2.1","3.0","3.9","21.50","40.1","28.8","40.8","62.2","22.4","","199.5","5.69","12.50","0.38","18.5","46.8","87.6","0.092","0.441","4.8"
"Kirschbaum P2 17L (1.20)","40","Fast","Polyester","1.2","1.20","2.1","3.0","3.9","21.39","37.7","34.0","50.3","71.7","30.4","","176.6","5.69","12.61","0.44","18.7","47.2","81.4","0.092","0.441","4.8"
"Tennis Only P6 17 (1.23)","51","Fast","Polyester","1.23","1.34","2.1","8.5","2.4","37.33","33.4","31.0","51.4","88.6","34.3","16.1","217.2","4.32","9.07","0.29","13.7","27","88.4","0.066","0.597","9"
"Polyfibre Panthera 16 (1.30)","51","Fast","Polyester","1.3","1.26","8.8","3.6","3.3","36.27","33.7","31.3","51.2","87.3","34.2","16.1","212.6","3.53","10.92","0.13","14.6","28.7","88.0","0.092","0.488","5.3"
"Dunlop Pearl 16 (1.30)","51","Fast","Nylon","1.3","1.22","7.6","2.4","3.0","41.96","35.3","32.6","36.2","78.3","31.9","15.8","138.3","4.41","4.35","0.18","8.8","17.6","93.3","0.111","0.431","3.9"
"Dunlop Pearl 17 (1.25)","51","Fast","Nylon","1.25","1.31","NA","NA","10.3","41.74","35.1","32.3","37.0","78.9","31.8","16.1","145.2","4.19","4.79","0.22","9.3","18.1","93.3","0.134","0.409","3.1"
"Head PerfectControl 16","62","Slow","Polyolefin","1.3","1.38","NA","NA","7.6","51.27","36.7","17.0","11.9","63.1","13.4","","166.9","5.95","4.52","0.03","10.6","17","94.7","0.149","0.394","2.6"
"Head PerfectControl 16","62","Medium","Polyolefin","1.3","1.38","NA","NA","7.6","50.87","34.3","24.3","25.8","76.5","23.3","","176.6","5.95","4.92","0.09","11.0","17.7","97.0","0.149","0.394","2.6"
"Head PerfectControl 16","62","Fast","Polyolefin","1.3","1.38","NA","NA","7.6","50.58","32.7","29.9","36.6","87.1","32.6","","165.2","5.95","5.21","0.24","11.5","18.5","94.9","0.149","0.394","2.6"
"Head PerfectControl 16","51","Slow","Polyolefin","1.3","1.38","NA","NA","7.6","41.39","39.6","18.0","13.2","54.5","12.3","","164.6","5.36","3.97","0.05","9.3","18.5","98.4","0.149","0.394","2.6"
"Head PerfectControl 16","51","Medium","Polyolefin","1.3","1.38","NA","NA","7.6","41.06","36.6","26.0","26.9","67.9","22.1","","161.7","5.36","4.30","0.11","9.7","19.3","96.4","0.149","0.394","2.6"
"Head PerfectControl 16","51","Fast","Polyolefin","1.3","1.38","NA","NA","7.6","40.81","34.7","32.0","37.9","78.7","31.5","","150.9","5.36","4.55","0.22","10.1","20","93.3","0.149","0.394","2.6"
"Head PerfectControl 16","40","Slow","Polyolefin","1.3","1.38","NA","NA","7.6","30.85","43.9","20.1","14.3","45.2","11.3","","144.0","5.16","3.68","-0.02","8.8","22.2","97.6","0.149","0.394","2.6"
"Head PerfectControl 16","40","Medium","Polyolefin","1.3","1.38","NA","NA","7.6","30.54","39.7","29.0","29.1","59.5","21.6","","141.2","5.16","3.99","1.17","10.4","26","95.5","0.149","0.394","2.6"
"Head PerfectControl 16","40","Fast","Polyolefin","1.3","1.38","NA","NA","7.6","30.38","37.4","34.0","39.0","69.2","29.5","","136.6","5.16","4.15","0.15","9.5","23.8","91.8","0.149","0.394","2.6"
"Prince Perfection 16 (1.30)","51","Fast","Nylon","1.3","1.37","NA","NA","12.4","42.98","34.0","31.8","40.6","83.3","33.2","16.4","162.9","6.84","0.90","0.18","7.9","15.6","92.5","0.113","0.496","4.4"
"Signum Pro Plasma HEXtreme 16 (1.30)","51","Fast","Polyester","1.3","1.37","NA","NA","12.4","38.48","33.2","30.8","52.9","91.3","35.2","16.5","225.7","3.64","8.60","0.33","12.6","24.8","88.9","0.081","0.594","7.3"
"Signum Pro Plasma HEXtreme 16L/1.25","62","Slow","Polyester","1.25","1.24","1.8","2.4","3.3","37.82","39.1","17.1","23.2","61.1","13.1","","321.2","9.37","14.55","-0.30","23.6","38.2","94.9","0.076","0.451","5.9"
"Signum Pro Plasma HEXtreme 16L/1.25","62","Medium","Polyester","1.25","1.24","1.8","2.4","3.3","38.41","35.2","25.9","40.4","78.7","25.5","","245.2","9.37","13.96","0.15","23.4","38","92.2","0.076","0.451","5.9"
"Signum Pro Plasma HEXtreme 16L/1.25","51","Slow","Polyester","1.25","1.24","1.8","2.4","3.3","29.50","41.6","20.0","24.9","54.5","13.6","","254.9","7.45","13.77","-0.40","20.7","41","94.5","0.076","0.451","5.9"
"Signum Pro Plasma HEXtreme 16L/1.25","51","Medium","Polyester","1.25","1.24","1.8","2.4","3.3","30.16","37.3","27.0","41.0","71.2","24.0","","228.6","7.45","13.11","0.26","20.7","41","89.3","0.076","0.451","5.9"
"Signum Pro Plasma HEXtreme 16L/1.25","51","Fast","Polyester","1.25","1.24","1.8","2.4","3.3","30.10","35.2","32.0","51.6","81.8","32.7","","204.6","7.45","13.17","0.44","21.2","41.5","86.1","0.076","0.451","5.9"
"Signum Pro Plasma HEXtreme 16L/1.25","40","Slow","Polyester","1.25","1.24","1.8","2.4","3.3","20.73","45.1","21.9","27.1","47.8","13.1","","229.7","5.64","13.32","-0.26","18.7","47.1","93.5","0.076","0.451","5.9"
"Signum Pro Plasma HEXtreme 16L/1.25","40","Medium","Polyester","1.25","1.24","1.8","2.4","3.3","21.37","39.9","29.0","42.8","64.2","23.3","","206.9","5.64","12.68","0.31","18.5","46.9","87.4","0.076","0.451","5.9"
"Signum Pro Plasma HEXtreme 16L/1.25","40","Fast","Polyester","1.25","1.24","1.8","2.4","3.3","21.32","37.6","34.0","52.9","74.1","31.5","","185.7","5.64","12.73","0.39","18.7","47.3","81.4","0.076","0.451","5.9"
"Leopard Plus Control 16","62","Slow","Polyester","1.3","1.31","1.2","2.1","3.0","39.47","38.2","18.0","24.7","64.2","14.4","","310.3","8.11","14.16","-0.53","21.8","35.2","95.6","0.097","0.378","3.9"
"Leopard Plus Control 16","62","Medium","Polyester","1.3","1.31","1.2","2.1","3.0","40.13","34.3","25.0","43.2","83.3","26.0","","281.2","8.11","13.50","0.22","21.8","35.4","91.6","0.097","0.378","3.9"
"Leopard Plus Control 16","62","Fast","Polyester","1.3","1.31","1.2","2.1","3.0","40.13","32.5","29.9","54.7","94.8","35.4","","249.7","8.11","13.50","0.57","22.3","35.9","87.4","0.097","0.378","3.9"
"Leopard Plus Control 16","51","Slow","Polyester","1.3","1.31","1.2","2.1","3.0","30.25","40.9","19.5","26.7","56.9","13.9","","285.8","7.28","13.19","-0.40","20.1","39.6","94.5","0.097","0.378","3.9"
"Leopard Plus Control 16","51","Medium","Polyester","1.3","1.31","1.2","2.1","3.0","30.91","36.4","26.2","43.9","74.7","24.5","","258.3","7.28","12.53","0.19","20.1","39.4","89.5","0.097","0.378","3.9"
"Leopard Plus Control 16","51","Fast","Polyester","1.3","1.31","1.2","2.1","3.0","30.87","34.5","31.4","54.9","85.8","33.7","","225.7","7.28","12.57","0.44","20.3","40","85.0","0.097","0.378","3.9"
"Leopard Plus Control 16","40","Slow","Polyester","1.3","1.31","1.2","2.1","3.0","21.87","43.7","20.9","29.1","50.9","13.3","","270.3","4.96","12.86","-0.42","17.4","43.8","92.5","0.097","0.378","3.9"
"Leopard Plus Control 16","40","Medium","Polyester","1.3","1.31","1.2","2.1","3.0","22.58","38.6","28.1","46.5","69.0","24.3","","238.9","4.96","12.15","0.20","17.4","43.6","86.1","0.097","0.378","3.9"
"Leopard Plus Control 16","40","Fast","Polyester","1.3","1.31","1.2","2.1","3.0","22.49","36.3","33.0","57.3","79.8","32.9","","213.7","4.96","12.24","0.18","17.4","43.8","82.3","0.097","0.378","3.9"
"Pacific PMX 16L","62","Slow","Nylon","1.28","1.28","7.6","8.8","10.0","46.81","37.9","17.7","14.1","60.9","13.5","","180.6","6.33","8.60","-0.16","14.8","23.9","96.6","0.192","0.392","2"
"Pacific PMX 16L","62","Medium","Nylon","1.28","1.28","7.6","8.8","10.0","46.86","34.5","27.1","31.8","78.7","26.6","","175.5","6.33","8.55","0.36","15.2","24.7","95.1","0.192","0.392","2"
"Pacific PMX 16L","62","Fast","Nylon","1.28","1.28","7.6","8.8","10.0","46.55","33.0","31.6","41.2","87.8","34.7","","168.6","6.33","8.86","-1.67","13.5","21.9","93.1","0.192","0.392","2"
"Pacific PMX 16L","51","Slow","Nylon","1.28","1.28","7.6","8.8","10.0","37.90","41.4","19.8","15.2","53.1","13.2","","158.3","5.23","7.59","-0.05","12.8","25.2","97.0","0.192","0.392","2"
"Pacific PMX 16L","51","Medium","Nylon","1.28","1.28","7.6","8.8","10.0","37.95","37.0","29.0","32.9","70.8","25.7","","157.7","5.23","7.54","0.11","12.8","25.4","93.7","0.192","0.392","2"
"Pacific PMX 16L","51","Fast","Nylon","1.28","1.28","7.6","8.8","10.0","37.86","35.3","33.9","41.5","79.4","33.6","","146.3","5.23","7.63","0.46","13.2","26.3","90.6","0.192","0.392","2"
"Pacific PMX 16L","40","Slow","Nylon","1.28","1.28","7.6","8.8","10.0","27.67","46.0","22.0","15.7","43.4","11.9","","131.4","4.92","7.10","0.02","12.1","30.3","96.2","0.192","0.392","2"
"Pacific PMX 16L","40","Medium","Nylon","1.28","1.28","7.6","8.8","10.0","27.67","40.6","32.0","32.2","59.8","23.9","","127.4","4.92","7.10","0.13","12.1","30.6","92.4","0.192","0.392","2"
"Pacific PMX 16L","40","Fast","Nylon","1.28","1.28","7.6","8.8","10.0","27.63","38.5","37.0","41.0","68.8","31.8","","121.7","4.92","7.14","0.22","12.3","30.9","86.9","0.192","0.392","2"
"Pacific PMX 17","62","Slow","Nylon","1.23","1.22","8.5","10.3","11.8","48.38","38.0","17.7","12.1","60.4","13.4","","156.6","6.33","7.03","-0.02","13.2","21.6","97.8","NA","NA","NA"
"Pacific PMX 17","62","Medium","Nylon","1.23","1.22","8.5","10.3","11.8","48.14","35.3","25.5","26.5","74.7","23.8","","165.7","6.33","7.27","-0.06","13.5","21.9","97.0","NA","NA","NA"
"Pacific PMX 17","62","Fast","Nylon","1.23","1.22","8.5","10.3","11.8","48.02","33.5","30.2","37.3","85.1","32.1","","165.7","6.33","7.39","0.15","13.9","22.5","94.3","NA","NA","NA"
"Pacific PMX 17","51","Slow","Nylon","1.23","1.22","8.5","10.3","11.8","37.57","41.7","19.3","13.2","50.9","12.3","","145.7","5.71","7.44","0.02","13.2","26","98.0","NA","NA","NA"
"Pacific PMX 17","51","Medium","Nylon","1.23","1.22","8.5","10.3","11.8","37.48","38.1","27.8","27.6","65.0","22.6","","145.2","5.71","7.53","0.02","13.2","26.1","94.5","NA","NA","NA"
"Pacific PMX 17","51","Fast","Nylon","1.23","1.22","8.5","10.3","11.8","37.42","36.1","33.0","37.5","75.0","30.9","","140.0","5.71","7.59","0.18","13.5","26.6","92.5","NA","NA","NA"
"Pacific PMX 17","40","Slow","Nylon","1.23","1.22","8.5","10.3","11.8","28.44","45.9","21.4","13.9","42.3","11.4","","122.9","4.39","6.86","0.02","11.2","28.4","97.2","NA","NA","NA"
"Pacific PMX 17","40","Medium","Nylon","1.23","1.22","8.5","10.3","11.8","28.40","41.5","30.0","27.1","55.6","20.8","","122.3","4.39","6.90","0.02","11.2","28.5","90.1","NA","NA","NA"
"Pacific PMX 17","40","Fast","Nylon","1.23","1.22","8.5","10.3","11.8","28.40","39.2","35.9","36.4","64.8","29.1","","114.3","4.39","6.90","0.15","11.5","28.8","90.1","NA","NA","NA"
"Prince Poly EXP 17","62","Slow","Polyester","1.25","1.26","1.5","3.0","3.6","37.26","38.3","18.0","24.9","62.2","14.0","","310.3","9.39","15.09","-0.34","24.3","39.1","97.0","0.094","0.414","4.4"
"Prince Poly EXP 17","62","Medium","Polyester","1.25","1.26","1.5","3.0","3.6","37.86","34.7","25.0","42.8","80.5","25.2","","277.7","9.39","14.49","0.15","24.0","38.9","92.0","0.094","0.414","4.4"
"Prince Poly EXP 17","62","Fast","Polyester","1.25","1.26","1.5","3.0","3.6","37.86","33.0","29.9","53.6","91.5","34.2","","243.5","9.39","14.49","0.60","24.5","39.6","86.3","0.094","0.414","4.4"
"Prince Poly EXP 17","51","Slow","Polyester","1.25","1.26","1.5","3.0","3.6","28.40","41.4","20.0","26.5","54.9","13.7","","269.2","7.39","14.93","-0.38","21.8","43.3","94.5","0.094","0.414","4.4"
"Prince Poly EXP 17","51","Medium","Polyester","1.25","1.26","1.5","3.0","3.6","29.06","37.2","26.9","41.9","71.0","23.9","","235.5","7.39","14.27","0.31","22.1","43.3","88.9","0.094","0.414","4.4"
"Prince Poly EXP 17","51","Fast","Polyester","1.25","1.26","1.5","3.0","3.6","29.11","35.1","31.6","53.6","82.7","32.6","","217.7","7.39","14.22","0.56","22.3","43.7","83.7","0.094","0.414","4.4"
"Prince Poly EXP 17","40","Slow","Polyester","1.25","1.26","1.5","3.0","3.6","19.47","44.8","21.9","28.9","48.3","13.3","","242.9","5.34","14.88","-0.22","20.1","50.4","89.3","0.094","0.414","4.4"
"Prince Poly EXP 17","40","Medium","Polyester","1.25","1.26","1.5","3.0","3.6","19.96","40.0","28.8","43.9","63.9","23.0","","214.3","5.34","14.39","0.23","20.1","50.3","85.6","0.094","0.414","4.4"
"Prince Poly EXP 17","40","Fast","Polyester","1.25","1.26","1.5","3.0","3.6","20.09","37.8","33.9","53.6","73.6","31.2","","189.2","5.34","14.26","0.42","20.1","50.4","79.6","0.094","0.414","4.4"
"Pacific Poly Force 16L","62","Slow","Polyester","1.29","1.3","1.5","2.7","3.6","36.56","38.8","18.2","24.5","61.1","13.9","","301.2","9.72","15.46","-0.51","24.7","40","98.8","0.081","0.361","4.5"
"Pacific Poly Force 16L","62","Medium","Polyester","1.29","1.3","1.5","2.7","3.6","37.26","34.9","25.3","41.5","78.7","24.9","","262.3","9.72","14.76","0.26","24.7","40.1","91.8","0.081","0.361","4.5"
"Pacific Poly Force 16L","62","Fast","Polyester","1.29","1.3","1.5","2.7","3.6","37.22","33.2","30.1","52.9","90.2","33.9","","238.3","9.72","14.80","0.53","25.1","40.6","87.2","0.081","0.361","4.5"
"Pacific Poly Force 16L","51","Slow","Polyester","1.29","1.3","1.5","2.7","3.6","27.43","41.7","19.9","25.8","53.1","13.3","","264.6","7.98","15.31","-0.35","22.9","45.2","93.9","0.081","0.361","4.5"
"Pacific Poly Force 16L","51","Medium","Polyester","1.29","1.3","1.5","2.7","3.6","28.05","32.3","27.1","42.3","70.3","23.9","","233.7","7.98","14.69","0.24","22.9","45.2","78.0","0.081","0.361","4.5"
"Pacific Poly Force 16L","51","Fast","Polyester","1.29","1.3","1.5","2.7","3.6","28.05","35.5","32.1","52.9","80.9","32.5","","208.0","7.98","14.69","0.53","23.2","45.7","85.9","0.081","0.361","4.5"
"Pacific Poly Force 16L","40","Slow","Polyester","1.29","1.3","1.5","2.7","3.6","19.14","45.2","21.6","27.1","46.3","12.5","","237.2","5.84","14.71","-0.24","20.3","51.2","92.5","0.081","0.361","4.5"
"Pacific Poly Force 16L","40","Medium","Polyester","1.29","1.3","1.5","2.7","3.6","19.76","40.0","29.2","43.4","63.1","23.0","","206.9","5.84","14.09","0.38","20.3","51.2","84.6","0.081","0.361","4.5"
"Pacific Poly Force 16L","40","Fast","Polyester","1.29","1.3","1.5","2.7","3.6","19.73","37.9","34.2","52.9","72.8","31.1","","184.0","5.84","14.12","0.52","20.5","51.6","81.9","0.081","0.361","4.5"
"Pacific Poly Force 17","62","Slow","Polyester","1.24","1.28","1.5","2.1","3.0","41.37","37.5","17.2","22.7","64.2","13.7","","313.8","7.94","12.43","0.03","20.3","33","96.6","0.08","0.356","4.5"
"Pacific Poly Force 17","62","Medium","Polyester","1.24","1.28","1.5","2.1","3.0","41.28","33.8","24.4","42.3","83.6","25.5","","287.5","7.94","12.52","-0.09","20.3","33","93.7","0.08","0.356","4.5"
"Pacific Poly Force 17","62","Fast","Polyester","1.24","1.28","1.5","2.1","3.0","41.45","32.1","29.6","54.0","95.5","35.3","","250.3","7.94","12.35","0.50","20.7","33.7","89.3","0.08","0.356","4.5"
"Pacific Poly Force 17","51","Slow","Polyester","1.24","1.28","1.5","2.1","3.0","32.17","39.9","18.1","24.7","56.9","12.8","","306.9","7.10","11.45","-0.22","18.3","36.1","94.9","0.08","0.356","4.5"
"Pacific Poly Force 17","51","Medium","Polyester","1.24","1.28","1.5","2.1","3.0","32.66","35.7","26.0","43.7","76.3","24.8","","262.3","7.10","10.96","0.29","18.3","36.2","89.7","0.08","0.356","4.5"
"Pacific Poly Force 17","51","Fast","Polyester","1.24","1.28","1.5","2.1","3.0","32.61","33.8","31.0","55.3","87.8","34.1","","233.2","7.10","11.01","0.51","18.5","36.7","88.5","0.08","0.356","4.5"
"Pacific Poly Force 17","40","Slow","Polyester","1.24","1.28","1.5","2.1","3.0","23.15","43.0","20.0","26.7","49.8","12.5","","272.0","4.96","11.58","0.13","16.8","42","92.2","0.08","0.356","4.5"
"Pacific Poly Force 17","40","Medium","Polyester","1.24","1.28","1.5","2.1","3.0","23.26","38.0","28.0","46.1","69.5","24.3","","238.9","4.96","11.47","0.17","16.5","41.8","88.2","0.08","0.356","4.5"
"Pacific Poly Force 17","40","Fast","Polyester","1.24","1.28","1.5","2.1","3.0","23.28","35.7","33.0","57.6","80.9","33.4","","214.9","4.96","11.45","0.48","17.0","42.6","83.9","0.08","0.356","4.5"
"Pacific Poly Force Xtreme 16L","62","Slow","Polyester","1.25","1.28","1.5","2.4","3.0","38.63","38.4","17.6","22.5","61.1","13.5","","294.9","7.94","15.17","-0.27","22.9","37","94.5","0.098","0.488","5"
"Pacific Poly Force Xtreme 16L","62","Medium","Polyester","1.25","1.28","1.5","2.4","3.0","38.94","34.4","25.9","42.3","81.1","26.3","","256.6","7.94","14.86","-0.09","22.7","36.8","91.6","0.098","0.488","5"
"Pacific Poly Force Xtreme 16L","62","Fast","Polyester","1.25","1.28","1.5","2.4","3.0","39.18","32.8","30.2","53.6","92.8","35.0","","239.5","7.94","14.62","0.66","23.2","37.6","87.0","0.098","0.488","5"
"Pacific Poly Force Xtreme 16L","51","Slow","Polyester","1.25","1.28","1.5","2.4","3.0","30.67","40.9","19.1","24.5","55.1","13.2","","274.3","6.53","13.52","-0.29","19.8","39","94.9","0.098","0.488","5"
"Pacific Poly Force Xtreme 16L","51","Medium","Polyester","1.25","1.28","1.5","2.4","3.0","31.33","36.1","27.5","44.3","75.6","26.0","","237.7","6.53","12.86","0.37","19.8","39","88.7","0.098","0.488","5"
"Pacific Poly Force Xtreme 16L","51","Fast","Polyester","1.25","1.28","1.5","2.4","3.0","31.31","34.3","32.1","55.1","86.4","34.7","","218.3","6.53","12.88","0.66","20.1","39.6","84.3","0.098","0.488","5"
"Pacific Poly Force Xtreme 16L","40","Slow","Polyester","1.25","1.28","1.5","2.4","3.0","20.82","44.4","21.1","27.6","48.3","12.8","","250.3","5.36","13.51","-0.02","19.0","47.5","95.3","0.098","0.488","5"
"Pacific Poly Force Xtreme 16L","40","Medium","Polyester","1.25","1.28","1.5","2.4","3.0","21.15","38.6","30.0","47.8","69.0","25.9","","216.0","5.36","13.18","0.40","19.0","47.7","87.0","0.098","0.488","5"
"Pacific Poly Force Xtreme 16L","40","Fast","Polyester","1.25","1.28","1.5","2.4","3.0","21.08","36.5","34.9","57.6","78.7","34.3","","192.0","5.36","13.25","0.44","19.0","48","82.8","0.098","0.488","5"
"Polyfibre Poly Hightec 16/1.30","62","Slow","Polyester","1.3","1.31","1.5","3.0","5.2","27.45","42.1","20.0","26.5","54.0","13.5","","269.2","14.20","20.09","-0.38","34.0","54.9","93.7","0.102","0.42","4.1"
"Polyfibre Poly Hightec 16/1.30","62","Medium","Polyester","1.3","1.31","1.5","3.0","5.2","28.20","37.5","27.3","42.8","71.0","24.2","","232.6","14.20","19.34","0.31","34.0","54.8","89.3","0.102","0.42","4.1"
"Polyfibre Poly Hightec 16/1.30","62","Fast","Polyester","1.3","1.31","1.5","3.0","5.2","28.22","35.5","32.0","53.1","81.4","32.6","","210.9","14.20","19.32","0.55","34.0","55.2","81.2","0.102","0.42","4.1"
"Polyfibre Poly Hightec 16/1.30","51","Slow","Polyester","1.3","1.31","1.5","3.0","5.2","21.12","44.9","21.6","26.2","47.2","12.8","","226.3","10.25","19.35","-0.29","29.3","57.8","93.5","0.102","0.42","4.1"
"Polyfibre Poly Hightec 16/1.30","51","Medium","Polyester","1.3","1.31","1.5","3.0","5.2","21.87","40.3","29.0","40.8","62.6","22.7","","196.6","10.25","18.60","0.42","29.3","57.7","85.9","0.102","0.42","4.1"
"Polyfibre Poly Hightec 16/1.30","51","Fast","Polyester","1.3","1.31","1.5","3.0","5.2","21.87","38.3","34.0","49.4","71.2","30.3","","173.2","10.25","18.60","0.48","29.3","57.8","78.7","0.102","0.42","4.1"
"Polyfibre Poly Hightec 16/1.30","40","Slow","Polyester","1.3","1.31","1.5","3.0","5.2","15.63","47.7","23.0","27.6","43.2","12.4","","212.6","6.06","18.00","-0.33","23.8","59.8","91.2","0.102","0.42","4.1"
"Polyfibre Poly Hightec 16/1.30","40","Medium","Polyester","1.3","1.31","1.5","3.0","5.2","16.32","42.6","30.6","41.0","57.3","21.9","","177.7","6.06","17.31","0.44","23.8","60","83.0","0.102","0.42","4.1"
"Polyfibre Poly Hightec 16/1.30","40","Fast","Polyester","1.3","1.31","1.5","3.0","5.2","16.32","40.5","36.0","49.0","65.3","29.4","","153.7","6.06","17.31","0.55","23.8","60.3","74.0","0.102","0.42","4.1"
"Polyfibre Poly Hightec 16L","62","Slow","Polyester","1.25","1.23","2.4","3.9","6.7","30.30","41.1","20.0","24.5","54.7","13.7","","249.2","12.57","18.87","-0.20","31.3","50.6","92.7","0.093","0.407","4.4"
"Polyfibre Poly Hightec 16L","62","Medium","Polyester","1.25","1.23","2.4","3.9","6.7","31.02","37.0","26.3","41.5","72.5","23.9","","242.9","12.57","18.15","0.26","31.1","50.2","90.2","0.093","0.407","4.4"
"Polyfibre Poly Hightec 16L","62","Fast","Polyester","1.25","1.23","2.4","3.9","6.7","30.96","35.0","31.9","52.3","83.3","33.2","","208.6","12.57","18.21","0.60","31.3","50.8","85.7","0.093","0.407","4.4"
"Polyfibre Poly Hightec 16L","51","Slow","Polyester","1.25","1.23","2.4","3.9","6.7","19.84","45.8","22.0","26.5","46.3","12.7","","221.7","10.50","20.38","-0.16","30.6","60.6","92.7","0.093","0.407","4.4"
"Polyfibre Poly Hightec 16L","51","Medium","Polyester","1.25","1.23","2.4","3.9","6.7","20.37","41.1","29.6","39.2","59.8","22.1","","182.3","10.50","19.85","0.53","30.9","60.9","84.6","0.093","0.407","4.4"
"Polyfibre Poly Hightec 16L","51","Fast","Polyester","1.25","1.23","2.4","3.9","6.7","20.35","39.1","34.2","48.7","69.2","29.6","","169.2","10.50","19.87","0.77","31.1","61.4","79.0","0.093","0.407","4.4"
"Polyfibre Poly Hightec 16L","40","Slow","Polyester","1.25","1.23","2.4","3.9","6.7","14.86","48.7","23.9","26.7","41.5","12.4","","188.6","6.77","18.06","-0.09","24.7","62.3","89.7","0.093","0.407","4.4"
"Polyfibre Poly Hightec 16L","40","Medium","Polyester","1.25","1.23","2.4","3.9","6.7","15.37","43.7","31.0","39.2","54.5","21.1","","165.7","6.77","17.55","0.55","24.9","62.7","82.4","0.093","0.407","4.4"
"Polyfibre Poly Hightec 16L","40","Fast","Polyester","1.25","1.23","2.4","3.9","6.7","15.37","41.5","36.0","47.0","62.4","28.1","","147.4","6.77","17.55","0.38","24.7","62.2","75.3","0.093","0.407","4.4"
"Polyfibre Poly Hightec 17","62","Slow","Polyester","1.2","1.16","2.7","5.5","7.9","30.30","41.3","20.0","24.7","54.9","13.7","","250.3","12.59","18.85","-0.28","31.1","50.5","95.8","0.099","0.395","4"
"Polyfibre Poly Hightec 17","62","Medium","Polyester","1.2","1.16","2.7","5.5","7.9","30.85","37.2","26.7","39.9","70.8","23.6","","227.5","12.59","18.30","0.38","31.3","50.6","90.4","0.099","0.395","4"
"Polyfibre Poly Hightec 17","62","Fast","Polyester","1.2","1.16","2.7","5.5","7.9","30.80","35.3","32.0","50.9","81.8","32.7","","202.3","12.59","18.35","0.70","31.8","51.3","86.1","0.099","0.395","4"
"Polyfibre Poly Hightec 17","51","Slow","Polyester","1.2","1.16","2.7","5.5","7.9","19.07","46.4","22.1","26.0","45.0","12.4","","216.0","10.89","20.76","-0.05","31.5","62.3","90.6","0.099","0.395","4"
"Polyfibre Poly Hightec 17","51","Medium","Polyester","1.2","1.16","2.7","5.5","7.9","19.54","41.8","30.0","38.6","58.0","21.8","","174.3","10.89","20.29","0.49","31.8","62.4","84.1","0.099","0.395","4"
"Polyfibre Poly Hightec 17","51","Fast","Polyester","1.2","1.16","2.7","5.5","7.9","19.51","39.5","35.0","47.6","67.3","29.4","","157.7","10.89","20.32","0.77","32.0","63","80.5","0.099","0.395","4"
"Polyfibre Poly Hightec 17","40","Slow","Polyester","1.2","1.16","2.7","5.5","7.9","12.86","50.7","24.2","25.8","38.8","11.7","","178.9","7.30","19.53","0.03","26.9","67.7","88.4","0.099","0.395","4"
"Polyfibre Poly Hightec 17","40","Medium","Polyester","1.2","1.16","2.7","5.5","7.9","13.21","45.8","32.0","37.0","50.3","20.1","","146.3","7.30","19.18","0.64","27.1","68.3","79.0","0.099","0.395","4"
"Polyfibre Poly Hightec 17","40","Fast","Polyester","1.2","1.16","2.7","5.5","7.9","13.19","43.3","38.0","44.5","57.8","27.4","","125.2","7.30","19.20","0.67","27.1","68.4","72.8","0.099","0.395","4"
"Polyfibre Poly Hightec 18","62","Slow","Polyester","1.1","1.10","4.2","7.9","10.6","32.44","41.4","20.0","22.5","54.9","13.7","","228.6","11.25","18.05","-0.17","29.1","47.2","93.5","0.112","0.435","3.9"
"Polyfibre Poly Hightec 18","62","Medium","Polyester","1.1","1.10","4.2","7.9","10.6","32.92","37.4","27.0","37.0","69.9","23.6","","206.3","11.25","17.57","0.33","29.1","47.2","90.8","0.112","0.435","3.9"
"Polyfibre Poly Hightec 18","62","Fast","Polyester","1.1","1.10","4.2","7.9","10.6","32.92","35.3","32.0","48.5","81.4","32.6","","192.6","11.25","17.57","0.53","29.3","47.5","88.9","0.112","0.435","3.9"
"Polyfibre Poly Hightec 18","51","Slow","Polyester","1.1","1.10","4.2","7.9","10.6","19.93","46.8","22.3","23.6","43.4","12.1","","192.6","10.74","20.05","-0.07","30.6","60.6","93.5","0.112","0.435","3.9"
"Polyfibre Poly Hightec 18","51","Medium","Polyester","1.1","1.10","4.2","7.9","10.6","20.42","42.0","30.0","36.8","57.3","21.5","","166.3","10.74","19.56","0.44","30.6","60.6","86.5","0.112","0.435","3.9"
"Polyfibre Poly Hightec 18","51","Fast","Polyester","1.1","1.10","4.2","7.9","10.6","20.40","39.5","35.6","46.7","67.3","29.9","","150.3","10.74","19.58","0.62","30.9","61","81.0","0.112","0.435","3.9"
"Polyfibre Poly Hightec 18","40","Slow","Polyester","1.1","1.10","4.2","7.9","10.6","10.76","53.4","26.0","24.0","34.8","11.3","","144.6","8.64","20.29","0.09","29.1","73.1","84.8","0.112","0.435","3.9"
"Polyfibre Poly Hightec 18","40","Medium","Polyester","1.1","1.10","4.2","7.9","10.6","10.54","48.2","34.0","35.1","45.6","19.4","","123.4","8.64","20.51","0.00","29.1","73.4","78.5","0.112","0.435","3.9"
"Polyfibre Poly Hightec 18","40","Fast","Polyester","1.1","1.10","4.2","7.9","10.6","11.05","45.4","39.9","42.8","53.8","26.8","","109.2","8.64","20.00","0.69","29.3","73.9","72.1","0.112","0.435","3.9"
"Signum Pro Poly Megaforce 16","62","Slow","Polyester","1.29","1.29","1.5","2.1","2.7","42.25","37.7","17.9","23.4","65.5","14.7","","294.3","7.89","11.60","-0.28","19.2","31.1","95.6","0.097","0.42","4.3"
"Signum Pro Poly Megaforce 16","62","Medium","Polyester","1.29","1.29","1.5","2.1","2.7","42.71","33.9","24.4","41.5","84.2","25.7","","282.9","7.89","11.14","0.15","19.2","31.1","93.3","0.097","0.42","4.3"
"Signum Pro Poly Megaforce 16","62","Fast","Polyester","1.29","1.29","1.5","2.1","2.7","42.69","32.2","29.4","53.6","96.4","35.3","","252.6","7.89","11.16","0.46","19.6","31.6","90.1","0.097","0.42","4.3"
"Signum Pro Poly Megaforce 16","51","Slow","Polyester","1.29","1.29","1.5","2.1","2.7","32.96","40.2","19.0","25.4","58.2","13.8","","285.2","7.19","10.57","-0.23","17.4","34.6","95.8","0.097","0.42","4.3"
"Signum Pro Poly Megaforce 16","51","Medium","Polyester","1.29","1.29","1.5","2.1","2.7","33.30","35.9","26.0","43.7","77.0","25.0","","261.7","7.19","10.23","0.11","17.4","34.6","89.3","0.097","0.42","4.3"
"Signum Pro Poly Megaforce 16","51","Fast","Polyester","1.29","1.29","1.5","2.1","2.7","33.41","33.9","31.0","55.6","88.9","34.5","","234.9","7.19","10.12","0.38","17.6","34.9","86.9","0.097","0.42","4.3"
"Signum Pro Poly Megaforce 16","40","Slow","Polyester","1.29","1.29","1.5","2.1","2.7","22.45","43.7","21.0","28.2","50.7","13.3","","261.7","5.40","11.84","-0.06","17.2","43.3","93.9","0.097","0.42","4.3"
"Signum Pro Poly Megaforce 16","40","Medium","Polyester","1.29","1.29","1.5","2.1","2.7","22.84","38.4","28.0","46.5","69.2","24.3","","240.6","5.40","11.45","0.17","17.0","42.9","85.4","0.097","0.42","4.3"
"Signum Pro Poly Megaforce 16","40","Fast","Polyester","1.29","1.29","1.5","2.1","2.7","22.84","36.0","33.0","58.7","81.4","33.6","","218.9","5.40","11.45","0.39","17.2","43.4","85.2","0.097","0.42","4.3"
"Signum Pro Poly Megaforce 17 (1.19)","62","Slow","Polyester","1.19","1.21","1.8","2.4","3.6","38.81","38.3","18.0","22.9","61.7","13.9","","286.3","9.02","13.91","-0.26","22.7","36.7","93.9","0.093","0.447","4.8"
"Signum Pro Poly Megaforce 17 (1.19)","62","Medium","Polyester","1.19","1.21","1.8","2.4","3.6","39.29","34.9","25.0","38.6","77.8","24.3","","249.7","9.02","13.43","0.15","22.5","36.6","93.1","0.093","0.447","4.8"
"Signum Pro Poly Megaforce 17 (1.19)","62","Fast","Polyester","1.19","1.21","1.8","2.4","3.6","39.29","33.1","30.0","49.6","88.9","33.3","","224.0","9.02","13.43","0.48","22.9","37.1","88.5","0.093","0.447","4.8"
"Signum Pro Poly Megaforce 17 (1.19)","51","Slow","Polyester","1.19","1.21","1.8","2.4","3.6","32.06","40.4","19.2","24.0","56.2","13.5","","265.7","6.20","12.46","-0.11","18.5","36.6","94.9","0.093","0.447","4.8"
"Signum Pro Poly Megaforce 17 (1.19)","51","Medium","Polyester","1.19","1.21","1.8","2.4","3.6","32.48","36.5","26.0","40.1","72.8","23.6","","241.2","6.20","12.04","0.22","18.5","36.4","92.2","0.093","0.447","4.8"
"Signum Pro Poly Megaforce 17 (1.19)","51","Fast","Polyester","1.19","1.21","1.8","2.4","3.6","32.46","34.6","31.2","50.9","83.3","32.5","","213.2","6.20","12.06","0.18","18.5","36.3","86.7","0.093","0.447","4.8"
"Signum Pro Poly Megaforce 17 (1.19)","40","Slow","Polyester","1.19","1.21","1.8","2.4","3.6","22.62","43.9","21.1","26.7","49.4","13.0","","244.6","5.23","11.84","0.02","17.2","43.1","93.9","0.093","0.447","4.8"
"Signum Pro Poly Megaforce 17 (1.19)","40","Medium","Polyester","1.19","1.21","1.8","2.4","3.6","22.87","39.3","28.1","42.3","65.3","22.9","","218.9","5.23","11.59","0.18","17.0","42.8","87.8","0.093","0.447","4.8"
"Signum Pro Poly Megaforce 17 (1.19)","40","Fast","Polyester","1.19","1.21","1.8","2.4","3.6","22.87","36.9","33.3","52.9","75.9","31.6","","193.7","5.23","11.59","0.40","17.2","43.4","83.9","0.093","0.447","4.8"
"Signum Pro Poly Plasma 17 (1.23)","51","Fast","Polyester","1.23","1.19","1.8","3.0","4.5","37.75","34.0","31.8","49.4","87.1","34.7","16.0","198.3","3.20","9.77","0.22","13.2","26","87.8","0.089","0.483","5.4"
"Pacific Poly Power Pro 16 (1.30)","51","Fast","Polyester","1.3","1.26","6.7","10.0","11.2","29.00","35.7","32.9","51.8","80.9","33.2","15.6","194.9","6.13","15.59","0.45","22.3","43.7","85.0","0.059","0.489","8.3"
"Pacific Poly Power Pro 16L (1.25)","51","Fast","Polyester","1.25","1.27","8.5","10.3","10.0","26.88","36.5","33.7","50.3","77.2","32.5","15.1","180.0","6.02","17.82","0.22","24.0","47.4","84.1","0.088","0.462","5.3"
"Gosen Poly Professional 16 (1.29)","51","Fast","Polyester","1.29","1.33","1.8","3.0","12.1","28.40","35.8","33.0","49.8","78.3","32.3","15.0","186.3","6.17","16.15","0.13","22.5","44.3","86.1","0.074","0.401","5.4"
"Gosen Poly Professional 17 (1.24)","51","Fast","Polyester","1.24","1.29","1.2","2.1","3.6","28.33","36.3","33.8","47.4","75.6","32.0","14.9","169.2","6.04","16.35","0.22","22.5","44.6","86.5","0.081","0.451","5.6"
"Signum Pro Poly Speed Spin 1.28","62","Slow","Polyester","1.28","NA","1.2","2.1","3.3","40.13","37.7","18.0","25.6","65.9","14.8","","322.9","9.04","12.57","-0.33","21.2","34.5","93.9","0.112","0.48","4.3"
"Signum Pro Poly Speed Spin 1.28","62","Medium","Polyester","1.28","NA","1.2","2.1","3.3","40.57","33.7","24.3","45.2","85.8","26.0","","312.0","9.04","12.13","0.17","21.4","34.6","91.0","0.112","0.48","4.3"
"Signum Pro Poly Speed Spin 1.28","62","Fast","Polyester","1.28","NA","1.2","2.1","3.3","40.57","31.9","29.0","57.3","97.9","35.5","","276.6","9.04","12.13","0.44","21.6","35","88.0","0.112","0.48","4.3"
"Signum Pro Poly Speed Spin 1.28","51","Slow","Polyester","1.28","NA","1.2","2.1","3.3","29.99","40.5","19.1","28.0","58.0","13.9","","312.0","7.39","13.34","-0.33","20.3","40.2","95.1","0.112","0.48","4.3"
"Signum Pro Poly Speed Spin 1.28","51","Medium","Polyester","1.28","NA","1.2","2.1","3.3","30.61","35.9","26.0","46.3","77.0","25.0","","277.7","7.39","12.72","0.18","20.3","40","88.0","0.112","0.48","4.3"
"Signum Pro Poly Speed Spin 1.28","51","Fast","Polyester","1.28","NA","1.2","2.1","3.3","30.61","33.9","30.9","58.0","88.6","34.3","","246.3","7.39","12.72","0.62","20.7","40.9","84.8","0.112","0.48","4.3"
"Signum Pro Poly Speed Spin 1.28","40","Slow","Polyester","1.28","NA","1.2","2.1","3.3","20.86","43.5","20.9","30.6","51.6","13.4","","286.9","5.23","13.60","-0.29","18.5","46.7","92.4","0.112","0.48","4.3"
"Signum Pro Poly Speed Spin 1.28","40","Medium","Polyester","1.28","NA","1.2","2.1","3.3","21.39","38.3","28.0","48.7","70.1","24.5","","252.6","5.23","13.07","0.22","18.5","46.7","86.3","0.112","0.48","4.3"
"Prince Poly Spin 3D","62","Slow","Polyester","1.27","1.28","2.1","4.2","6.4","33.96","39.9","19.0","24.9","58.9","14.0","","280.6","12.50","15.28","-0.50","27.3","44.2","97.0","0.113","0.373","3.3"
"Prince Poly Spin 3D","62","Medium","Polyester","1.27","1.28","2.1","4.2","6.4","34.86","35.8","26.0","42.3","77.2","25.1","","253.7","12.50","14.38","0.20","27.1","43.9","90.1","0.113","0.373","3.3"
"Prince Poly Spin 3D","62","Fast","Polyester","1.27","1.28","2.1","4.2","6.4","34.79","33.8","30.3","53.8","88.6","33.5","","238.9","12.50","14.45","0.55","27.6","44.5","87.0","0.113","0.373","3.3"
"Prince Poly Spin 3D","51","Slow","Polyester","1.27","1.28","2.1","4.2","6.4","19.98","45.5","22.0","26.9","46.7","12.9","","225.7","10.74","20.00","-0.42","30.4","59.8","91.8","0.113","0.373","3.3"
"Prince Poly Spin 3D","51","Medium","Polyester","1.27","1.28","2.1","4.2","6.4","20.70","40.6","29.1","41.5","62.2","22.6","","199.5","10.74","19.28","0.37","30.4","59.9","85.6","0.113","0.373","3.3"
"Prince Poly Spin 3D","51","Fast","Polyester","1.27","1.28","2.1","4.2","6.4","20.68","38.4","34.0","50.9","71.7","30.4","","178.9","10.74","19.30","0.48","30.4","60.2","80.3","0.113","0.373","3.3"
"Prince Poly Spin 3D","40","Slow","Polyester","1.27","1.28","2.1","4.2","6.4","12.57","50.2","24.0","27.3","39.9","12.0","","192.6","6.39","20.73","-0.17","26.9","67.9","86.9","0.113","0.373","3.3"
"Prince Poly Spin 3D","40","Medium","Polyester","1.27","1.28","2.1","4.2","6.4","13.27","44.9","32.0","39.0","52.3","20.9","","155.4","6.39","20.03","0.26","26.7","67.2","80.3","0.113","0.373","3.3"
"Prince Poly Spin 3D","40","Fast","Polyester","1.27","1.28","2.1","4.2","6.4","13.27","42.7","37.1","46.7","60.0","27.8","","138.3","6.39","20.03","0.50","26.9","67.8","73.8","0.113","0.373","3.3"
"Yonex Poly Tour 130/16","62","Slow","Polyester","1.3","1.29","NA","2.3","3.5","35.85","39.1","18.1","25.4","61.3","13.9","","313.8","11.05","14.84","-0.33","25.6","41.4","96.6","NA","NA","NA"
"Yonex Poly Tour 130/16","62","Medium","Polyester","1.3","1.29","NA","2.3","3.5","36.45","34.9","25.8","45.0","81.4","26.3","","274.9","11.05","14.24","0.18","25.4","41.2","92.2","NA","NA","NA"
"Yonex Poly Tour 130/16","62","Fast","Polyester","1.3","1.29","NA","2.3","3.5","36.43","33.0","30.0","56.9","93.3","35.0","","256.6","11.05","14.26","0.49","25.8","41.8","86.7","NA","NA","NA"
"Yonex Poly Tour 130/16","51","Slow","Polyester","1.3","1.29","NA","2.3","3.5","25.58","42.7","20.1","27.1","52.7","13.2","","273.2","8.71","16.43","-0.33","24.7","48.9","93.7","NA","NA","NA"
"Yonex Poly Tour 130/16","51","Medium","Polyester","1.3","1.29","NA","2.3","3.5","26.20","37.7","27.9","44.5","70.6","24.6","","232.6","8.71","15.81","0.18","24.7","48.7","88.2","NA","NA","NA"
"Yonex Poly Tour 130/16","51","Fast","Polyester","1.3","1.29","NA","2.3","3.5","26.17","35.6","32.1","55.3","81.4","32.7","","217.7","8.71","15.84","0.37","24.9","49.1","83.7","NA","NA","NA"
"Yonex Poly Tour 130/16","40","Slow","Polyester","1.3","1.29","NA","2.3","3.5","17.49","46.0","22.0","28.7","46.1","12.7","","240.6","5.36","16.84","-0.15","22.1","55.6","90.8","NA","NA","NA"
"Yonex Poly Tour 130/16","40","Medium","Polyester","1.3","1.29","NA","2.3","3.5","17.97","40.4","29.8","32.6","50.5","18.8","","148.6","5.36","16.36","0.22","21.8","55.3","85.2","NA","NA","NA"
"Yonex Poly Tour 130/16","40","Fast","Polyester","1.3","1.29","NA","2.3","3.5","17.97","38.0","34.2","56.0","73.9","31.6","","194.9","5.36","16.36","0.33","22.1","55.6","80.1","NA","NA","NA"
"Yonex Poly Tour Air 16L","51","Fast","Polyester","1.25","1.34","NA","2.3","3.6","30.27","36.4","33.7","43.2","73.6","31.0","14.8","154.9","4.67","15.78","0.33","20.7","41","88.0","0.108","0.457","4.2"
"Yonex Poly Tour Drive 16L (1.25)","51","Fast","Polyester","1.25","1.22","1.8","3.6","8.5","27.01","36.0","33.0","52.5","79.4","32.7","14.9","195.5","6.88","16.83","0.18","23.8","47.1","84.1","0.066","0.5","7.6"
"Yonex Poly Tour Fire 16L (1.25)","51","Fast","Polyester","1.25","1.27","1.8","5.8","3.0","33.05","34.9","32.0","49.2","82.2","33.0","15.8","194.9","5.09","12.58","0.09","17.9","35","86.5","0.076","0.443","5.8"
"Yonex Poly Tour HS 16 (1.30)","51","Fast","Polyester","1.3","1.28","2.1","4.8","7.0","36.60","33.8","31.0","50.7","87.3","33.9","16.4","213.7","3.55","10.57","0.15","14.3","28.1","88.4","0.087","0.431","5"
"Yonex Poly Tour HS 16L (1.25)","51","Fast","Polyester","1.25","1.27","6.7","2.7","9.4","36.38","34.1","31.8","49.2","85.6","34.0","16.4","198.3","3.46","10.88","0.11","14.3","28.5","88.2","0.081","0.461","5.7"
"Yonex Poly Tour Pro 17 (1.20)","51","Fast","Polyester","1.2","1.31","2.4","10.3","3.9","33.91","34.9","32.0","47.6","81.6","32.7","15.7","188.6","3.15","13.66","0.11","17.0","33.3","87.0","0.093","0.481","5.2"
"Yonex Poly Tour Pro Yellow 16 (1.30)","62","Slow","Polyester","1.3","1.32","2.1","2.7","3.6","32.96","40.2","19.2","22.9","56.0","13.5","","253.2","9.46","19.32","-0.45","28.4","45.9","95.6","0.111","0.374","3.4"
"Yonex Poly Tour Pro Yellow 16 (1.30)","62","Medium","Polyester","1.3","1.32","2.1","2.7","3.6","33.69","36.3","26.0","37.9","71.7","23.3","","228.0","9.46","18.59","0.17","28.2","45.7","92.9","0.111","0.374","3.4"
"Yonex Poly Tour Pro Yellow 16 (1.30)","62","Fast","Polyester","1.3","1.32","2.1","2.7","3.6","33.69","34.5","31.1","47.8","81.6","31.7","","200.6","9.46","18.59","0.55","28.7","46.3","88.5","0.111","0.374","3.4"
"Yonex Poly Tour Pro Yellow 16 (1.30)","51","Slow","Polyester","1.3","1.32","2.1","2.7","3.6","28.00","42.0","20.0","23.8","51.8","12.9","","241.2","7.56","15.16","-0.33","22.3","44.1","99.2","0.111","0.374","3.4"
"Yonex Poly Tour Pro Yellow 16 (1.30)","51","Medium","Polyester","1.3","1.32","2.1","2.7","3.6","28.60","37.7","27.2","38.1","66.8","22.7","","210.3","7.56","14.56","0.24","22.3","44.1","92.2","0.111","0.374","3.4"
"Yonex Poly Tour Pro Yellow 16 (1.30)","51","Fast","Polyester","1.3","1.32","2.1","2.7","3.6","28.60","35.8","32.0","48.1","76.7","30.7","","191.5","7.56","14.56","0.46","22.5","44.5","87.0","0.111","0.374","3.4"
"Yonex Poly Tour Pro Yellow 16 (1.30)","40","Slow","Polyester","1.3","1.32","2.1","2.7","3.6","21.19","44.5","21.9","25.8","47.0","12.8","","218.9","5.27","13.23","-0.31","18.1","45.8","93.7","0.111","0.374","3.4"
"Yonex Poly Tour Pro Yellow 16 (1.30)","40","Medium","Polyester","1.3","1.32","2.1","2.7","3.6","21.70","39.8","28.5","39.7","61.3","21.8","","198.9","5.27","12.72","0.22","18.3","45.9","86.9","0.111","0.374","3.4"
"Yonex Poly Tour Pro Yellow 16 (1.30)","40","Fast","Polyester","1.3","1.32","2.1","2.7","3.6","21.70","37.6","34.0","49.4","71.0","30.2","","173.7","5.27","12.72","0.42","18.5","46.4","83.7","0.111","0.374","3.4"
"Yonex Poly Tour Pro Yellow 16L (1.25)","62","Slow","Polyester","1.25","1.25","1.8","3.0","3.9","30.21","41.4","20.0","22.9","53.1","13.3","","234.3","9.46","22.07","-0.35","31.1","50.5","95.8","NA","NA","NA"
"Yonex Poly Tour Pro Yellow 16L (1.25)","62","Medium","Polyester","1.25","1.25","1.8","3.0","3.9","30.96","37.3","27.0","37.7","68.6","23.1","","210.3","9.46","21.32","0.24","31.1","50.2","92.4","NA","NA","NA"
"Yonex Poly Tour Pro Yellow 16L (1.25)","62","Fast","Polyester","1.25","1.25","1.8","3.0","3.9","30.94","35.4","32.0","47.4","78.3","31.3","","188.0","9.46","21.34","0.53","31.3","50.8","87.8","NA","NA","NA"
"Yonex Poly Tour Pro Yellow 16L (1.25)","51","Slow","Polyester","1.25","1.25","1.8","3.0","3.9","27.10","42.6","20.1","23.2","50.3","12.6","","233.7","7.08","16.54","-0.29","23.4","46","95.1","NA","NA","NA"
"Yonex Poly Tour Pro Yellow 16L (1.25)","51","Medium","Polyester","1.25","1.25","1.8","3.0","3.9","27.65","38.3","27.9","38.1","65.9","23.0","","198.9","7.08","15.99","0.20","23.4","45.9","90.8","NA","NA","NA"
"Yonex Poly Tour Pro Yellow 16L (1.25)","51","Fast","Polyester","1.25","1.25","1.8","3.0","3.9","27.65","36.3","32.6","47.4","75.0","30.5","","181.2","7.08","15.99","0.44","23.6","46.3","86.5","NA","NA","NA"
"Yonex Poly Tour Pro Yellow 16L (1.25)","40","Slow","Polyester","1.25","1.25","1.8","3.0","3.9","20.55","45.2","22.0","25.4","46.1","12.6","","213.7","4.85","14.29","-0.29","19.0","47.5","95.3","NA","NA","NA"
"Yonex Poly Tour Pro Yellow 16L (1.25)","40","Medium","Polyester","1.25","1.25","1.8","3.0","3.9","21.10","40.3","29.1","39.0","60.2","21.9","","187.5","4.85","13.74","0.17","18.7","47.3","86.9","NA","NA","NA"
"Yonex Poly Tour Pro Yellow 16L (1.25)","40","Fast","Polyester","1.25","1.25","1.8","3.0","3.9","21.12","38.0","34.0","49.0","70.1","29.8","","172.6","4.85","13.72","0.39","19.0","47.8","85.0","NA","NA","NA"
"Yonex Poly Tour Spin 16L (1.25)","51","Fast","Polyester","1.25","1.0 x","1.8","2.7","7.6","37.15","33.7","31.1","50.7","87.8","34.1","16.4","213.7","3.42","10.15","0.22","13.7","27.2","88.5","0.1","0.632","6.3"
"Yonex Poly Tour Spin G 1.25","40","Slow","Polyester","1.25","NA","1.5","2.1","2.7","23.81","44.8","22.0","27.8","51.6","14.2","6.5","233.2","4.50","11.38","1.43","17.4","43.6","93.7","0.104","0.497","4.8"
"Yonex Poly Tour Spin G 1.25","40","Medium","Polyester","1.25","NA","1.5","2.1","2.7","22.71","38.6","29.0","47.4","70.1","25.4","11.3","229.2","4.50","12.48","0.35","17.4","43.7","89.1","0.104","0.497","4.8"
"Yonex Poly Tour Spin G 1.25","40","Fast","Polyester","1.25","NA","1.5","2.1","2.7","22.65","35.9","33.8","60.4","83.1","35.1","15.1","214.9","4.50","12.54","0.47","17.4","44.1","87.2","0.104","0.497","4.8"
"Yonex Poly Tour Spin G 1.25","51","Slow","Polyester","1.25","NA","1.5","2.1","2.7","37.95","39.9","19.2","24.7","62.6","15.1","7.4","270.9","4.30","8.47","-0.26","12.6","24.7","94.5","0.104","0.497","4.8"
"Yonex Poly Tour Spin G 1.25","51","Medium","Polyester","1.25","NA","1.5","2.1","2.7","38.43","35.3","26.4","43.2","81.8","27.0","13.5","252.0","4.30","7.99","0.13","12.3","24.5","92.7","0.104","0.497","4.8"
"Yonex Poly Tour Spin G 1.25","51","Fast","Polyester","1.25","NA","1.5","2.1","2.7","37.84","33.0","31.0","56.0","93.9","36.4","17.0","237.2","4.30","8.58","0.18","13.0","25.7","89.7","0.104","0.497","4.8"
"Yonex Poly Tour Spin G 1.25","62","Slow","Polyester","1.25","NA","1.5","2.1","2.7","49.17","37.2","18.0","22.1","71.2","16.0","7.9","276.6","3.31","9.26","-0.31","12.3","19.9","98.0","0.104","0.497","4.8"
"Yonex Poly Tour Spin G 1.25","62","Medium","Polyester","1.25","NA","1.5","2.1","2.7","49.50","33.3","24.5","40.4","89.7","27.5","13.1","273.2","3.31","8.93","0.11","12.3","20","94.3","0.104","0.497","4.8"
"Yonex Poly Tour Spin G 1.25","62","Fast","Polyester","1.25","NA","1.5","2.1","2.7","49.44","31.3","29.0","52.5","101.9","36.9","18.2","252.6","3.31","8.99","0.51","12.8","20.7","92.4","0.104","0.497","4.8"
"Yonex Poly Tour Strike 16L (1.25)","51","Fast","Polyester","1.25","NA","0.0","0.0","2.7","36.82","34.0","31.5","48.7","85.6","33.6","15.8","199.5","3.48","10.42","0.26","14.1","27.9","88.4","0.097","0.451","4.6"
"Yonex Poly Tour Tough 16L","51","Fast","Polyester","1.25","1.28","3.0","3.9","3.0","30.03","35.2","32.1","49.0","78.9","31.7","15.2","193.7","5.53","15.16","0.20","20.9","41.2","85.7","0.087","0.459","5.3"
"Gamma Poly Z 16","40","Slow","Polyester","1.3","NA","2.1","2.4","5.5","13.78","49.3","24.0","28.7","42.6","12.7","5.7","202.3","6.48","19.43","0.02","26.0","65.3","87.6","0.074","0.396","5.4"
"Gamma Poly Z 16","40","Medium","Polyester","1.3","NA","2.1","2.4","5.5","14.24","43.6","31.9","41.2","55.3","22.1","9.7","164.0","6.48","18.97","0.52","26.0","65.4","79.2","0.074","0.396","5.4"
"Gamma Poly Z 16","40","Fast","Polyester","1.3","NA","2.1","2.4","5.5","14.24","41.3","36.8","49.4","63.5","29.2","12.6","148.0","6.48","18.97","0.68","26.0","65.8","74.6","0.074","0.396","5.4"
"Gamma Poly Z 16","51","Slow","Polyester","1.3","NA","2.1","2.4","5.5","24.30","44.2","21.7","26.5","50.7","13.7","6.6","228.6","7.30","19.12","-0.26","26.2","51.6","93.5","0.074","0.396","5.4"
"Gamma Poly Z 16","51","Medium","Polyester","1.3","NA","2.1","2.4","5.5","25.07","38.9","28.2","41.7","66.6","23.5","11.0","213.2","7.30","18.35","0.37","26.0","51.3","88.2","0.074","0.396","5.4"
"Gamma Poly Z 16","51","Fast","Polyester","1.3","NA","2.1","2.4","5.5","25.09","36.8","33.9","50.5","75.6","32.0","14.0","179.5","7.30","18.33","0.64","26.2","51.8","80.8","0.074","0.396","5.4"
"Gamma Poly Z 16","62","Slow","Polyester","1.3","NA","2.1","2.4","5.5","33.56","40.7","19.9","25.4","58.9","14.6","7.1","260.0","9.08","19.10","-0.07","28.2","45.5","96.2","0.074","0.396","5.4"
"Gamma Poly Z 16","62","Medium","Polyester","1.3","NA","2.1","2.4","5.5","33.87","36.1","26.4","42.1","76.1","25.1","12.1","245.7","9.08","18.79","0.24","28.2","45.5","90.6","0.074","0.396","5.4"
"Gamma Poly Z 16","62","Fast","Polyester","1.3","NA","2.1","2.4","5.5","33.82","34.2","31.9","52.3","86.0","34.3","15.2","209.2","9.08","18.84","0.61","28.4","46.2","86.1","0.074","0.396","5.4"
"Signum Pro Poly-Plasma 16L","62","Slow","Polyester","1.28","1.30","1.8","2.4","2.7","40.55","37.4","18.0","24.3","64.8","14.6","","302.9","8.86","12.33","-0.35","20.9","33.8","98.0","0.098","0.465","4.7"
"Signum Pro Poly-Plasma 16L","62","Medium","Polyester","1.28","1.30","1.8","2.4","2.7","41.15","33.9","24.1","40.8","81.8","24.6","","286.3","8.86","11.73","0.18","20.7","33.6","92.5","0.098","0.465","4.7"
"Signum Pro Poly-Plasma 16L","62","Fast","Polyester","1.28","1.30","1.8","2.4","2.7","41.17","32.2","29.0","52.7","93.9","34.0","","254.9","8.86","11.71","0.49","20.9","34.1","88.7","0.098","0.465","4.7"
"Signum Pro Poly-Plasma 16L","51","Slow","Polyester","1.28","1.30","1.8","2.4","2.7","30.74","40.3","19.7","26.0","56.7","14.0","","270.9","7.85","12.13","-0.20","19.8","39","93.9","0.098","0.465","4.7"
"Signum Pro Poly-Plasma 16L","51","Medium","Polyester","1.28","1.30","1.8","2.4","2.7","31.31","36.3","26.0","42.6","73.9","24.0","","256.0","7.85","11.56","0.22","19.6","38.7","91.2","0.098","0.465","4.7"
"Signum Pro Poly-Plasma 16L","51","Fast","Polyester","1.28","1.30","1.8","2.4","2.7","31.33","34.2","31.0","53.4","84.7","32.9","","225.7","7.85","11.54","0.48","19.8","39.2","86.7","0.098","0.465","4.7"
"Signum Pro Poly-Plasma 16L","40","Slow","Polyester","1.28","1.30","1.8","2.4","2.7","22.12","43.2","21.0","28.2","50.5","13.2","","260.6","5.47","12.10","-0.13","17.4","43.9","92.4","0.098","0.465","4.7"
"Signum Pro Poly-Plasma 16L","40","Medium","Polyester","1.28","1.30","1.8","2.4","2.7","22.56","38.5","28.0","44.1","66.8","23.4","","229.2","5.47","11.66","0.31","17.4","43.9","87.6","0.098","0.465","4.7"
"Signum Pro Poly-Plasma 16L","40","Fast","Polyester","1.28","1.30","1.8","2.4","2.7","22.54","36.2","32.6","55.6","78.3","31.8","","213.2","5.47","11.68","0.38","17.4","44.2","83.9","0.098","0.465","4.7"
"Signum Pro Poly-Plasma 17L (1.18)","62","Slow","Polyester","1.18","1.19","2.1","3.0","2.1","37.97","38.7","18.1","22.7","60.9","13.7","","284.0","8.16","15.61","-0.49","23.4","37.7","96.4","0.098","0.487","5"
"Signum Pro Poly-Plasma 17L (1.18)","62","Medium","Polyester","1.18","1.19","2.1","3.0","2.1","38.72","35.1","25.2","38.4","77.2","24.3","","245.7","8.16","14.86","0.18","23.2","37.6","92.7","0.098","0.487","5"
"Signum Pro Poly-Plasma 17L (1.18)","62","Fast","Polyester","1.18","1.19","2.1","3.0","2.1","38.72","33.4","30.0","49.2","88.0","33.0","","222.3","8.16","14.86","0.53","23.6","38.1","87.2","0.098","0.487","5"
"Signum Pro Poly-Plasma 17L (1.18)","51","Slow","Polyester","1.18","1.19","2.1","3.0","2.1","30.16","41.3","20.0","24.0","54.2","13.5","","243.5","6.84","13.72","-0.36","20.3","39.8","96.0","0.098","0.487","5"
"Signum Pro Poly-Plasma 17L (1.18)","51","Medium","Polyester","1.18","1.19","2.1","3.0","2.1","30.78","37.3","26.7","39.0","69.9","23.3","","222.9","6.84","13.10","0.26","20.3","39.8","90.1","0.098","0.487","5"
"Signum Pro Poly-Plasma 17L (1.18)","51","Fast","Polyester","1.18","1.19","2.1","3.0","2.1","30.74","35.2","32.0","49.6","80.5","32.2","","197.2","6.84","13.14","0.49","20.5","40.3","86.5","0.098","0.487","5"
"Signum Pro Poly-Plasma 17L (1.18)","40","Slow","Polyester","1.18","1.19","2.1","3.0","2.1","22.73","44.2","21.5","25.6","48.5","13.0","","226.3","4.74","12.22","-0.29","16.8","42","93.7","0.098","0.487","5"
"Signum Pro Poly-Plasma 17L (1.18)","40","Medium","Polyester","1.18","1.19","2.1","3.0","2.1","23.31","39.4","28.1","39.9","63.3","22.2","","205.2","4.74","11.64","0.22","16.5","41.8","88.2","0.098","0.487","5"
"Signum Pro Poly-Plasma 17L (1.18)","40","Fast","Polyester","1.18","1.19","2.1","3.0","2.1","23.28","37.2","33.8","50.5","73.9","31.2","","179.5","4.74","11.67","0.41","16.8","42.4","83.2","0.098","0.487","5"
"Signum Pro Poly-Plasma Pure 16L","62","Slow","Polyester","1.28","1.31","1.5","2.4","3.3","38.34","37.8","18.0","24.0","62.4","14.0","","302.3","9.26","14.14","-0.25","23.2","37.5","95.6","0.083","0.467","5.6"
"Signum Pro Poly-Plasma Pure 16L","62","Medium","Polyester","1.28","1.31","1.5","2.4","3.3","38.79","34.4","24.3","41.9","80.5","24.5","","287.5","9.26","13.69","0.25","23.2","37.6","92.7","0.083","0.467","5.6"
"Signum Pro Poly-Plasma Pure 16L","62","Fast","Polyester","1.28","1.31","1.5","2.4","3.3","38.76","32.7","29.6","52.7","91.3","33.8","","243.5","9.26","13.72","0.50","23.4","38","88.2","0.083","0.467","5.6"
"Signum Pro Poly-Plasma Pure 16L","51","Slow","Polyester","1.28","1.31","1.5","2.4","3.3","30.08","40.4","19.5","25.4","55.6","13.5","","272.0","7.50","13.14","-0.15","20.5","40.4","95.8","0.083","0.467","5.6"
"Signum Pro Poly-Plasma Pure 16L","51","Medium","Polyester","1.28","1.31","1.5","2.4","3.3","30.61","36.4","26.0","42.6","73.2","23.8","","256.6","7.50","12.61","0.27","20.3","40.2","91.2","0.083","0.467","5.6"
"Signum Pro Poly-Plasma Pure 16L","51","Fast","Polyester","1.28","1.31","1.5","2.4","3.3","30.63","34.5","31.1","52.7","83.3","32.4","","221.2","7.50","12.59","0.51","20.5","40.6","85.6","0.083","0.467","5.6"
"Signum Pro Poly-Plasma Pure 16L","40","Slow","Polyester","1.28","1.31","1.5","2.4","3.3","20.66","44.0","21.2","28.0","48.5","12.8","","253.2","5.69","13.34","-0.07","19.0","47.8","93.9","0.083","0.467","5.6"
"Signum Pro Poly-Plasma Pure 16L","40","Medium","Polyester","1.28","1.31","1.5","2.4","3.3","21.01","39.2","28.1","44.1","65.0","22.9","","227.5","5.69","12.99","0.28","19.0","47.8","90.2","0.083","0.467","5.6"
"Signum Pro Poly-Plasma Pure 16L","40","Fast","Polyester","1.28","1.31","1.5","2.4","3.3","21.01","36.9","33.2","54.2","75.2","31.2","","199.5","5.69","12.99","0.57","19.2","48.5","82.8","0.083","0.467","5.6"
"Signum Pro Poly-Plasma Pure 17 (1.23)","62","Slow","Polyester","1.23","1.25","2.1","3.0","4.2","36.87","38.9","18.1","23.2","60.0","13.5","","289.2","9.15","15.72","-0.17","24.7","40","95.5","0.086","0.449","5.2"
"Signum Pro Poly-Plasma Pure 17 (1.23)","62","Medium","Polyester","1.23","1.25","2.1","3.0","4.2","37.33","35.3","25.3","39.7","77.2","24.4","","252.6","9.15","15.26","0.20","24.7","39.9","92.7","0.086","0.449","5.2"
"Signum Pro Poly-Plasma Pure 17 (1.23)","62","Fast","Polyester","1.23","1.25","2.1","3.0","4.2","37.33","33.5","30.0","50.3","87.8","32.9","","227.5","9.15","15.26","0.59","24.9","40.5","86.5","0.086","0.449","5.2"
"Signum Pro Poly-Plasma Pure 17 (1.23)","51","Slow","Polyester","1.23","1.25","2.1","3.0","4.2","29.11","41.3","20.0","24.9","54.0","13.5","","255.5","7.17","14.44","-0.15","21.4","42.3","94.3","0.086","0.449","5.2"
"Signum Pro Poly-Plasma Pure 17 (1.23)","51","Medium","Polyester","1.23","1.25","2.1","3.0","4.2","29.57","37.3","26.9","39.9","69.5","23.4","","225.2","7.17","13.98","0.38","21.6","42.4","89.9","0.086","0.449","5.2"
"Signum Pro Poly-Plasma Pure 17 (1.23)","51","Fast","Polyester","1.23","1.25","2.1","3.0","4.2","29.55","35.4","32.0","50.3","79.8","31.9","","199.5","7.17","14.00","0.62","21.8","43","84.1","0.086","0.449","5.2"
"Signum Pro Poly-Plasma Pure 17 (1.23)","40","Slow","Polyester","1.23","1.25","2.1","3.0","4.2","20.53","44.7","21.9","26.5","47.0","12.9","","225.2","5.84","13.32","-0.13","19.0","47.9","89.5","0.086","0.449","5.2"
"Signum Pro Poly-Plasma Pure 17 (1.23)","40","Medium","Polyester","1.23","1.25","2.1","3.0","4.2","20.70","40.1","29.0","41.2","62.0","22.5","","200.0","5.84","13.15","0.26","19.2","48.5","85.9","0.086","0.449","5.2"
"Signum Pro Poly-Plasma Pure 17 (1.23)","40","Fast","Polyester","1.23","1.25","2.1","3.0","4.2","20.86","37.9","34.0","51.8","72.8","30.9","","182.3","5.84","12.99","0.53","19.4","48.8","82.3","0.086","0.449","5.2"
"Signum Pro Poly-Plasma Pure 17L (1.18)","62","Slow","Polyester","1.18","1.19","2.1","3.3","4.5","36.32","39.2","18.2","22.9","59.3","13.5","","282.3","9.04","16.38","-0.15","25.4","40.9","92.4","NA","0.391","NA"
"Signum Pro Poly-Plasma Pure 17L (1.18)","62","Medium","Polyester","1.18","1.19","2.1","3.3","4.5","36.63","35.6","25.7","39.2","75.9","24.4","","241.2","9.04","16.07","0.25","25.4","41.1","91.0","NA","0.391","NA"
"Signum Pro Poly-Plasma Pure 17L (1.18)","62","Fast","Polyester","1.18","1.19","2.1","3.3","4.5","36.60","33.8","30.1","49.8","86.4","32.5","","224.0","9.04","16.10","0.61","25.8","41.7","86.9","NA","0.391","NA"
"Signum Pro Poly-Plasma Pure 17L (1.18)","51","Slow","Polyester","1.18","1.19","2.1","3.3","4.5","28.40","42.2","20.2","24.3","52.5","13.3","","240.6","7.23","15.09","-0.24","22.1","43.5","94.5","NA","0.391","NA"
"Signum Pro Poly-Plasma Pure 17L (1.18)","51","Medium","Polyester","1.18","1.19","2.1","3.3","4.5","28.95","38.0","27.2","39.5","68.4","23.2","","216.6","7.23","14.54","0.37","22.1","43.7","89.7","NA","0.391","NA"
"Signum Pro Poly-Plasma Pure 17L (1.18)","51","Fast","Polyester","1.18","1.19","2.1","3.3","4.5","28.91","35.9","32.0","49.4","78.3","31.3","","196.0","7.23","14.58","0.69","22.5","44.3","85.0","NA","0.391","NA"
"Signum Pro Poly-Plasma Pure 17L (1.18)","40","Slow","Polyester","1.18","1.19","2.1","3.3","4.5","20.75","45.3","22.0","26.2","47.0","12.9","","221.7","5.20","13.74","-0.13","18.7","47.4","91.0","NA","0.391","NA"
"Signum Pro Poly-Plasma Pure 17L (1.18)","40","Medium","Polyester","1.18","1.19","2.1","3.3","4.5","21.19","40.4","29.0","40.1","61.3","22.2","","193.2","5.20","13.30","0.31","18.7","47.4","86.7","NA","0.391","NA"
"Signum Pro Poly-Plasma Pure 17L (1.18)","40","Fast","Polyester","1.18","1.19","2.1","3.3","4.5","21.17","38.1","34.0","50.1","71.2","30.2","","175.5","5.20","13.32","0.49","19.0","47.9","82.8","NA","0.391","NA"
"Gosen Polylon 16","51","Medium","Polyester","1.29","1.29","2.1","2.7","4.5","25.40","38.2","28.0","43.7","69.0","24.1","","226.9","9.48","15.84","0.31","25.6","50.5","86.5","0.087","0.357","4.1"
"Gosen Polylon 16","51","Fast","Polyester","1.29","1.29","2.1","2.7","4.5","25.40","36.3","32.4","53.4","78.7","31.9","","206.9","9.48","15.84","0.51","25.8","50.9","81.9","0.087","0.357","4.1"
"Gosen Polylon 16","40","Slow","Polyester","1.29","1.29","2.1","2.7","4.5","16.29","46.5","22.1","28.9","45.2","12.4","","240.0","6.68","16.72","-0.23","23.2","58.4","91.8","0.087","0.357","4.1"
"Gosen Polylon 16","40","Medium","Polyester","1.29","1.29","2.1","2.7","4.5","16.87","41.5","30.0","43.7","60.4","22.7","","196.6","6.68","16.14","0.09","22.9","57.7","82.1","0.087","0.357","4.1"
"Gosen Polylon 16","40","Fast","Polyester","1.29","1.29","2.1","2.7","4.5","16.93","39.2","35.4","53.1","70.1","31.0","","172.6","6.68","16.08","0.52","23.4","58.7","77.4","0.087","0.357","4.1"
"Gosen Polylon 16","62","Slow","Polyester","1.29","1.29","2.1","2.7","4.5","34.40","39.3","18.1","25.8","60.2","13.7","","318.3","11.05","16.29","-0.44","26.9","43.6","96.6","0.087","0.357","4.1"
"Gosen Polylon 16","62","Medium","Polyester","1.29","1.29","2.1","2.7","4.5","35.21","35.2","25.8","43.4","78.7","25.4","","266.3","11.05","15.48","0.22","26.7","43.3","91.4","0.087","0.357","4.1"
"Gosen Polylon 16","62","Fast","Polyester","1.29","1.29","2.1","2.7","4.5","35.24","33.3","30.0","55.1","90.4","33.9","","248.0","11.05","15.45","0.47","26.9","43.7","85.9","0.087","0.357","4.1"
"Gosen Polylon 16","51","Slow","Polyester","1.29","1.29","2.1","2.7","4.5","24.59","42.7","20.0","26.7","51.4","12.8","","270.3","9.48","16.65","-0.46","25.6","50.6","96.2","0.087","0.357","4.1"
"Gosen Polylon 17 (1.24)","62","Slow","Polyester","1.24","1.25","2.4","3.0","4.5","35.72","38.6","18.0","25.1","60.9","13.7","","312.6","10.69","15.33","-0.38","25.6","41.5","95.5","0.09","0.391","4.3"
"Gosen Polylon 17 (1.24)","62","Medium","Polyester","1.24","1.25","2.4","3.0","4.5","36.36","34.9","25.1","41.7","78.1","24.5","","268.6","10.69","14.69","0.22","25.6","41.5","92.7","0.09","0.391","4.3"
"Gosen Polylon 17 (1.24)","62","Fast","Polyester","1.24","1.25","2.4","3.0","4.5","36.32","33.0","30.0","53.1","89.5","33.5","","240.0","10.69","14.73","0.51","26.0","42","85.9","0.09","0.391","4.3"
"Gosen Polylon 17 (1.24)","51","Slow","Polyester","1.24","1.25","2.4","3.0","4.5","25.69","42.1","20.0","26.9","52.7","13.2","","273.7","9.44","15.59","-0.37","24.7","48.6","95.3","0.09","0.391","4.3"
"Gosen Polylon 17 (1.24)","51","Medium","Polyester","1.24","1.25","2.4","3.0","4.5","26.42","37.7","27.1","42.6","69.0","23.3","","236.0","9.44","14.86","0.31","24.7","48.5","90.2","0.09","0.391","4.3"
"Gosen Polylon 17 (1.24)","51","Fast","Polyester","1.24","1.25","2.4","3.0","4.5","26.48","35.7","32.0","52.5","78.9","31.5","","208.0","9.44","14.80","0.51","24.7","48.8","83.2","0.09","0.391","4.3"
"Gosen Polylon 17 (1.24)","40","Slow","Polyester","1.24","1.25","2.4","3.0","4.5","16.63","46.3","22.1","27.8","44.5","12.3","","232.0","6.92","16.14","-0.17","22.9","57.7","91.2","0.09","0.391","4.3"
"Gosen Polylon 17 (1.24)","40","Medium","Polyester","1.24","1.25","2.4","3.0","4.5","17.20","41.2","29.9","41.2","58.4","21.8","","187.5","6.92","15.57","0.35","22.9","57.6","84.3","0.09","0.391","4.3"
"Gosen Polylon 17 (1.24)","40","Fast","Polyester","1.24","1.25","2.4","3.0","4.5","17.20","38.8","34.2","52.3","69.5","29.7","","182.3","6.92","15.57","0.51","22.9","57.9","77.6","0.09","0.391","4.3"
"Gosen Polylon Comfort 16","62","Slow","Polyester","1.3","1.32","3.0","5.8","7.3","34.46","39.6","18.2","24.5","58.9","13.4","","297.2","12.59","14.69","-0.36","26.9","43.6","96.6","0.073","0.402","5.5"
"Gosen Polylon Comfort 16","62","Medium","Polyester","1.3","1.32","3.0","5.8","7.3","35.08","35.5","26.0","42.3","77.4","25.2","","254.3","12.59","14.07","0.20","26.9","43.5","91.8","0.073","0.402","5.5"
"Gosen Polylon Comfort 16","62","Fast","Polyester","1.3","1.32","3.0","5.8","7.3","35.06","33.6","30.7","53.8","88.9","34.2","","232.0","12.59","14.09","0.66","27.3","44.3","89.1","0.073","0.402","5.5"
"Gosen Polylon Comfort 16","51","Slow","Polyester","1.3","1.32","3.0","5.8","7.3","23.17","43.7","20.9","26.7","49.8","13.1","","249.2","10.80","16.75","-0.31","27.3","53.7","95.5","0.073","0.402","5.5"
"Gosen Polylon Comfort 16","51","Medium","Polyester","1.3","1.32","3.0","5.8","7.3","23.90","39.0","28.0","41.9","65.9","23.1","","216.6","10.80","16.02","0.33","27.1","53.5","88.2","0.073","0.402","5.5"
"Gosen Polylon Comfort 16","51","Fast","Polyester","1.3","1.32","3.0","5.8","7.3","23.90","36.9","33.5","52.3","76.1","31.8","","189.2","10.80","16.02","0.64","27.3","54.1","83.2","0.073","0.402","5.5"
"Gosen Polylon Comfort 16","40","Slow","Polyester","1.3","1.32","3.0","5.8","7.3","12.35","50.0","24.0","27.3","39.7","11.9","","192.6","8.16","19.18","0.00","27.3","68.9","91.6","0.073","0.402","5.5"
"Gosen Polylon Comfort 16","40","Medium","Polyester","1.3","1.32","3.0","5.8","7.3","12.33","44.8","34.0","40.6","52.9","22.5","","142.3","8.16","19.20","0.18","27.6","69.4","79.4","0.073","0.402","5.5"
"Gosen Polylon Comfort 16","40","Fast","Polyester","1.3","1.32","3.0","5.8","7.3","12.59","42.4","37.9","48.3","61.1","28.9","","137.2","8.16","18.94","0.57","27.8","69.7","72.9","0.073","0.402","5.5"
"Gosen Polylon PolyBreak 17 (1.24)","62","Slow","Polyester","1.24","1.25","2.7","3.9","5.2","35.50","39.1","18.6","23.4","58.9","13.7","","277.2","10.83","15.41","-0.40","25.8","41.9","95.6","0.104","0.436","4.2"
"Gosen Polylon PolyBreak 17 (1.24)","62","Medium","Polyester","1.24","1.25","2.7","3.9","5.2","36.21","35.5","25.7","39.7","75.9","24.4","","243.5","10.83","14.70","0.16","25.6","41.6","91.4","0.104","0.436","4.2"
"Gosen Polylon PolyBreak 17 (1.24)","62","Fast","Polyester","1.24","1.25","2.7","3.9","5.2","36.18","33.6","30.0","50.5","86.7","32.6","","227.5","10.83","14.73","0.28","25.8","41.9","88.7","0.104","0.436","4.2"
"Gosen Polylon PolyBreak 17 (1.24)","51","Slow","Polyester","1.24","1.25","2.7","3.9","5.2","25.69","42.7","21.2","25.4","51.2","13.5","","230.3","9.08","15.95","-0.40","24.7","48.6","94.5","0.104","0.436","4.2"
"Gosen Polylon PolyBreak 17 (1.24)","51","Medium","Polyester","1.24","1.25","2.7","3.9","5.2","26.42","38.2","27.9","40.4","66.8","23.3","","210.9","9.08","15.22","0.25","24.5","48.4","87.6","0.104","0.436","4.2"
"Gosen Polylon PolyBreak 17 (1.24)","51","Fast","Polyester","1.24","1.25","2.7","3.9","5.2","26.44","36.2","32.5","50.7","77.2","31.3","","195.5","9.08","15.20","0.51","24.7","48.9","84.8","0.104","0.436","4.2"
"Gosen Polylon PolyBreak 17 (1.24)","40","Slow","Polyester","1.24","1.25","2.7","3.9","5.2","16.87","47.0","22.9","26.7","43.7","12.5","","207.5","7.25","15.57","-0.24","22.5","56.9","91.4","0.104","0.436","4.2"
"Gosen Polylon PolyBreak 17 (1.24)","40","Medium","Polyester","1.24","1.25","2.7","3.9","5.2","17.40","42.1","30.0","39.2","56.4","21.2","","176.6","7.25","15.04","0.42","22.7","57.2","83.2","0.104","0.436","4.2"
"Gosen Polylon PolyBreak 17 (1.24)","40","Fast","Polyester","1.24","1.25","2.7","3.9","5.2","17.40","39.6","35.2","49.2","66.6","29.3","","160.6","7.25","15.04","0.53","22.7","57.5","79.2","0.104","0.436","4.2"
"Gosen Polylon PolyBreak 18 (1.20)","62","Slow","Polyester","1.2","1.21","3.3","5.5","7.3","32.57","40.8","19.7","22.3","54.7","13.5","","233.2","11.05","18.12","-0.37","28.9","46.6","96.6","0.074","0.354","4.8"
"Gosen Polylon PolyBreak 18 (1.20)","62","Medium","Polyester","1.2","1.21","3.3","5.5","7.3","33.32","36.8","26.1","37.5","70.8","23.1","","222.9","11.05","17.37","0.16","28.7","46.3","92.7","0.074","0.354","4.8"
"Gosen Polylon PolyBreak 18 (1.20)","62","Fast","Polyester","1.2","1.21","3.3","5.5","7.3","33.32","34.8","31.8","48.1","81.4","32.3","","193.2","11.05","17.37","0.53","28.9","46.9","87.8","0.074","0.354","4.8"
"Gosen Polylon PolyBreak 18 (1.20)","51","Slow","Polyester","1.2","1.21","3.3","5.5","7.3","23.28","44.4","21.6","24.3","47.4","12.8","","210.9","9.13","18.31","-0.51","26.9","53.1","94.5","0.074","0.354","4.8"
"Gosen Polylon PolyBreak 18 (1.20)","51","Medium","Polyester","1.2","1.21","3.3","5.5","7.3","24.08","39.9","28.6","37.7","61.7","22.1","","186.9","9.13","17.51","0.31","26.9","53.1","89.3","0.074","0.354","4.8"
"Gosen Polylon PolyBreak 18 (1.20)","51","Fast","Polyester","1.2","1.21","3.3","5.5","7.3","24.01","37.7","34.0","47.0","71.0","30.2","","165.2","9.13","17.58","0.33","27.1","53.3","82.8","0.074","0.354","4.8"
"Gosen Polylon PolyBreak 18 (1.20)","40","Slow","Polyester","1.2","1.21","3.3","5.5","7.3","15.28","48.9","24.0","24.9","40.4","12.1","","176.0","7.59","16.82","-0.04","24.5","61.4","90.6","0.074","0.354","4.8"
"Gosen Polylon PolyBreak 18 (1.20)","40","Medium","Polyester","1.2","1.21","3.3","5.5","7.3","15.59","44.0","31.6","36.2","51.8","20.4","","147.4","7.59","16.51","0.33","24.5","61.6","82.6","0.074","0.354","4.8"
"Gosen Polylon PolyBreak 18 (1.20)","40","Fast","Polyester","1.2","1.21","3.3","5.5","7.3","15.63","41.4","37.0","45.4","61.1","28.2","","135.4","7.59","16.47","0.55","24.7","62","78.9","0.074","0.354","4.8"
"Gosen Polylon Premium 16 (1.32)","51","Fast","Polyester","1.32","1.25","3.3","4.8","6.7","35.06","33.5","31.1","51.8","86.9","33.7","16.1","217.7","4.52","11.14","0.09","15.7","31","88.9","0.077","0.447","5.8"
"Gosen Polylon Premium 16L (1.27)","51","Fast","Polyester","1.27","1.31","1.5","2.4","5.2","34.22","34.1","31.9","50.5","84.7","33.8","15.8","201.2","4.85","11.65","0.06","16.5","32.7","89.5","0.081","0.435","5.4"
"Gosen Polylon SP 16 (1.30)","62","Slow","Polyester","1.3","1.31","3.0","4.5","5.8","32.68","39.9","19.0","24.5","57.1","13.6","","275.5","13.23","15.83","-0.37","28.7","46.5","96.4","0.105","0.418","4"
"Gosen Polylon SP 16 (1.30)","62","Medium","Polyester","1.3","1.31","3.0","4.5","5.8","33.43","36.1","26.0","40.1","73.4","23.9","","240.6","13.23","15.08","0.16","28.4","46.1","91.6","0.105","0.418","4"
"Gosen Polylon SP 16 (1.30)","62","Fast","Polyester","1.3","1.31","3.0","4.5","5.8","33.43","34.1","30.9","51.4","84.9","32.8","","219.5","13.23","15.08","0.49","28.9","46.6","87.4","0.105","0.418","4"
"Gosen Polylon SP 16 (1.30)","51","Slow","Polyester","1.3","1.31","3.0","4.5","5.8","23.99","43.6","21.0","25.6","49.6","13.0","","236.0","9.81","16.92","-0.27","26.5","52.2","94.5","0.105","0.418","4"
"Gosen Polylon SP 16 (1.30)","51","Medium","Polyester","1.3","1.31","3.0","4.5","5.8","24.63","38.9","28.0","40.4","65.0","22.7","","209.2","9.81","16.28","0.29","26.5","52","89.1","0.105","0.418","4"
"Gosen Polylon SP 16 (1.30)","51","Fast","Polyester","1.3","1.31","3.0","4.5","5.8","24.63","36.8","33.0","49.4","74.1","30.5","","184.6","9.81","16.28","0.55","26.7","52.5","84.1","0.105","0.418","4"
"Gosen Polylon SP 16 (1.30)","40","Slow","Polyester","1.3","1.31","3.0","4.5","5.8","14.49","48.4","23.9","26.5","40.8","12.2","","188.0","7.45","17.75","-0.20","24.9","63","90.2","0.105","0.418","4"
"Gosen Polylon SP 16 (1.30)","40","Medium","Polyester","1.3","1.31","3.0","4.5","5.8","15.06","43.2","31.0","39.0","54.2","21.0","","165.2","7.45","17.18","0.37","24.9","63","81.5","0.105","0.418","4"
"Gosen Polylon SP 16 (1.30)","40","Fast","Polyester","1.3","1.31","3.0","4.5","5.8","15.17","40.8","36.0","49.0","64.2","28.8","","153.2","7.45","17.07","0.55","25.1","63.2","77.4","0.105","0.418","4"
"Gosen Polylon SP 17 (1.24)","62","Slow","Polyester","1.24","1.25","4.5","5.2","6.7","34.33","39.9","19.0","22.9","57.1","13.6","","257.2","10.17","17.24","-0.46","26.9","43.6","96.6","0.087","0.399","4.6"
"Gosen Polylon SP 17 (1.24)","62","Medium","Polyester","1.24","1.25","4.5","5.2","6.7","34.95","36.1","26.0","39.5","74.3","24.2","","236.6","10.17","16.62","-0.11","26.7","43.2","90.6","0.087","0.399","4.6"
"Gosen Polylon SP 17 (1.24)","62","Fast","Polyester","1.24","1.25","4.5","5.2","6.7","35.17","34.1","30.9","49.8","84.9","32.8","","211.5","10.17","16.40","0.53","27.1","43.9","88.7","0.087","0.399","4.6"
"Gosen Polylon SP 17 (1.24)","51","Slow","Polyester","1.24","1.25","4.5","5.2","6.7","23.88","42.8","20.0","24.3","48.1","12.0","","246.3","9.31","17.53","-0.49","26.2","52","96.6","0.087","0.399","4.6"
"Gosen Polylon SP 17 (1.24)","51","Medium","Polyester","1.24","1.25","4.5","5.2","6.7","24.72","39.2","28.0","38.4","63.3","22.1","","199.5","9.31","16.69","0.20","26.2","51.7","91.0","0.087","0.399","4.6"
"Gosen Polylon SP 17 (1.24)","51","Fast","Polyester","1.24","1.25","4.5","5.2","6.7","24.70","37.1","33.6","48.5","73.2","30.7","","174.9","9.31","16.71","0.47","26.5","52.2","85.4","0.087","0.399","4.6"
"Gosen Polylon SP 17 (1.24)","40","Slow","Polyester","1.24","1.25","4.5","5.2","6.7","14.51","48.9","24.0","26.0","40.6","12.2","","184.0","7.45","17.73","-0.31","24.9","62.7","90.4","0.087","0.399","4.6"
"Gosen Polylon SP 17 (1.24)","40","Medium","Polyester","1.24","1.25","4.5","5.2","6.7","15.17","43.6","31.2","38.1","53.1","20.7","","159.4","7.45","17.07","0.37","24.9","62.7","82.3","0.087","0.399","4.6"
"Gosen Polylon SP 17 (1.24)","40","Fast","Polyester","1.24","1.25","4.5","5.2","6.7","15.21","41.1","36.1","47.4","62.6","28.3","","148.0","7.45","17.03","0.48","24.9","62.9","77.4","0.087","0.399","4.6"
"Gosen Polymaster I 16","62","Slow","Polyester","1.02","1.1 x","3.0","4.8","7.0","35.37","39.4","19.0","22.9","58.4","13.9","","258.9","10.85","15.52","-0.48","25.8","41.9","96.4","0.075","0.349","4.7"
"Gosen Polymaster I 16","62","Medium","Polyester","1.02","1.1 x","3.0","4.8","7.0","36.21","35.5","25.9","39.0","75.2","24.4","","236.0","10.85","14.68","0.14","25.6","41.6","91.8","0.075","0.349","4.7"
"Gosen Polymaster I 16","62","Fast","Polyester","1.02","1.1 x","3.0","4.8","7.0","36.25","33.7","30.1","50.1","86.4","32.5","","224.6","10.85","14.64","0.57","26.0","42.2","88.5","0.075","0.349","4.7"
"Gosen Polymaster I 16","51","Slow","Polyester","1.02","1.1 x","3.0","4.8","7.0","24.28","43.5","21.0","25.4","49.6","13.0","","233.7","9.79","16.65","-0.46","26.0","51.2","94.3","0.075","0.349","4.7"
"Gosen Polymaster I 16","51","Medium","Polyester","1.02","1.1 x","3.0","4.8","7.0","25.05","38.8","28.0","39.9","65.0","22.7","","206.9","9.79","15.88","0.31","26.0","51.2","90.6","0.075","0.349","4.7"
"Gosen Polymaster I 16","51","Fast","Polyester","1.02","1.1 x","3.0","4.8","7.0","25.07","36.6","33.0","50.3","75.2","31.1","","186.9","9.79","15.86","0.62","26.2","51.8","85.0","0.075","0.349","4.7"
"Gosen Polymaster I 16","40","Slow","Polyester","1.02","1.1 x","3.0","4.8","7.0","13.30","49.4","24.0","26.7","39.9","12.0","","188.0","9.08","17.31","-0.15","26.2","66.1","86.1","0.075","0.349","4.7"
"Gosen Polymaster I 16","40","Medium","Polyester","1.02","1.1 x","3.0","4.8","7.0","13.94","43.8","31.4","39.7","53.6","21.0","","162.9","9.08","16.67","0.40","26.2","65.9","82.4","0.075","0.349","4.7"
"Gosen Polymaster I 16","40","Fast","Polyester","1.02","1.1 x","3.0","4.8","7.0","14.02","41.2","36.2","48.5","62.6","28.3","","150.9","9.08","16.59","0.55","26.2","66.1","76.0","0.075","0.349","4.7"
"Gosen Polymaster II 16","62","Slow","Polyester","1","1.0 x","4.2","5.8","7.6","34.13","40.2","19.2","22.7","56.9","13.7","","250.3","10.87","16.74","-0.44","27.1","44","95.8","0.074","0.374","5.1"
"Gosen Polymaster II 16","62","Medium","Polyester","1","1.0 x","4.2","5.8","7.6","34.93","36.2","26.0","38.1","73.2","23.8","","229.7","10.87","15.94","0.27","27.1","43.9","92.5","0.074","0.374","5.1"
"Gosen Polymaster II 16","62","Fast","Polyester","1","1.0 x","4.2","5.8","7.6","34.95","34.2","31.1","49.0","84.0","32.6","","206.9","10.87","15.92","0.51","27.3","44.2","89.1","0.074","0.374","5.1"
"Gosen Polymaster II 16","51","Slow","Polyester","1","1.0 x","4.2","5.8","7.6","23.73","44.2","21.4","24.5","48.1","12.9","","216.0","10.10","16.89","-0.44","26.5","52.3","95.3","0.074","0.374","5.1"
"Gosen Polymaster II 16","51","Medium","Polyester","1","1.0 x","4.2","5.8","7.6","24.48","39.4","28.1","38.8","63.3","22.2","","199.5","10.10","16.14","0.34","26.7","52.4","88.4","0.074","0.374","5.1"
"Gosen Polymaster II 16","51","Fast","Polyester","1","1.0 x","4.2","5.8","7.6","24.43","37.2","33.9","48.7","73.2","31.0","","172.0","10.10","16.19","0.59","26.9","53","84.5","0.074","0.374","5.1"
"Gosen Polymaster II 16","40","Slow","Polyester","1","1.0 x","4.2","5.8","7.6","13.89","49.6","24.0","25.8","39.7","11.9","","181.7","8.86","16.94","-0.16","25.6","64.6","90.4","0.074","0.374","5.1"
"Gosen Polymaster II 16","40","Medium","Polyester","1","1.0 x","4.2","5.8","7.6","14.31","44.1","31.9","37.9","52.3","20.9","","152.0","8.86","16.52","-0.24","25.1","63.3","81.9","0.074","0.374","5.1"
"Gosen Polymaster II 16","40","Fast","Polyester","1","1.0 x","4.2","5.8","7.6","14.69","41.4","37.0","47.4","62.0","28.6","","140.6","8.86","16.14","0.56","25.6","64.4","77.4","0.074","0.374","5.1"
"Tecnifibre Polyspin 16L","62","Slow","Polyester","1.27","1.29","1.5","2.1","2.4","41.23","37.6","18.0","23.8","65.0","14.7","","300.0","8.16","12.35","-0.22","20.3","32.9","92.9","0.103","0.393","3.8"
"Tecnifibre Polyspin 16L","62","Medium","Polyester","1.27","1.29","1.5","2.1","2.4","41.59","34.1","24.1","41.2","82.9","25.0","","288.0","8.16","11.99","0.22","20.3","33","93.1","0.103","0.393","3.8"
"Tecnifibre Polyspin 16L","62","Fast","Polyester","1.27","1.29","1.5","2.1","2.4","41.54","32.4","29.2","53.4","94.8","34.6","","254.3","8.16","12.04","0.53","20.7","33.6","89.3","0.103","0.393","3.8"
"Tecnifibre Polyspin 16L","51","Slow","Polyester","1.27","1.29","1.5","2.1","2.4","32.46","40.1","19.1","26.5","59.1","14.1","","296.6","6.59","11.67","-0.11","18.1","35.8","97.6","0.103","0.393","3.8"
"Tecnifibre Polyspin 16L","51","Medium","Polyester","1.27","1.29","1.5","2.1","2.4","32.81","36.1","26.0","43.2","75.9","24.7","","259.5","6.59","11.32","0.26","18.1","35.8","92.5","0.103","0.393","3.8"
"Tecnifibre Polyspin 16L","51","Fast","Polyester","1.27","1.29","1.5","2.1","2.4","32.74","34.2","31.0","53.6","86.4","33.5","","226.9","6.59","11.39","0.44","18.5","36.3","85.6","0.103","0.393","3.8"
"Tecnifibre Polyspin 16L","40","Slow","Polyester","1.27","1.29","1.5","2.1","2.4","23.77","42.7","20.8","28.7","52.5","13.6","","269.2","4.63","11.29","-0.02","15.9","40.1","96.0","0.103","0.393","3.8"
"Tecnifibre Polyspin 16L","40","Medium","Polyester","1.27","1.29","1.5","2.1","2.4","23.86","38.2","28.0","46.3","70.1","24.5","","240.0","4.63","11.20","0.22","16.1","40.4","89.7","0.103","0.393","3.8"
"Tecnifibre Polyspin 16L","40","Fast","Polyester","1.27","1.29","1.5","2.1","2.4","23.77","35.8","32.3","56.9","80.5","32.5","","221.7","4.63","11.29","0.46","16.3","41.3","84.1","0.103","0.393","3.8"
"Yonex PolyTour REV 16 (1.30)","51","Fast","Polyester","1.3","1.34","1.5","6.1","9.4","34.07","34.0","31.3","50.5","84.5","33.1","15.6","208.6","4.90","11.75","0.22","16.8","33.3","86.3","NA","NA","NA"
"Yonex Polytour Rev 16L (1.25)","51","Fast","Polyester","1.25","1.24","7.0","9.1","12.7","33.34","34.8","32.0","48.7","82.0","32.8","15.6","193.2","5.12","12.26","0.07","17.4","34.4","87.6","0.074","0.533","7.2"
"Pacific Power Line 16L","62","Slow","Nylon","1.28","1.37","8.0","9.1","NA","50.83","37.8","18.3","14.3","65.0","14.9","","173.2","7.12","3.79","0.16","11.0","17.9","97.8","0.121","0.409","3.4"
"Pacific Power Line 16L","62","Medium","Nylon","1.28","1.37","8.0","9.1","NA","49.90","34.8","26.3","30.6","80.5","26.5","","180.0","7.12","4.72","-0.02","11.9","19.1","94.1","0.121","0.409","3.4"
"Pacific Power Line 16L","62","Fast","Nylon","1.28","1.37","8.0","9.1","NA","49.72","32.6","29.9","43.4","93.1","34.8","","197.7","7.12","4.90","0.13","12.1","19.7","93.7","0.121","0.409","3.4"
"Pacific Power Line 16L","51","Slow","Nylon","1.28","1.37","8.0","9.1","NA","41.74","39.3","18.0","14.1","55.8","12.6","","177.2","5.91","3.07","0.09","9.0","17.9","95.6","0.121","0.409","3.4"
"Pacific Power Line 16L","51","Medium","Nylon","1.28","1.37","8.0","9.1","NA","41.28","36.0","26.0","30.4","71.7","23.3","","182.3","5.91","3.53","0.05","9.5","18.7","97.0","0.121","0.409","3.4"
"Pacific Power Line 16L","51","Fast","Nylon","1.28","1.37","8.0","9.1","NA","41.04","34.0","31.1","43.2","84.2","32.7","","181.2","5.91","3.77","0.16","9.9","19.4","92.2","0.121","0.409","3.4"
"Pacific Power Line 16L","40","Slow","Nylon","1.28","1.37","8.0","9.1","NA","31.66","43.4","20.0","14.6","46.3","11.6","","148.6","5.07","2.96","0.06","8.2","20.4","96.0","0.121","0.409","3.4"
"Pacific Power Line 16L","40","Medium","Nylon","1.28","1.37","8.0","9.1","NA","31.42","39.3","28.2","30.4","61.7","21.8","","154.9","5.07","3.20","0.13","8.4","21.2","93.1","0.121","0.409","3.4"
"Pacific Power Line 16L","40","Fast","Nylon","1.28","1.37","8.0","9.1","NA","31.16","36.8","34.0","42.1","73.4","31.1","","148.6","5.07","3.46","0.14","8.6","21.8","89.5","0.121","0.409","3.4"
"Pacific Power Line 17","62","Slow","Nylon","1.24","1.27","7.9","9.1","10.0","50.27","36.8","17.0","13.9","64.2","13.6","","194.3","7.01","4.46","0.06","11.5","18.7","98.8","0.106","0.374","3.5"
"Pacific Power Line 17","62","Medium","Nylon","1.24","1.27","7.9","9.1","10.0","49.83","34.0","24.1","30.0","79.8","24.1","","210.9","7.01","4.90","0.06","11.9","19.4","96.8","0.106","0.374","3.5"
"Pacific Power Line 17","62","Fast","Nylon","1.24","1.27","7.9","9.1","10.0","49.57","32.2","29.4","43.2","92.8","34.1","","203.5","7.01","5.16","0.22","12.3","20.1","93.5","0.106","0.374","3.5"
"Pacific Power Line 17","51","Slow","Nylon","1.24","1.27","7.9","9.1","10.0","40.13","40.0","18.2","14.3","54.5","12.4","","177.2","6.88","3.71","0.04","10.6","21","97.8","0.106","0.374","3.5"
"Pacific Power Line 17","51","Medium","Nylon","1.24","1.27","7.9","9.1","10.0","39.89","36.5","26.1","30.9","70.8","23.1","","184.0","6.88","3.95","0.09","11.0","21.5","94.9","0.106","0.374","3.5"
"Pacific Power Line 17","51","Fast","Nylon","1.24","1.27","7.9","9.1","10.0","39.60","34.5","31.6","43.0","82.5","32.6","","174.3","6.88","4.24","0.17","11.2","22.3","91.6","0.106","0.374","3.5"
"Pacific Power Line 17","40","Slow","Nylon","1.24","1.27","7.9","9.1","10.0","30.91","44.0","20.1","15.4","46.3","11.7","","154.3","5.47","3.31","0.04","8.8","22.2","97.0","0.106","0.374","3.5"
"Pacific Power Line 17","40","Medium","Nylon","1.24","1.27","7.9","9.1","10.0","30.76","39.5","29.0","31.1","61.7","22.4","","150.3","5.47","3.46","0.07","9.0","22.7","93.1","0.106","0.374","3.5"
"Pacific Power Line 17","40","Fast","Nylon","1.24","1.27","7.9","9.1","10.0","30.61","37.2","34.1","42.1","72.8","30.9","","147.4","5.47","3.61","0.16","9.3","23.3","91.0","0.106","0.374","3.5"
"Mantis Power Poly 17","62","Slow","Polyester","1.25","1.26","1.5","2.4","3.3","37.48","38.4","18.0","23.8","61.3","13.8","","297.2","9.24","15.02","-0.47","23.8","38.5","95.5","0.086","0.417","4.8"
"Mantis Power Poly 17","62","Medium","Polyester","1.25","1.26","1.5","2.4","3.3","38.21","34.8","25.0","40.6","78.7","24.6","","263.5","9.24","14.29","0.24","23.8","38.5","93.1","0.086","0.417","4.8"
"Mantis Power Poly 17","62","Fast","Polyester","1.25","1.26","1.5","2.4","3.3","38.19","33.0","30.0","50.9","89.1","33.4","","230.3","9.24","14.31","0.57","24.0","39.1","88.4","0.086","0.417","4.8"
"Mantis Power Poly 17","51","Slow","Polyester","1.25","1.26","1.5","2.4","3.3","28.75","41.2","20.0","25.4","54.0","13.5","","257.7","7.89","14.08","-0.36","21.6","42.6","94.1","0.086","0.417","4.8"
"Mantis Power Poly 17","51","Medium","Polyester","1.25","1.26","1.5","2.4","3.3","29.44","37.0","26.3","41.0","70.6","23.2","","241.2","7.89","13.39","0.31","21.6","42.6","90.8","0.086","0.417","4.8"
"Mantis Power Poly 17","51","Fast","Polyester","1.25","1.26","1.5","2.4","3.3","29.35","35.2","32.0","51.2","80.5","32.2","","203.5","7.89","13.48","0.46","21.8","43","85.6","0.086","0.417","4.8"
"Mantis Power Poly 17","40","Slow","Polyester","1.25","1.26","1.5","2.4","3.3","21.17","44.2","21.7","27.3","48.5","13.2","","233.7","4.83","13.69","-0.22","18.3","46.1","93.1","0.086","0.417","4.8"
"Mantis Power Poly 17","40","Medium","Polyester","1.25","1.26","1.5","2.4","3.3","21.72","39.4","28.1","42.1","63.9","22.4","","217.2","4.83","13.14","0.33","18.3","46.1","88.0","0.086","0.417","4.8"
"Mantis Power Poly 17","40","Fast","Polyester","1.25","1.26","1.5","2.4","3.3","21.70","37.2","33.8","51.8","73.6","31.1","","184.6","4.83","13.16","0.53","18.5","46.7","82.3","0.086","0.417","4.8"
"Pacific Power Twist 16L","62","Slow","Nylon","1.28","1.33","9.4","10.6","12.1","49.55","37.1","17.0","12.6","62.2","13.2","","177.2","7.61","4.58","-0.02","12.1","19.7","98.8","0.133","0.419","3.2"
"Pacific Power Twist 16L","62","Medium","Nylon","1.28","1.33","9.4","10.6","12.1","49.22","34.4","24.1","28.0","77.2","23.3","","195.5","7.61","4.91","0.05","12.6","20.4","95.1","0.133","0.419","3.2"
"Pacific Power Twist 16L","62","Fast","Nylon","1.28","1.33","9.4","10.6","12.1","48.93","32.6","29.9","40.1","89.1","33.3","","182.3","7.61","5.20","0.22","13.0","21.1","92.4","0.133","0.419","3.2"
"Pacific Power Twist 16L","51","Slow","Nylon","1.28","1.33","9.4","10.6","12.1","39.82","40.4","18.2","13.5","53.1","12.1","","165.2","6.35","4.55","0.04","11.0","21.6","97.8","0.133","0.419","3.2"
"Pacific Power Twist 16L","51","Medium","Nylon","1.28","1.33","9.4","10.6","12.1","39.54","37.0","26.3","28.9","68.4","22.5","","169.7","6.35","4.83","0.03","11.2","22.1","94.3","0.133","0.419","3.2"
"Pacific Power Twist 16L","51","Fast","Nylon","1.28","1.33","9.4","10.6","12.1","39.32","35.0","32.0","39.9","79.4","31.7","","158.3","6.35","5.05","0.14","11.5","22.7","92.9","0.133","0.419","3.2"
"Pacific Power Twist 16L","40","Slow","Nylon","1.28","1.33","9.4","10.6","12.1","30.74","44.4","20.0","13.9","44.5","11.2","","140.6","5.03","3.92","0.00","9.0","22.6","97.2","0.133","0.419","3.2"
"Pacific Power Twist 16L","40","Medium","Nylon","1.28","1.33","9.4","10.6","12.1","30.58","40.0","29.0","28.2","58.9","21.3","","136.6","5.03","4.08","0.11","9.3","23.2","93.1","0.133","0.419","3.2"
"Pacific Power Twist 16L","40","Fast","Nylon","1.28","1.33","9.4","10.6","12.1","30.36","37.7","34.1","39.0","69.5","29.5","","136.6","5.03","4.30","0.11","9.5","23.8","90.2","0.133","0.419","3.2"
"Volkl Power-Fiber II 16","62","Slow","Nylon","1.32","1.31","7.6","8.8","9.7","48.40","37.6","17.8","14.1","62.4","13.9","","180.0","6.77","6.57","-0.07","13.2","21.5","96.4","0.126","0.405","3.2"
"Volkl Power-Fiber II 16","62","Medium","Nylon","1.32","1.31","7.6","8.8","9.7","48.47","34.8","24.8","26.9","75.4","23.4","","178.9","6.77","6.50","0.18","13.5","21.8","96.2","0.126","0.405","3.2"
"Volkl Power-Fiber II 16","62","Fast","Nylon","1.32","1.31","7.6","8.8","9.7","48.18","33.0","30.0","39.2","87.3","32.8","","176.6","6.77","6.79","0.38","13.9","22.6","93.5","0.126","0.405","3.2"
"Volkl Power-Fiber II 16","51","Slow","Nylon","1.32","1.31","7.6","8.8","9.7","40.57","40.2","18.9","14.3","54.9","13.0","","162.9","5.87","4.28","0.02","10.1","20","99.6","0.126","0.405","3.2"
"Volkl Power-Fiber II 16","51","Medium","Nylon","1.32","1.31","7.6","8.8","9.7","40.46","36.8","26.0","28.7","69.2","22.5","","172.0","5.87","4.39","0.09","10.4","20.4","94.1","0.126","0.405","3.2"
"Volkl Power-Fiber II 16","51","Fast","Nylon","1.32","1.31","7.6","8.8","9.7","40.31","34.8","31.9","39.9","80.3","32.0","","158.9","5.87","4.54","0.29","10.8","21.1","92.2","0.126","0.405","3.2"
"Volkl Power-Fiber II 16","40","Slow","Nylon","1.32","1.31","7.6","8.8","9.7","29.90","44.4","21.0","15.9","45.9","12.0","","146.9","6.44","3.35","0.00","9.7","24.7","96.8","0.126","0.405","3.2"
"Volkl Power-Fiber II 16","40","Medium","Nylon","1.32","1.31","7.6","8.8","9.7","29.88","40.3","29.0","29.3","59.3","21.5","","142.3","6.44","3.37","0.09","9.9","24.9","94.1","0.126","0.405","3.2"
"Volkl Power-Fiber II 16","40","Fast","Nylon","1.32","1.31","7.6","8.8","9.7","29.75","37.9","34.1","39.5","69.2","29.5","","137.7","6.44","3.50","0.18","10.1","25.5","89.1","0.126","0.405","3.2"
"Volkl Power-Fiber II 17","62","Slow","Nylon","1.25","1.28","7.3","8.5","9.7","50.96","37.0","17.5","12.8","63.9","14.0","","171.5","6.20","4.58","-0.04","10.8","17.4","97.2","0.15","0.403","2.7"
"Volkl Power-Fiber II 17","62","Medium","Nylon","1.25","1.28","7.3","8.5","9.7","50.76","34.3","24.1","26.9","77.6","23.4","","188.0","6.20","4.78","0.04","11.0","17.9","96.0","0.15","0.403","2.7"
"Volkl Power-Fiber II 17","62","Fast","Nylon","1.25","1.28","7.3","8.5","9.7","50.60","32.5","29.7","38.4","89.1","33.1","","176.6","6.20","4.94","0.24","11.5","18.4","94.7","0.15","0.403","2.7"
"Volkl Power-Fiber II 17","51","Slow","Nylon","1.25","1.28","7.3","8.5","9.7","41.21","39.9","18.5","14.1","55.3","12.8","","166.9","5.42","4.09","-0.05","9.5","18.7","96.6","0.15","0.403","2.7"
"Volkl Power-Fiber II 17","51","Medium","Nylon","1.25","1.28","7.3","8.5","9.7","41.12","36.6","26.0","28.2","69.2","22.5","","169.2","5.42","4.18","0.04","9.7","19","91.4","0.15","0.403","2.7"
"Volkl Power-Fiber II 17","51","Fast","Nylon","1.25","1.28","7.3","8.5","9.7","40.97","34.5","31.8","39.5","80.5","31.9","","158.9","5.42","4.33","0.18","9.9","19.6","93.7","0.15","0.403","2.7"
"Volkl Power-Fiber II 17","40","Slow","Nylon","1.25","1.28","7.3","8.5","9.7","30.65","44.1","21.0","15.2","45.9","12.0","","140.0","5.18","3.86","-0.02","9.0","22.7","95.3","0.15","0.403","2.7"
"Volkl Power-Fiber II 17","40","Medium","Nylon","1.25","1.28","7.3","8.5","9.7","30.61","39.9","28.8","28.7","59.3","21.3","","141.2","5.18","3.90","0.05","9.0","23","94.9","0.15","0.403","2.7"
"Volkl Power-Fiber II 17","40","Fast","Nylon","1.25","1.28","7.3","8.5","9.7","30.52","37.5","34.0","39.5","69.9","29.7","","138.3","5.18","3.99","0.16","9.3","23.5","91.6","0.15","0.403","2.7"
"Volkl Power-Fiber II 18","62","Slow","Nylon","1.18","1.21","8.2","9.4","10.6","51.22","36.4","17.0","13.5","64.6","13.7","","189.7","6.17","4.35","-0.11","10.4","16.9","98.2","0.138","0.401","2.9"
"Volkl Power-Fiber II 18","62","Medium","Nylon","1.18","1.21","8.2","9.4","10.6","51.11","34.0","24.0","26.5","77.6","23.3","","187.5","6.17","4.46","0.09","10.8","17.4","96.4","0.138","0.401","2.9"
"Volkl Power-Fiber II 18","62","Fast","Nylon","1.18","1.21","8.2","9.4","10.6","50.91","32.4","29.1","38.6","89.5","32.6","","184.6","6.17","4.66","0.50","11.2","18.4","94.7","0.138","0.401","2.9"
"Volkl Power-Fiber II 18","51","Slow","Nylon","1.18","1.21","8.2","9.4","10.6","39.95","39.9","18.4","14.6","54.5","12.5","","173.7","6.20","4.57","-0.14","10.6","21","94.9","0.138","0.401","2.9"
"Volkl Power-Fiber II 18","51","Medium","Nylon","1.18","1.21","8.2","9.4","10.6","39.93","36.8","26.0","27.8","67.7","22.0","","166.9","6.20","4.59","0.09","10.8","21.4","97.8","0.138","0.401","2.9"
"Volkl Power-Fiber II 18","51","Fast","Nylon","1.18","1.21","8.2","9.4","10.6","39.43","34.8","31.8","39.2","78.5","31.3","","157.2","6.20","5.09","0.27","11.5","22.8","93.1","0.138","0.401","2.9"
"Volkl Power-Fiber II 18","40","Slow","Nylon","1.18","1.21","8.2","9.4","10.6","29.99","44.3","21.0","15.2","45.2","11.8","","139.4","5.20","4.50","-0.04","9.7","24.3","95.3","0.138","0.401","2.9"
"Volkl Power-Fiber II 18","40","Medium","Nylon","1.18","1.21","8.2","9.4","10.6","29.99","40.1","29.0","28.0","58.0","21.0","","136.0","5.20","4.50","0.05","9.7","24.6","94.1","0.138","0.401","2.9"
"Volkl Power-Fiber II 18","40","Fast","Nylon","1.18","1.21","8.2","9.4","10.6","29.92","37.7","34.0","38.4","68.4","29.1","","134.9","5.20","4.57","0.17","9.9","25.1","90.6","0.138","0.401","2.9"
"Gosen Powermaster I 16","62","Slow","Nylon","1.21","1.11","8.5","10.0","10.6","49.59","37.5","17.6","13.2","62.8","13.8","","173.7","7.41","4.74","-0.02","12.1","19.6","95.6","0.079","0.31","3.9"
"Gosen Powermaster I 16","62","Medium","Nylon","1.21","1.11","8.5","10.0","10.6","48.60","34.8","24.5","28.2","76.7","23.5","","190.9","7.41","5.73","0.00","13.2","21.3","97.2","0.079","0.31","3.9"
"Gosen Powermaster I 16","62","Fast","Nylon","1.21","1.11","8.5","10.0","10.6","48.51","33.0","30.0","40.6","89.1","33.4","","182.9","7.41","5.82","0.22","13.5","21.8","92.9","0.079","0.31","3.9"
"Gosen Powermaster I 16","51","Slow","Nylon","1.21","1.11","8.5","10.0","10.6","39.93","40.8","19.0","14.8","54.7","13.0","","166.9","6.28","4.51","0.00","10.8","21.3","97.4","0.079","0.31","3.9"
"Gosen Powermaster I 16","51","Medium","Nylon","1.21","1.11","8.5","10.0","10.6","39.73","37.2","26.7","29.3","69.0","23.0","","166.9","6.28","4.71","0.04","11.0","21.7","95.8","0.079","0.31","3.9"
"Gosen Powermaster I 16","51","Fast","Nylon","1.21","1.11","8.5","10.0","10.6","39.54","35.1","32.0","41.0","80.5","32.2","","162.9","6.28","4.90","0.20","11.5","22.4","93.7","0.079","0.31","3.9"
"Gosen Powermaster I 16","40","Slow","Nylon","1.21","1.11","8.5","10.0","10.6","29.33","45.4","21.6","15.4","44.8","12.1","","133.7","6.42","3.94","0.05","10.4","26.2","97.2","0.079","0.31","3.9"
"Gosen Powermaster I 16","40","Medium","Nylon","1.21","1.11","8.5","10.0","10.6","29.15","40.8","29.2","30.2","59.3","21.7","","144.0","6.42","4.12","0.04","10.6","26.7","92.9","0.079","0.31","3.9"
"Gosen Powermaster I 16","40","Fast","Nylon","1.21","1.11","8.5","10.0","10.6","29.02","38.2","34.9","40.8","69.7","30.4","","136.0","6.42","4.25","0.16","10.8","27.3","90.1","0.079","0.31","3.9"
"Gosen Powermaster II 16","62","Slow","Nylon","1.21","1.00","9.4","10.6","11.5","50.08","37.8","18.0","13.2","63.3","14.2","","165.7","7.06","4.60","0.03","11.7","18.9","95.6","0.08","0.292","3.7"
"Gosen Powermaster II 16","62","Medium","Nylon","1.21","1.00","9.4","10.6","11.5","49.63","35.1","25.0","28.2","77.8","24.3","","183.5","7.06","5.05","0.06","12.1","19.7","98.0","0.08","0.292","3.7"
"Gosen Powermaster II 16","62","Fast","Nylon","1.21","1.00","9.4","10.6","11.5","49.39","33.1","30.0","39.7","89.1","33.4","","178.9","7.06","5.29","0.22","12.6","20.4","93.9","0.08","0.292","3.7"
"Gosen Powermaster II 16","51","Slow","Nylon","1.21","1.00","9.4","10.6","11.5","39.91","41.1","19.2","14.3","54.2","13.0","","160.0","6.70","4.11","0.02","10.8","21.3","97.4","0.08","0.292","3.7"
"Gosen Powermaster II 16","51","Medium","Nylon","1.21","1.00","9.4","10.6","11.5","39.69","37.5","27.0","28.9","68.6","23.2","","161.2","6.70","4.33","0.04","11.0","21.8","96.8","0.08","0.292","3.7"
"Gosen Powermaster II 16","51","Fast","Nylon","1.21","1.00","9.4","10.6","11.5","39.51","35.3","32.0","39.9","79.4","31.8","","157.7","6.70","4.51","0.17","11.5","22.4","92.9","0.08","0.292","3.7"
"Gosen Powermaster II 16","40","Slow","Nylon","1.21","1.00","9.4","10.6","11.5","29.81","45.3","21.2","15.2","45.2","12.0","","137.7","6.11","3.77","0.00","9.9","24.9","95.5","0.08","0.292","3.7"
"Gosen Powermaster II 16","40","Medium","Nylon","1.21","1.00","9.4","10.6","11.5","29.66","40.9","29.8","29.3","59.1","21.9","","134.3","6.11","3.92","0.05","10.1","25.4","93.9","0.08","0.292","3.7"
"Gosen Powermaster II 16","40","Fast","Nylon","1.21","1.00","9.4","10.6","11.5","29.48","38.3","35.0","39.5","69.0","30.2","","131.4","6.11","4.10","0.13","10.4","26.1","90.6","0.08","0.292","3.7"
"Prince Premier Control 15","40","Slow","Nylon","1.4","NA","7.6","9.1","10.3","30.43","45.5","21.9","14.8","45.2","12.4","6.4","126.3","4.70","4.56","0.05","9.3","23.4","97.0","0.092","0.423","4.6"
"Prince Premier Control 15","40","Medium","Nylon","1.4","NA","7.6","9.1","10.3","30.25","40.6","30.0","28.7","59.1","22.1","10.8","129.7","4.70","4.74","0.06","9.5","23.9","92.7","0.092","0.423","4.6"
"Prince Premier Control 15","40","Fast","Nylon","1.4","NA","7.6","9.1","10.3","30.10","37.9","35.1","38.6","68.8","30.2","14.7","127.4","4.70","4.89","0.16","9.7","24.6","91.4","0.092","0.423","4.6"
"Prince Premier Control 15","51","Slow","Nylon","1.4","NA","7.6","9.1","10.3","42.07","40.7","19.1","13.2","55.3","13.3","7.1","148.0","4.23","4.42","0.04","8.6","17.1","98.0","0.092","0.423","4.6"
"Prince Premier Control 15","51","Medium","Nylon","1.4","NA","7.6","9.1","10.3","41.65","36.9","27.0","28.2","69.9","23.6","11.8","157.2","4.23","4.84","0.04","9.0","18","96.8","0.092","0.423","4.6"
"Prince Premier Control 15","51","Fast","Nylon","1.4","NA","7.6","9.1","10.3","41.32","34.7","32.0","39.0","80.3","32.2","16.0","154.3","4.23","5.17","0.17","9.5","18.9","92.9","0.092","0.423","4.6"
"Prince Premier Control 15","62","Slow","Nylon","1.4","NA","7.6","9.1","10.3","52.50","37.5","17.9","12.8","65.3","14.6","7.7","163.4","4.63","4.61","0.07","9.3","15.1","99.0","0.092","0.423","4.6"
"Prince Premier Control 15","62","Medium","Nylon","1.4","NA","7.6","9.1","10.3","51.84","34.4","25.0","27.1","78.9","24.7","13.0","176.0","4.63","5.27","0.04","9.9","16.1","96.8","0.092","0.423","4.6"
"Prince Premier Control 15","62","Fast","Nylon","1.4","NA","7.6","9.1","10.3","51.49","32.4","30.0","38.6","90.2","33.8","17.0","174.3","4.63","5.62","0.25","10.6","17","94.3","0.092","0.423","4.6"
"Prince Premier Control 15L","40","Slow","Nylon","1.35","NA","7.3","9.1","10.0","30.72","45.5","21.9","14.6","45.2","12.4","6.4","123.4","4.54","4.43","0.03","9.0","22.7","97.2","0.088","0.406","4.6"
"Prince Premier Control 15L","40","Medium","Nylon","1.35","NA","7.3","9.1","10.0","30.52","40.6","30.0","28.2","58.9","22.1","11.0","128.0","4.54","4.63","0.05","9.3","23.2","92.5","0.088","0.406","4.6"
"Prince Premier Control 15L","40","Fast","Nylon","1.35","NA","7.3","9.1","10.0","30.34","38.0","35.2","38.6","69.0","30.3","14.4","126.9","4.54","4.81","0.13","9.5","23.9","89.9","0.088","0.406","4.6"
"Prince Premier Control 15L","51","Slow","Nylon","1.35","NA","7.3","9.1","10.0","42.34","40.8","19.2","13.2","55.6","13.3","7.1","146.3","4.01","4.37","0.03","8.4","16.6","98.4","0.088","0.406","4.6"
"Prince Premier Control 15L","51","Medium","Nylon","1.35","NA","7.3","9.1","10.0","41.94","36.9","27.0","27.8","69.7","23.5","12.2","154.3","4.01","4.77","0.04","8.8","17.4","96.0","0.088","0.406","4.6"
"Prince Premier Control 15L","51","Fast","Nylon","1.35","NA","7.3","9.1","10.0","41.67","34.7","32.0","38.4","80.0","32.1","16.0","152.6","4.01","5.04","0.13","9.3","18.1","95.5","0.088","0.406","4.6"
"Prince Premier Control 15L","62","Slow","Nylon","1.35","NA","7.3","9.1","10.0","52.37","37.6","18.0","12.8","65.3","14.6","7.8","162.3","4.96","4.41","0.02","9.5","15.2","97.2","0.088","0.406","4.6"
"Prince Premier Control 15L","62","Medium","Nylon","1.35","NA","7.3","9.1","10.0","51.84","34.4","25.0","27.1","78.9","24.7","12.9","175.5","4.96","4.94","0.04","9.9","16.1","97.6","0.088","0.406","4.6"
"Prince Premier Control 15L","62","Fast","Nylon","1.35","NA","7.3","9.1","10.0","51.51","32.5","30.0","38.1","89.7","33.7","17.1","172.6","4.96","5.27","0.18","10.4","16.9","97.6","0.088","0.406","4.6"
"Prince Premier Control 16","40","Slow","Nylon","1.3","NA","7.0","8.2","9.1","31.18","45.2","21.8","15.0","46.1","12.6","6.4","128.6","4.23","4.28","0.00","8.6","21.4","96.4","0.087","0.471","5.4"
"Prince Premier Control 16","40","Medium","Nylon","1.3","NA","7.0","8.2","9.1","30.89","40.2","29.9","29.8","60.6","22.6","11.2","134.9","4.23","4.57","0.00","8.8","22.2","94.1","0.087","0.471","5.4"
"Prince Premier Control 16","40","Fast","Nylon","1.3","NA","7.0","8.2","9.1","30.58","37.5","34.9","39.9","70.6","30.8","14.6","133.2","4.23","4.88","0.13","9.3","23.3","91.4","0.087","0.471","5.4"
"Prince Premier Control 16","51","Slow","Nylon","1.3","NA","7.0","8.2","9.1","42.53","40.7","19.2","13.9","56.4","13.6","7.2","153.7","3.97","4.22","0.02","8.2","16.2","98.0","0.087","0.471","5.4"
"Prince Premier Control 16","51","Medium","Nylon","1.3","NA","7.0","8.2","9.1","42.12","36.8","27.0","28.7","70.8","23.8","12.0","160.0","3.97","4.63","0.05","8.6","17","95.6","0.087","0.471","5.4"
"Prince Premier Control 16","51","Fast","Nylon","1.3","NA","7.0","8.2","9.1","41.85","34.5","32.0","39.7","81.6","32.6","15.8","157.7","3.97","4.90","0.15","9.0","17.8","93.3","0.087","0.471","5.4"
"Prince Premier Control 16","62","Slow","Nylon","1.3","NA","7.0","8.2","9.1","51.95","37.7","18.0","13.7","65.7","14.8","7.8","173.7","4.50","5.29","-0.09","9.7","15.7","97.8","0.087","0.471","5.4"
"Prince Premier Control 16","62","Medium","Nylon","1.3","NA","7.0","8.2","9.1","51.62","34.4","25.1","28.2","80.0","25.1","12.9","182.3","4.50","5.62","0.05","10.1","16.5","96.4","0.087","0.471","5.4"
"Prince Premier Control 16","62","Fast","Nylon","1.3","NA","7.0","8.2","9.1","51.40","32.5","30.0","39.7","91.1","34.2","16.9","179.5","4.50","5.84","0.27","10.6","17.2","93.3","0.087","0.471","5.4"
"Prince Premier Control 17","40","Slow","Nylon","1.25","NA","7.3","8.5","9.7","29.75","46.0","22.0","15.0","44.8","12.3","6.3","126.3","4.81","5.13","0.00","9.9","25.1","98.6","0.091","0.431","4.7"
"Prince Premier Control 17","40","Medium","Nylon","1.25","NA","7.3","8.5","9.7","29.66","40.8","30.0","29.1","58.9","22.1","10.8","131.4","4.81","5.22","0.05","10.1","25.4","92.4","0.091","0.431","4.7"
"Prince Premier Control 17","40","Fast","Nylon","1.25","NA","7.3","8.5","9.7","29.55","38.2","35.8","38.6","68.1","30.5","14.3","122.9","4.81","5.33","0.16","10.4","25.9","89.7","0.091","0.431","4.7"
"Prince Premier Control 17","51","Slow","Nylon","1.25","NA","7.3","8.5","9.7","41.52","41.0","19.7","13.9","55.3","13.7","7.1","144.6","4.23","4.97","0.00","9.3","18.1","98.0","0.091","0.431","4.7"
"Prince Premier Control 17","51","Medium","Nylon","1.25","NA","7.3","8.5","9.7","41.26","37.1","27.2","28.4","69.7","23.6","11.9","156.6","4.23","5.23","0.05","9.5","18.7","95.5","0.091","0.431","4.7"
"Prince Premier Control 17","51","Fast","Nylon","1.25","NA","7.3","8.5","9.7","41.06","34.9","32.1","38.8","79.8","32.0","16.1","153.2","4.23","5.43","0.20","9.9","19.4","91.8","0.091","0.431","4.7"
"Prince Premier Control 17","62","Slow","Nylon","1.25","NA","7.3","8.5","9.7","51.69","37.9","18.0","13.2","65.0","14.6","7.7","167.4","4.67","5.38","0.03","10.1","16.3","99.8","0.091","0.431","4.7"
"Prince Premier Control 17","62","Medium","Nylon","1.25","NA","7.3","8.5","9.7","51.24","34.6","25.4","27.1","78.3","24.9","13.1","170.3","4.67","5.83","0.08","10.6","17.1","96.6","0.091","0.431","4.7"
"Prince Premier Control 17","62","Fast","Nylon","1.25","NA","7.3","8.5","9.7","50.94","32.7","30.1","38.4","89.3","33.5","17.5","172.0","4.67","6.13","0.29","11.0","18","94.1","0.091","0.431","4.7"
"Prince Premier LT 17","62","Slow","Nylon","1.25","1.26","8.8","10.0","11.2","45.27","38.6","18.0","14.1","59.5","13.4","","177.7","8.09","8.38","-0.26","16.3","26.3","98.8","0.102","0.338","3.3"
"Prince Premier LT 17","62","Medium","Nylon","1.25","1.26","8.8","10.0","11.2","45.36","34.8","27.5","33.3","78.7","27.1","","178.3","8.09","8.29","0.40","16.8","27.2","94.5","0.102","0.338","3.3"
"Prince Premier LT 17","62","Fast","Nylon","1.25","1.26","8.8","10.0","11.2","44.96","33.2","32.0","43.9","88.9","35.5","","174.3","8.09","8.69","0.55","17.4","28.1","94.3","0.102","0.338","3.3"
"Prince Premier LT 17","51","Slow","Nylon","1.25","1.26","8.8","10.0","11.2","36.29","41.9","20.0","15.2","51.6","12.9","","155.4","6.00","8.43","-0.03","14.3","28.4","96.0","0.102","0.338","3.3"
"Prince Premier LT 17","51","Medium","Nylon","1.25","1.26","8.8","10.0","11.2","36.21","37.3","29.8","33.7","70.1","26.1","","154.3","6.00","8.51","0.20","14.8","29","94.5","0.102","0.338","3.3"
"Prince Premier LT 17","51","Fast","Nylon","1.25","1.26","8.8","10.0","11.2","36.03","35.5","34.0","43.7","79.6","33.8","","153.2","6.00","8.69","0.57","15.2","30.1","90.1","0.102","0.338","3.3"
"Prince Premier LT 17","40","Slow","Nylon","1.25","1.26","8.8","10.0","11.2","27.32","46.4","22.0","15.4","42.8","11.7","","129.2","5.53","6.84","0.02","12.3","31.2","96.2","0.102","0.338","3.3"
"Prince Premier LT 17","40","Medium","Nylon","1.25","1.26","8.8","10.0","11.2","27.28","40.6","32.0","32.9","60.2","24.1","","130.3","5.53","6.88","0.14","12.6","31.6","93.9","0.102","0.338","3.3"
"Prince Premier LT 17","40","Fast","Nylon","1.25","1.26","8.8","10.0","11.2","27.14","38.5","37.0","41.9","69.0","31.9","","124.0","5.53","7.02","0.26","12.8","32.3","88.0","0.102","0.338","3.3"
"Prince Premier LT 18","62","Slow","Nylon","1.2","1.20","8.2","9.7","11.5","42.25","39.8","18.7","14.8","56.9","13.3","","170.9","6.86","12.63","0.00","19.4","31.6","96.0","0.109","0.38","3.5"
"Prince Premier LT 18","62","Medium","Nylon","1.2","1.20","8.2","9.7","11.5","42.27","36.5","26.0","29.1","71.2","23.2","","174.9","6.86","12.61","0.15","19.6","31.8","96.2","0.109","0.38","3.5"
"Prince Premier LT 18","62","Fast","Nylon","1.2","1.20","8.2","9.7","11.5","42.07","34.5","31.2","40.1","82.2","32.1","","168.0","6.86","12.81","0.46","20.1","32.6","93.3","0.109","0.38","3.5"
"Prince Premier LT 18","51","Slow","Nylon","1.2","1.20","8.2","9.7","11.5","37.24","41.8","19.0","14.8","52.0","12.4","","166.3","7.23","6.25","-0.05","13.5","26.5","96.2","0.109","0.38","3.5"
"Prince Premier LT 18","51","Medium","Nylon","1.2","1.20","8.2","9.7","11.5","37.15","38.0","27.3","28.7","65.9","22.5","","157.2","7.23","6.34","0.11","13.7","27","95.6","0.109","0.38","3.5"
"Prince Premier LT 18","51","Fast","Nylon","1.2","1.20","8.2","9.7","11.5","36.98","35.8","32.6","39.5","76.5","31.2","","151.4","7.23","6.51","0.27","14.1","27.6","92.2","0.109","0.38","3.5"
"Prince Premier LT 18","40","Slow","Nylon","1.2","1.20","8.2","9.7","11.5","28.20","45.7","21.9","15.2","43.4","11.9","","128.6","5.62","5.87","-0.05","11.5","28.8","94.9","0.109","0.38","3.5"
"Prince Premier LT 18","40","Medium","Nylon","1.2","1.20","8.2","9.7","11.5","28.22","41.2","29.9","29.3","57.6","21.5","","132.6","5.62","5.85","0.08","11.5","29.1","93.9","0.109","0.38","3.5"
"Prince Premier LT 18","40","Fast","Nylon","1.2","1.20","8.2","9.7","11.5","28.09","38.7","35.0","38.8","67.0","29.3","","128.6","5.62","5.98","0.15","11.7","29.6","88.5","0.109","0.38","3.5"
"Prince Premier Power 16","40","Slow","Nylon","1.3","NA","7.6","9.1","10.3","29.77","45.9","22.0","14.8","44.5","12.2","6.3","123.4","4.63","5.29","0.07","9.9","25.2","98.0","0.094","0.43","4.6"
"Prince Premier Power 16","40","Medium","Nylon","1.3","NA","7.6","9.1","10.3","29.59","41.0","30.0","28.4","58.0","21.8","10.9","128.6","4.63","5.47","0.04","10.1","25.6","95.6","0.094","0.43","4.6"
"Prince Premier Power 16","40","Fast","Nylon","1.3","NA","7.6","9.1","10.3","29.46","38.3","35.9","37.9","67.5","30.2","14.4","120.0","4.63","5.60","0.16","10.4","26.2","89.7","0.094","0.43","4.6"
"Prince Premier Power 16","51","Slow","Nylon","1.3","NA","7.6","9.1","10.3","40.97","41.3","19.8","13.7","54.7","13.5","7.1","140.6","4.41","5.34","0.05","9.7","19.3","97.2","0.094","0.43","4.6"
"Prince Premier Power 16","51","Medium","Nylon","1.3","NA","7.6","9.1","10.3","40.68","37.3","27.6","28.0","68.6","23.6","12.0","149.7","4.41","5.63","0.04","10.1","19.9","95.6","0.094","0.43","4.6"
"Prince Premier Power 16","51","Fast","Nylon","1.3","NA","7.6","9.1","10.3","40.46","35.1","32.1","38.4","78.7","31.6","15.9","150.9","4.41","5.85","0.20","10.4","20.6","91.8","0.094","0.43","4.6"
"Prince Premier Power 16","62","Slow","Nylon","1.3","NA","7.6","9.1","10.3","51.33","37.9","18.0","12.8","64.2","14.4","7.7","161.7","4.94","5.47","0.11","10.6","17","96.6","0.094","0.43","4.6"
"Prince Premier Power 16","62","Medium","Nylon","1.3","NA","7.6","9.1","10.3","50.78","34.7","25.7","27.1","78.1","25.0","12.9","167.4","4.94","6.02","0.06","11.0","17.9","96.4","0.094","0.43","4.6"
"Prince Premier Power 16","62","Fast","Nylon","1.3","NA","7.6","9.1","10.3","50.43","32.8","30.1","38.4","88.6","33.3","17.0","172.6","4.94","6.37","0.24","11.5","18.7","93.9","0.094","0.43","4.6"
"Prince Premier Power 17","40","Slow","Nylon","1.25","NA","7.9","9.1","10.6","29.61","46.2","22.0","14.3","44.1","12.1","6.3","120.6","5.03","5.05","0.00","10.1","25.4","97.6","0.096","0.41","4.3"
"Prince Premier Power 17","40","Medium","Nylon","1.25","NA","7.9","9.1","10.6","29.50","41.2","30.0","28.2","57.8","21.7","10.7","127.4","5.03","5.16","0.02","10.1","25.7","94.3","0.096","0.41","4.3"
"Prince Premier Power 17","40","Fast","Nylon","1.25","NA","7.9","9.1","10.6","29.41","38.6","36.0","37.5","67.0","30.1","14.2","117.7","5.03","5.25","0.17","10.4","26.3","89.5","0.096","0.41","4.3"
"Prince Premier Power 17","51","Slow","Nylon","1.25","NA","7.9","9.1","10.6","41.34","41.2","19.8","13.5","54.7","13.6","7.1","138.9","4.23","5.15","-0.03","9.3","18.4","97.6","0.096","0.41","4.3"
"Prince Premier Power 17","51","Medium","Nylon","1.25","NA","7.9","9.1","10.6","41.10","37.3","27.6","27.6","68.6","23.7","11.8","146.3","4.23","5.39","0.00","9.7","19","96.0","0.096","0.41","4.3"
"Prince Premier Power 17","51","Fast","Nylon","1.25","NA","7.9","9.1","10.6","40.95","35.2","32.5","37.7","78.7","31.9","15.6","145.2","4.23","5.54","0.20","9.9","19.7","92.7","0.096","0.41","4.3"
"Prince Premier Power 17","62","Slow","Nylon","1.25","NA","7.9","9.1","10.6","51.57","38.2","18.0","12.6","64.2","14.4","7.8","158.9","4.37","5.80","0.02","10.1","16.5","100.2","0.096","0.41","4.3"
"Prince Premier Power 17","62","Medium","Nylon","1.25","NA","7.9","9.1","10.6","51.11","34.9","25.8","26.5","77.6","25.0","12.6","160.6","4.37","6.26","0.00","10.6","17.2","96.4","0.096","0.41","4.3"
"Prince Premier Power 17","62","Fast","Nylon","1.25","NA","7.9","9.1","10.6","50.85","33.1","30.2","37.5","88.2","33.3","17.4","166.9","4.37","6.52","0.25","11.0","18","94.9","0.096","0.41","4.3"
"Prince Premier Power 18","40","Slow","Nylon","1.2","NA","8.2","8.5","11.2","29.77","46.4","22.0","13.9","43.7","12.0","6.3","117.2","4.28","5.64","-0.02","9.9","24.9","97.4","0.086","0.43","5"
"Prince Premier Power 18","40","Medium","Nylon","1.2","NA","8.2","8.5","11.2","29.66","41.3","30.1","27.8","57.3","21.6","10.6","124.6","4.28","5.75","0.02","10.1","25.3","94.5","0.086","0.43","5"
"Prince Premier Power 18","40","Fast","Nylon","1.2","NA","8.2","8.5","11.2","29.55","38.7","36.0","37.3","66.8","30.0","14.7","116.6","4.28","5.86","0.14","10.4","25.9","89.1","0.086","0.43","5"
"Prince Premier Power 18","51","Slow","Nylon","1.2","NA","8.2","8.5","11.2","40.81","41.6","19.9","13.5","54.2","13.5","7.1","138.3","4.23","5.68","0.00","9.9","19.5","97.6","0.086","0.43","5"
"Prince Premier Power 18","51","Medium","Nylon","1.2","NA","8.2","8.5","11.2","40.68","37.6","27.9","27.3","67.9","23.7","11.8","142.9","4.23","5.81","0.06","10.1","19.9","95.8","0.086","0.43","5"
"Prince Premier Power 18","51","Fast","Nylon","1.2","NA","8.2","8.5","11.2","40.53","35.3","32.7","37.7","78.1","31.9","15.5","142.9","4.23","5.96","0.20","10.4","20.5","92.7","0.086","0.43","5"
"Prince Premier Power 18","62","Slow","Nylon","1.2","NA","8.2","8.5","11.2","51.05","38.4","18.0","12.3","63.5","14.3","7.7","156.0","4.63","6.06","0.05","10.8","17.4","96.6","0.086","0.43","5"
"Prince Premier Power 18","62","Medium","Nylon","1.2","NA","8.2","8.5","11.2","50.65","35.1","25.9","26.2","77.0","24.9","12.7","158.9","4.63","6.46","0.05","11.0","18","97.0","0.086","0.43","5"
"Prince Premier Power 18","62","Fast","Nylon","1.2","NA","8.2","8.5","11.2","50.41","33.1","30.2","37.0","87.5","33.1","16.9","164.6","4.63","6.70","0.27","11.7","18.8","94.7","0.086","0.43","5"
"Prince Premier Touch 15L","40","Slow","Nylon","1.35","NA","2.4","3.6","4.8","25.73","45.9","22.0","19.8","45.6","12.5","6.3","166.9","5.62","8.34","0.11","14.1","35.4","95.5","0.106","0.464","4.4"
"Prince Premier Touch 15L","40","Medium","Nylon","1.35","NA","2.4","3.6","4.8","25.05","40.9","30.0","34.4","59.3","22.3","10.6","154.9","5.62","9.02","0.20","14.8","37.4","92.5","0.106","0.464","4.4"
"Prince Premier Touch 15L","40","Fast","Nylon","1.35","NA","2.4","3.6","4.8","24.45","38.2","35.8","45.0","69.5","31.1","14.2","142.9","5.62","9.62","0.44","15.7","39.5","89.7","0.106","0.464","4.4"
"Prince Premier Touch 15L","51","Slow","Nylon","1.35","NA","2.4","3.6","4.8","40.33","40.8","19.2","15.4","55.8","13.4","7.1","169.7","4.41","5.98","0.07","10.4","20.6","97.2","0.106","0.464","4.4"
"Prince Premier Touch 15L","51","Medium","Nylon","1.35","NA","2.4","3.6","4.8","39.60","37.3","27.0","28.9","68.6","23.2","11.7","161.2","4.41","6.71","0.20","11.2","22.3","95.3","0.106","0.464","4.4"
"Prince Premier Touch 15L","51","Fast","Nylon","1.35","NA","2.4","3.6","4.8","38.87","35.3","32.1","38.6","77.6","31.1","15.7","152.6","4.41","7.44","0.35","12.1","24","92.4","0.106","0.464","4.4"
"Prince Premier Touch 15L","62","Slow","Nylon","1.35","NA","2.4","3.6","4.8","52.74","37.4","17.8","13.2","65.9","14.7","7.9","169.2","4.15","4.85","0.06","9.0","14.7","97.6","0.106","0.464","4.4"
"Prince Premier Touch 15L","62","Medium","Nylon","1.35","NA","2.4","3.6","4.8","51.66","34.8","25.0","24.9","76.5","24.0","12.7","161.7","4.15","5.93","0.20","10.4","16.6","95.6","0.106","0.464","4.4"
"Prince Premier Touch 15L","62","Fast","Nylon","1.35","NA","2.4","3.6","4.8","50.80","33.2","30.0","34.4","85.3","32.0","16.7","154.9","4.15","6.79","0.33","11.2","18.3","93.9","0.106","0.464","4.4"
"Prince Premier Touch 16","40","Slow","Nylon","1.3","NA","NA","NA","NA","24.06","46.7","22.0","19.8","44.1","12.1","6.1","166.9","6.06","9.57","0.05","15.7","39.5","95.3","0.11","0.449","4.1"
"Prince Premier Touch 16","40","Medium","Nylon","1.3","NA","NA","NA","NA","23.57","41.4","30.2","34.6","58.2","21.9","10.5","153.7","6.06","10.06","0.22","16.3","41.2","90.4","0.11","0.449","4.1"
"Prince Premier Touch 16","40","Fast","Nylon","1.3","NA","NA","NA","NA","23.20","38.6","36.0","45.0","68.1","30.7","14.2","141.2","6.06","10.43","0.38","16.8","42.5","89.1","0.11","0.449","4.1"
"Prince Premier Touch 16","51","Slow","Nylon","1.3","NA","NA","NA","NA","40.88","40.7","19.1","14.8","55.6","13.3","7.2","165.2","4.08","5.76","0.09","9.9","19.6","96.6","0.11","0.449","4.1"
"Prince Premier Touch 16","51","Medium","Nylon","1.3","NA","NA","NA","NA","40.18","37.2","27.0","28.0","68.1","23.0","11.9","156.0","4.08","6.46","0.20","10.8","21.2","95.6","0.11","0.449","4.1"
"Prince Premier Touch 16","51","Fast","Nylon","1.3","NA","NA","NA","NA","39.49","35.3","32.1","37.9","77.4","31.1","15.7","149.2","4.08","7.15","0.40","11.7","22.9","92.0","0.11","0.449","4.1"
"Prince Premier Touch 16","62","Slow","Nylon","1.3","NA","NA","NA","NA","52.57","37.6","17.9","12.8","65.3","14.6","7.7","161.7","4.19","4.98","0.14","9.3","15.1","96.4","0.11","0.449","4.1"
"Prince Premier Touch 16","62","Medium","Nylon","1.3","NA","NA","NA","NA","51.66","34.9","25.2","24.5","76.3","24.0","12.7","157.7","4.19","5.89","0.20","10.4","16.6","96.0","0.11","0.449","4.1"
"Prince Premier Touch 16","62","Fast","Nylon","1.3","NA","NA","NA","NA","50.83","33.3","30.1","33.7","84.5","31.9","16.7","150.9","4.19","6.72","0.38","11.2","18.3","92.4","0.11","0.449","4.1"
"Prince Premier Touch 17","40","Slow","Nylon","1.25","NA","2.4","4.2","5.5","25.11","46.7","22.1","19.0","44.1","12.2","6.2","158.3","5.56","9.02","0.00","14.6","36.7","95.8","0.111","0.465","4.2"
"Prince Premier Touch 17","40","Medium","Nylon","1.25","NA","2.4","4.2","5.5","24.74","41.4","30.2","32.9","57.6","21.7","10.6","146.9","5.56","9.39","0.22","15.2","38.2","91.8","0.111","0.465","4.2"
"Prince Premier Touch 17","40","Fast","Nylon","1.25","NA","2.4","4.2","5.5","24.30","38.6","36.0","43.2","67.5","30.4","14.2","135.4","5.56","9.83","0.40","15.9","39.8","91.0","0.111","0.465","4.2"
"Prince Premier Touch 17","51","Slow","Nylon","1.25","NA","2.4","4.2","5.5","40.11","41.2","19.8","14.6","54.7","13.5","7.1","150.3","4.23","6.38","0.07","10.6","21","97.4","0.111","0.465","4.2"
"Prince Premier Touch 17","51","Medium","Nylon","1.25","NA","2.4","4.2","5.5","38.94","37.8","27.5","26.9","65.9","22.7","11.6","144.6","4.23","7.55","0.20","11.9","23.6","95.1","0.111","0.465","4.2"
"Prince Premier Touch 17","51","Fast","Nylon","1.25","NA","2.4","4.2","5.5","38.41","35.7","32.9","36.4","74.7","30.8","15.5","136.6","4.23","8.08","0.33","12.6","24.9","93.9","0.111","0.465","4.2"
"Prince Premier Touch 17","62","Slow","Nylon","1.25","NA","2.4","4.2","5.5","52.08","37.6","18.0","12.1","64.2","14.4","7.5","152.0","4.72","4.94","0.09","9.7","15.8","95.8","0.111","0.465","4.2"
"Prince Premier Touch 17","62","Medium","Nylon","1.25","NA","2.4","4.2","5.5","51.11","35.1","25.8","23.2","74.3","23.9","12.6","141.7","4.72","5.91","0.22","10.8","17.6","96.4","0.111","0.465","4.2"
"Prince Premier Touch 17","62","Fast","Nylon","1.25","NA","2.4","4.2","5.5","50.38","33.7","30.5","31.8","82.0","31.3","16.8","138.9","4.72","6.64","0.37","11.7","19","93.5","0.111","0.465","4.2"
"Prince Premier W/ Softflex 17","62","Slow","Nylon","1.25","1.28","9.4","10.9","12.1","49.28","37.7","17.9","12.8","62.2","13.9","","163.4","6.81","5.65","-0.18","12.3","19.9","98.0","0.135","0.435","3.2"
"Prince Premier W/ Softflex 17","62","Medium","Nylon","1.25","1.28","9.4","10.9","12.1","49.02","35.1","25.0","26.7","75.6","23.6","","173.2","6.81","5.91","-0.06","12.6","20.5","95.6","0.135","0.435","3.2"
"Prince Premier W/ Softflex 17","62","Fast","Nylon","1.25","1.28","9.4","10.9","12.1","48.75","33.3","30.0","37.5","86.4","32.4","","169.7","6.81","6.18","0.37","13.5","21.6","95.5","0.135","0.435","3.2"
"Prince Premier W/ Softflex 17","51","Slow","Nylon","1.25","1.28","9.4","10.9","12.1","39.65","41.0","19.1","14.1","53.8","12.9","","156.6","5.82","5.25","-0.04","11.0","21.7","98.0","0.135","0.435","3.2"
"Prince Premier W/ Softflex 17","51","Medium","Nylon","1.25","1.28","9.4","10.9","12.1","39.45","37.6","26.8","27.6","67.0","22.4","","156.0","5.82","5.45","-0.02","11.2","22.2","94.9","0.135","0.435","3.2"
"Prince Premier W/ Softflex 17","51","Fast","Nylon","1.25","1.28","9.4","10.9","12.1","39.34","35.6","32.0","38.1","77.4","31.0","","150.9","5.82","5.56","0.16","11.5","22.7","95.3","0.135","0.435","3.2"
"Prince Premier W/ Softflex 17","40","Slow","Nylon","1.25","1.28","9.4","10.9","12.1","29.33","45.5","21.8","14.1","43.4","11.8","","120.0","5.20","5.16","-0.04","10.4","26","96.6","0.135","0.435","3.2"
"Prince Premier W/ Softflex 17","40","Medium","Nylon","1.25","1.28","9.4","10.9","12.1","29.28","41.2","29.9","28.2","57.6","21.5","","128.6","5.20","5.21","0.04","10.4","26.3","94.5","0.135","0.435","3.2"
"Prince Premier W/ Softflex 17","40","Fast","Nylon","1.25","1.28","9.4","10.9","12.1","29.22","38.8","35.0","37.0","66.2","29.0","","122.3","5.20","5.27","0.16","10.6","26.8","90.4","0.135","0.435","3.2"
"Prince Premier W/Softflex 16","62","Slow","Nylon","1.3","1.32","8.5","10.0","11.5","49.26","37.8","18.0","13.5","62.8","14.1","","170.3","6.37","6.11","-0.04","12.3","20.1","95.6","0.134","0.437","3.3"
"Prince Premier W/Softflex 16","62","Medium","Nylon","1.3","1.32","8.5","10.0","11.5","49.04","34.4","26.8","31.3","80.3","26.9","","176.6","6.37","6.33","0.02","12.8","20.6","95.1","0.134","0.437","3.3"
"Prince Premier W/Softflex 16","62","Fast","Nylon","1.3","1.32","8.5","10.0","11.5","48.84","32.8","31.8","41.2","90.2","35.8","","165.7","6.37","6.53","0.37","13.2","21.5","92.4","0.134","0.437","3.3"
"Prince Premier W/Softflex 16","51","Slow","Nylon","1.3","1.32","8.5","10.0","11.5","38.43","41.4","19.9","14.6","52.9","13.1","","149.2","6.06","6.23","-0.03","12.3","24.2","96.8","0.134","0.437","3.3"
"Prince Premier W/Softflex 16","51","Medium","Nylon","1.3","1.32","8.5","10.0","11.5","38.30","37.1","27.5","31.3","69.7","23.9","","169.2","6.06","6.36","0.04","12.3","24.6","94.9","0.134","0.437","3.3"
"Prince Premier W/Softflex 16","51","Fast","Nylon","1.3","1.32","8.5","10.0","11.5","38.17","35.4","34.0","40.4","78.7","33.4","","142.3","6.06","6.49","0.22","12.8","25.2","92.4","0.134","0.437","3.3"
"Prince Premier W/Softflex 16","40","Slow","Nylon","1.3","1.32","8.5","10.0","11.5","28.71","45.7","22.0","14.6","43.4","11.9","","123.4","5.45","5.53","0.02","11.0","27.7","97.2","0.134","0.437","3.3"
"Prince Premier W/Softflex 16","40","Medium","Nylon","1.3","1.32","8.5","10.0","11.5","28.66","40.4","32.0","31.5","60.2","24.1","","125.2","5.45","5.58","0.08","11.0","28","91.8","0.134","0.437","3.3"
"Prince Premier W/Softflex 16","40","Fast","Nylon","1.3","1.32","8.5","10.0","11.5","28.58","38.4","37.0","39.5","68.1","31.5","","117.2","5.45","5.66","0.14","11.2","28.3","89.3","0.134","0.437","3.3"
"L-Tec Premium 3S 16L (1.25)","40","Slow","Polyester","1.25","NA","2.4","3.9","4.8","17.62","45.9","22.3","28.0","45.6","12.7","","229.7","6.24","15.83","-0.02","22.1","55.6","93.5","0.115","0.465","4"
"L-Tec Premium 3S 16L (1.25)","40","Medium","Polyester","1.25","NA","2.4","3.9","4.8","17.90","40.8","29.6","42.3","60.2","22.3","","196.0","6.24","15.55","0.35","22.1","55.8","85.7","0.115","0.465","4"
"L-Tec Premium 3S 16L (1.25)","40","Fast","Polyester","1.25","NA","2.4","3.9","4.8","17.86","38.3","34.3","52.9","70.8","30.3","","182.9","6.24","15.59","0.44","22.3","56.1","80.3","0.115","0.465","4"
"L-Tec Premium 3S 16L (1.25)","51","Slow","Polyester","1.25","NA","2.4","3.9","4.8","32.74","40.0","19.0","24.5","57.1","13.6","","274.9","5.80","12.18","-0.29","17.6","34.9","93.9","0.115","0.465","4"
"L-Tec Premium 3S 16L (1.25)","51","Medium","Polyester","1.25","NA","2.4","3.9","4.8","33.14","36.0","26.0","40.6","73.9","24.0","","244.0","5.80","11.78","0.18","17.9","35","92.5","0.115","0.465","4"
"L-Tec Premium 3S 16L (1.25)","51","Fast","Polyester","1.25","NA","2.4","3.9","4.8","33.08","34.0","30.9","51.8","84.9","32.8","","220.0","5.80","11.84","0.42","18.1","35.6","87.8","0.115","0.465","4"
"L-Tec Premium 3S 16L (1.25)","62","Slow","Polyester","1.25","NA","2.4","3.9","4.8","45.03","36.4","17.1","21.4","66.6","14.2","","298.9","5.16","11.55","-0.28","16.5","26.6","97.0","0.115","0.465","4"
"L-Tec Premium 3S 16L (1.25)","62","Medium","Polyester","1.25","NA","2.4","3.9","4.8","45.38","33.4","24.0","37.5","82.7","24.8","","264.0","5.16","11.20","0.13","16.5","26.7","93.1","0.115","0.465","4"
"L-Tec Premium 3S 16L (1.25)","62","Fast","Polyester","1.25","NA","2.4","3.9","4.8","45.31","31.7","28.4","49.0","94.4","33.5","","246.9","5.16","11.27","0.42","16.8","27.3","91.0","0.115","0.465","4"
"L-Tec Premium 4S 16L (1.25)","40","Slow","Polyester","1.25","NA","1.8","3.0","4.2","17.62","45.2","22.0","28.7","46.3","12.7","","240.6","6.33","15.74","-0.11","22.1","55.3","90.2","0.071","0.479","6.7"
"L-Tec Premium 4S 16L (1.25)","40","Medium","Polyester","1.25","NA","1.8","3.0","4.2","18.04","40.4","29.0","43.0","61.1","22.1","","208.0","6.33","15.32","0.40","22.1","55.6","86.7","0.071","0.479","6.7"
"L-Tec Premium 4S 16L (1.25)","40","Fast","Polyester","1.25","NA","1.8","3.0","4.2","17.88","37.9","34.0","53.1","71.0","30.2","","186.9","6.33","15.48","0.37","22.3","55.9","80.8","0.071","0.479","6.7"
"L-Tec Premium 4S 16L (1.25)","51","Slow","Polyester","1.25","NA","1.8","3.0","4.2","32.74","39.5","18.8","24.7","57.6","13.5","","283.5","5.78","12.20","-0.25","17.6","35","94.9","0.071","0.479","6.7"
"L-Tec Premium 4S 16L (1.25)","51","Medium","Polyester","1.25","NA","1.8","3.0","4.2","33.25","35.6","25.9","41.0","74.3","24.1","","248.6","5.78","11.69","0.15","17.6","34.7","92.4","0.071","0.479","6.7"
"L-Tec Premium 4S 16L (1.25)","51","Fast","Polyester","1.25","NA","1.8","3.0","4.2","33.23","33.5","30.1","52.0","85.3","32.0","","233.7","5.78","11.71","0.42","17.9","35.3","87.2","0.071","0.479","6.7"
"L-Tec Premium 4S 16L (1.25)","62","Slow","Polyester","1.25","NA","1.8","3.0","4.2","45.27","35.9","17.0","21.8","67.0","14.3","","307.5","5.36","11.11","-0.33","16.1","26.1","97.2","0.071","0.479","6.7"
"L-Tec Premium 4S 16L (1.25)","62","Medium","Polyester","1.25","NA","1.8","3.0","4.2","45.71","32.9","23.9","38.8","84.7","25.3","","276.6","5.36","10.67","0.07","16.1","26.1","93.3","0.071","0.479","6.7"
"L-Tec Premium 4S 16L (1.25)","62","Fast","Polyester","1.25","NA","1.8","3.0","4.2","45.69","31.2","28.0","50.7","96.4","33.8","","262.3","5.36","10.69","0.44","16.5","26.7","89.9","0.071","0.479","6.7"
"L-Tec Premium 5S 16L (1.25)","40","Slow","Polyester","1.25","NA","2.1","3.6","4.8","16.27","46.5","22.3","27.3","43.7","12.1","","224.0","6.66","16.76","-0.38","22.9","58.1","91.2","0.104","0.411","4"
"L-Tec Premium 5S 16L (1.25)","40","Medium","Polyester","1.25","NA","2.1","3.6","4.8","16.71","41.2","30.0","41.9","58.7","22.0","","189.7","6.66","16.32","0.06","22.9","58.1","85.7","0.104","0.411","4"
"L-Tec Premium 5S 16L (1.25)","40","Fast","Polyester","1.25","NA","2.1","3.6","4.8","16.98","38.6","34.5","51.6","68.6","29.6","","176.0","6.66","16.05","0.42","23.2","58.3","79.9","0.104","0.411","4"
"L-Tec Premium 5S 16L (1.25)","51","Slow","Polyester","1.25","NA","2.1","3.6","4.8","31.82","40.1","19.1","23.6","55.3","13.2","","262.9","6.33","12.57","-0.37","18.5","36.5","95.6","0.104","0.411","4"
"L-Tec Premium 5S 16L (1.25)","51","Medium","Polyester","1.25","NA","2.1","3.6","4.8","32.46","36.1","26.0","40.1","72.5","23.6","","241.2","6.33","11.93","0.13","18.3","36.3","91.2","0.104","0.411","4"
"L-Tec Premium 5S 16L (1.25)","51","Fast","Polyester","1.25","NA","2.1","3.6","4.8","32.46","34.2","31.0","49.8","82.2","31.9","","210.3","6.33","11.93","0.42","18.7","36.8","88.2","0.104","0.411","4"
"L-Tec Premium 5S 16L (1.25)","62","Slow","Polyester","1.25","NA","2.1","3.6","4.8","42.60","37.0","17.8","21.6","64.2","14.3","","274.9","5.76","13.38","-0.29","18.7","30.5","97.0","0.104","0.411","4"
"L-Tec Premium 5S 16L (1.25)","62","Medium","Polyester","1.25","NA","2.1","3.6","4.8","43.09","33.8","24.0","37.5","80.7","24.2","","265.2","5.76","12.89","0.09","18.7","30.4","95.5","0.104","0.411","4"
"L-Tec Premium 5S 16L (1.25)","62","Fast","Polyester","1.25","NA","2.1","3.6","4.8","43.06","32.1","29.0","47.8","90.8","33.0","","231.5","5.76","12.92","0.44","19.2","31","89.9","0.104","0.411","4"
"L-Tec Premium OS 17 (1.23)","40","Slow","Polyester","1.23","NA","1.5","2.7","3.6","23.15","43.1","20.4","27.1","50.3","12.8","","263.5","5.27","11.27","-0.13","16.3","41.3","94.7","0.098","0.402","4.1"
"L-Tec Premium OS 17 (1.23)","40","Medium","Polyester","1.23","NA","1.5","2.7","3.6","23.64","38.3","27.9","42.8","66.6","23.2","","222.9","5.27","10.78","0.24","16.3","41.1","89.3","0.098","0.402","4.1"
"L-Tec Premium OS 17 (1.23)","40","Fast","Polyester","1.23","NA","1.5","2.7","3.6","23.59","36.1","32.3","53.1","76.7","31.0","","207.5","5.27","10.83","0.37","16.5","41.5","84.3","0.098","0.402","4.1"
"L-Tec Premium OS 17 (1.23)","51","Slow","Polyester","1.23","NA","1.5","2.7","3.6","36.01","38.6","18.1","22.9","58.9","13.3","","286.3","4.06","10.65","-0.26","14.3","28.5","94.5","0.098","0.402","4.1"
"L-Tec Premium OS 17 (1.23)","51","Medium","Polyester","1.23","NA","1.5","2.7","3.6","36.54","35.0","25.1","39.2","75.9","23.8","","253.2","4.06","10.12","0.16","14.3","28.3","93.1","0.098","0.402","4.1"
"L-Tec Premium OS 17 (1.23)","51","Fast","Polyester","1.23","NA","1.5","2.7","3.6","36.54","33.3","30.0","49.6","86.2","32.3","","224.0","4.06","10.12","0.42","14.6","28.8","87.0","0.098","0.402","4.1"
"L-Tec Premium OS 17 (1.23)","62","Slow","Polyester","1.23","NA","1.5","2.7","3.6","44.61","36.2","17.0","21.8","66.6","14.2","","307.5","4.76","12.37","-0.31","16.8","27.2","96.2","0.098","0.402","4.1"
"L-Tec Premium OS 17 (1.23)","62","Medium","Polyester","1.23","NA","1.5","2.7","3.6","45.07","33.2","24.0","37.9","83.1","24.9","","269.2","4.76","11.91","0.07","16.8","27.1","94.5","0.098","0.402","4.1"
"L-Tec Premium OS 17 (1.23)","62","Fast","Polyester","1.23","NA","1.5","2.7","3.6","45.07","31.7","28.1","48.5","93.7","32.9","","250.3","4.76","11.91","0.46","17.2","27.8","90.2","0.098","0.402","4.1"
"Pacific Premium Power X 16L","62","Slow","Nylon","1.27","1.29","8.8","10.3","11.8","51.11","36.7","17.0","13.9","65.0","13.8","","196.6","6.95","3.68","0.04","10.6","17.3","97.8","0.111","0.37","3.3"
"Pacific Premium Power X 16L","62","Medium","Nylon","1.27","1.29","8.8","10.3","11.8","50.56","33.9","24.1","29.8","80.3","24.2","","207.5","6.95","4.23","0.00","11.2","18.1","97.4","0.111","0.37","3.3"
"Pacific Premium Power X 16L","62","Fast","Nylon","1.27","1.29","8.8","10.3","11.8","50.32","32.1","29.4","42.8","93.1","34.2","","201.7","6.95","4.47","0.22","11.7","18.9","94.1","0.111","0.37","3.3"
"Pacific Premium Power X 16L","51","Slow","Nylon","1.27","1.29","8.8","10.3","11.8","39.03","40.6","19.0","14.8","53.8","12.8","","167.4","7.36","4.33","0.05","11.7","23.1","98.0","0.111","0.37","3.3"
"Pacific Premium Power X 16L","51","Medium","Nylon","1.27","1.29","8.8","10.3","11.8","38.74","37.0","27.0","30.0","68.8","23.2","","167.4","7.36","4.62","0.04","12.1","23.7","96.0","0.111","0.37","3.3"
"Pacific Premium Power X 16L","51","Fast","Nylon","1.27","1.29","8.8","10.3","11.8","38.57","35.0","32.0","41.7","80.3","32.1","","165.7","7.36","4.79","0.23","12.3","24.4","93.9","0.111","0.37","3.3"
"Pacific Premium Power X 16L","40","Slow","Nylon","1.27","1.29","8.8","10.3","11.8","30.19","44.4","20.3","15.4","45.6","11.6","","153.2","6.13","3.37","0.03","9.5","24","97.0","0.111","0.37","3.3"
"Pacific Premium Power X 16L","40","Medium","Nylon","1.27","1.29","8.8","10.3","11.8","30.03","40.0","29.0","29.8","59.8","21.7","","144.0","6.13","3.53","0.04","9.7","24.4","94.7","0.111","0.37","3.3"
"Pacific Premium Power X 16L","40","Fast","Nylon","1.27","1.29","8.8","10.3","11.8","29.88","37.6","34.1","41.2","71.0","30.2","","144.0","6.13","3.68","0.11","9.9","25","90.2","0.111","0.37","3.3"
"L-Tec Premium Pro OS 16L","40","Slow","Polyester","1.28","NA","1.5","2.1","3.0","23.13","42.3","20.1","28.2","51.4","12.9","","285.8","5.27","11.29","-0.18","16.3","41.3","93.5","0.094","0.4","4.3"
"L-Tec Premium Pro OS 16L","40","Medium","Polyester","1.28","NA","1.5","2.1","3.0","23.66","37.5","27.2","45.9","69.5","23.6","","252.0","5.27","10.76","0.24","16.3","41","89.1","0.094","0.4","4.3"
"L-Tec Premium Pro OS 16L","40","Fast","Polyester","1.28","NA","1.5","2.1","3.0","23.62","35.2","32.0","58.2","81.8","32.8","","231.5","5.27","10.80","0.31","16.3","41.3","85.0","0.094","0.4","4.3"
"L-Tec Premium Pro OS 16L","51","Slow","Polyester","1.28","NA","1.5","2.1","3.0","37.22","37.9","18.0","24.7","62.0","14.0","","310.3","4.37","9.13","-0.26","13.2","26.1","94.5","0.094","0.4","4.3"
"L-Tec Premium Pro OS 16L","51","Medium","Polyester","1.28","NA","1.5","2.1","3.0","37.71","34.2","24.2","41.7","79.4","24.1","","289.8","4.37","8.64","0.09","13.0","25.8","92.9","0.094","0.4","4.3"
"L-Tec Premium Pro OS 16L","51","Fast","Polyester","1.28","NA","1.5","2.1","3.0","37.73","32.4","29.4","53.8","91.5","33.6","","253.7","4.37","8.62","0.40","13.5","26.4","89.9","0.094","0.4","4.3"
"L-Tec Premium Pro OS 16L","62","Slow","Polyester","1.28","NA","1.5","2.1","3.0","47.85","35.2","16.1","22.1","69.9","14.1","","342.9","3.97","9.92","-0.29","13.7","22","97.2","0.094","0.4","4.3"
"L-Tec Premium Pro OS 16L","62","Medium","Polyester","1.28","NA","1.5","2.1","3.0","48.25","32.3","23.0","39.5","87.5","25.2","","302.3","3.97","9.52","0.09","13.7","22","93.3","0.094","0.4","4.3"
"L-Tec Premium Pro OS 16L","62","Fast","Polyester","1.28","NA","1.5","2.1","3.0","48.20","30.7","27.9","51.8","99.9","34.9","","270.3","3.97","9.57","0.37","13.9","22.5","90.2","0.094","0.4","4.3"
"Pacific Prime Gut Orange Bull 16 (1.30)","51","Fast","Gut","1.3","NA","2.4","2.4","3.0","44.87","36.9","33.9","20.9","65.9","27.9","15.6","74.3","4.54","1.31","0.06","6.0","11.7","96.8","0.149","0.469","3.1"
"Pacific Prime Gut Orange Bull 16L (1.25)","51","Fast","Gut","1.25","1.28","1.5","2.1","7.9","45.97","36.7","33.7","21.2","67.3","28.3","16.1","76.0","3.40","1.35","0.11","4.9","9.6","96.6","0.191","0.442","2.3"
"Pacific Prime Natural Gut 16","62","Slow","Gut","1.34","1.32","5.8","7.6","NA","54.04","37.7","17.4","6.2","60.2","13.1","","82.9","6.33","1.37","0.02","7.7","12.5","95.8","0.103","0.453","4.4"
"Pacific Prime Natural Gut 16","62","Medium","Gut","1.34","1.32","5.8","7.6","NA","53.65","36.3","25.1","13.9","67.5","21.2","","88.6","6.33","1.76","0.07","8.2","13.2","96.8","0.103","0.453","4.4"
"Pacific Prime Natural Gut 16","62","Fast","Gut","1.34","1.32","5.8","7.6","NA","53.45","35.0","31.0","20.5","73.9","28.7","","86.3","6.33","1.96","0.51","8.8","14.2","94.5","0.103","0.453","4.4"
"Pacific Prime Natural Gut 16","51","Slow","Gut","1.34","1.32","5.8","7.6","NA","44.54","40.6","19.0","7.9","52.5","12.4","","89.2","4.56","1.62","-0.27","6.0","11.7","96.0","0.103","0.453","4.4"
"Pacific Prime Natural Gut 16","51","Medium","Gut","1.34","1.32","5.8","7.6","NA","44.52","38.4","27.0","15.9","60.4","20.4","","88.6","4.56","1.64","0.05","6.2","12.3","97.0","0.103","0.453","4.4"
"Pacific Prime Natural Gut 16","51","Fast","Gut","1.34","1.32","5.8","7.6","NA","44.32","36.9","33.0","22.9","67.3","27.7","","85.2","4.56","1.84","0.46","6.8","13.5","94.5","0.103","0.453","4.4"
"Pacific Prime Natural Gut 16","40","Slow","Gut","1.34","1.32","5.8","7.6","NA","33.10","45.3","21.1","9.5","42.8","11.2","","87.4","4.61","1.98","-0.11","6.4","16.3","96.6","0.103","0.453","4.4"
"Pacific Prime Natural Gut 16","40","Medium","Gut","1.34","1.32","5.8","7.6","NA","33.08","42.0","30.1","19.0","52.0","19.6","","85.2","4.61","2.00","0.03","6.6","16.7","94.1","0.103","0.453","4.4"
"Pacific Prime Natural Gut 16","40","Fast","Gut","1.34","1.32","5.8","7.6","NA","32.94","39.9","36.1","26.0","58.9","26.6","","81.2","4.61","2.14","0.09","6.8","17.2","94.3","0.103","0.453","4.4"
"Pacific Prime Natural Gut 16L","62","Slow","Gut","1.25","1.29","106.7","6.4","8.5","55.68","36.9","17.0","6.0","61.7","13.1","","84.6","4.74","1.32","-0.06","6.0","9.7","97.8","NA","NA","NA"
"Pacific Prime Natural Gut 16L","62","Medium","Gut","1.25","1.29","106.7","6.4","8.5","54.71","35.7","25.0","14.8","69.5","21.7","","96.0","4.74","2.29","0.25","7.3","11.8","98.8","NA","NA","NA"
"Pacific Prime Natural Gut 16L","62","Fast","Gut","1.25","1.29","106.7","6.4","8.5","54.44","34.3","30.3","22.3","76.7","29.1","","98.3","4.74","2.56","0.51","7.7","12.6","96.6","NA","NA","NA"
"Pacific Prime Natural Gut 16L","51","Slow","Gut","1.25","1.29","106.7","6.4","8.5","44.01","40.6","19.0","8.6","52.7","12.5","","97.2","4.70","2.01","-0.13","6.6","13","96.0","NA","NA","NA"
"Pacific Prime Natural Gut 16L","51","Medium","Gut","1.25","1.29","106.7","6.4","8.5","43.88","38.2","27.0","17.9","61.7","20.8","","98.9","4.70","2.14","-0.02","6.8","13.4","96.0","NA","NA","NA"
"Pacific Prime Natural Gut 16L","51","Fast","Gut","1.25","1.29","106.7","6.4","8.5","43.88","36.6","32.9","24.9","68.8","28.3","","93.7","4.70","2.14","0.33","7.1","14.1","96.2","NA","NA","NA"
"Pacific Prime Natural Gut 16L","40","Slow","Gut","1.25","1.29","106.7","6.4","8.5","33.14","44.8","21.0","10.1","43.2","11.3","","93.2","776.16","-769.61","-0.07","6.4","16.3","97.4","NA","NA","NA"
"Pacific Prime Natural Gut 16L","40","Medium","Gut","1.25","1.29","106.7","6.4","8.5","33.01","41.5","29.9","19.8","52.9","19.7","","90.9","776.16","-769.48","0.00","6.6","16.8","95.5","NA","NA","NA"
"Pacific Prime Natural Gut 16L","40","Fast","Gut","1.25","1.29","106.7","6.4","8.5","32.88","39.4","35.8","27.3","60.2","26.9","","86.3","776.16","-769.35","0.09","6.8","17.4","92.7","NA","NA","NA"
"Babolat Pro Hurricane 16","62","Fast","Polyester","1.3","1.3","NA","NA","3.9","40.18","32.8","30.0","50.1","90.4","33.9","","226.3","9.02","12.54","0.47","22.1","35.7","88.0","NA","NA","NA"
"Babolat Pro Hurricane 16","62","Medium","Polyester","1.3","1.3","NA","NA","3.9","40.26","34.6","25.0","38.4","78.7","24.6","","250.3","9.02","12.46","0.22","21.6","35.1","93.9","NA","NA","NA"
"Babolat Pro Hurricane 16","62","Slow","Polyester","1.3","1.3","NA","NA","3.9","39.47","38.2","18.0","21.8","61.3","13.8","","273.7","9.02","13.25","-0.64","21.6","35","98.2","NA","NA","NA"
"Babolat Pro Hurricane 16","40","Fast","Polyester","1.3","1.3","NA","NA","3.9","21.15","37.2","34.0","52.9","74.1","31.5","","186.9","5.60","12.94","0.36","19.0","47.6","82.6","NA","NA","NA"
"Babolat Pro Hurricane 16","40","Medium","Polyester","1.3","1.3","NA","NA","3.9","21.17","39.6","29.0","41.7","62.8","22.8","","201.7","5.60","12.92","0.31","18.7","47.4","87.2","NA","NA","NA"
"Babolat Pro Hurricane 16","40","Slow","Polyester","1.3","1.3","NA","NA","3.9","20.37","44.8","21.5","26.0","46.5","12.4","","230.3","5.60","13.72","-0.53","18.7","47.3","93.5","NA","NA","NA"
"Babolat Pro Hurricane 16","51","Fast","Polyester","1.3","1.3","NA","NA","3.9","31.16","34.7","32.0","51.4","82.5","33.0","","204.0","7.85","11.71","0.51","20.1","39.6","85.9","NA","NA","NA"
"Babolat Pro Hurricane 16","51","Medium","Polyester","1.3","1.3","NA","NA","3.9","31.24","36.7","26.7","39.9","71.2","23.8","","226.9","7.85","11.63","0.24","19.6","38.9","92.0","NA","NA","NA"
"Babolat Pro Hurricane 16","51","Slow","Polyester","1.3","1.3","NA","NA","3.9","30.61","41.0","19.4","23.6","54.2","13.2","","254.3","7.85","12.26","-0.50","19.6","38.7","95.8","NA","NA","NA"
"Babolat Pro Hurricane 17","62","Slow","Polyester","1.25","1.25","2.4","3.6","4.5","37.99","38.5","18.0","21.2","59.3","13.3","","266.3","8.64","15.11","-0.62","23.2","37.5","97.0","0.122","0.374","3.1"
"Babolat Pro Hurricane 17","62","Medium","Polyester","1.25","1.25","2.4","3.6","4.5","38.74","35.1","25.3","36.8","75.6","23.9","","234.9","8.64","14.36","0.22","23.2","37.6","92.4","0.122","0.374","3.1"
"Babolat Pro Hurricane 17","62","Fast","Polyester","1.25","1.25","2.4","3.6","4.5","38.65","33.4","30.0","47.6","86.4","32.4","","215.5","8.64","14.45","0.55","23.6","38.3","88.5","0.122","0.374","3.1"
"Babolat Pro Hurricane 17","51","Slow","Polyester","1.25","1.25","2.4","3.6","4.5","29.68","41.4","20.0","23.6","53.1","13.3","","238.9","7.78","13.26","-0.31","20.7","40.9","94.5","0.122","0.374","3.1"
"Babolat Pro Hurricane 17","51","Medium","Polyester","1.25","1.25","2.4","3.6","4.5","30.10","37.5","27.0","38.1","68.1","23.0","","212.0","7.78","12.84","0.24","20.9","41.1","92.0","0.122","0.374","3.1"
"Babolat Pro Hurricane 17","51","Fast","Polyester","1.25","1.25","2.4","3.6","4.5","30.01","35.5","32.0","48.5","78.5","31.4","","192.6","7.78","12.93","0.60","21.4","42","84.6","0.122","0.374","3.1"
"Babolat Pro Hurricane 17","40","Slow","Polyester","1.25","1.25","2.4","3.6","4.5","20.15","45.2","21.9","25.6","45.6","12.5","","215.5","5.34","14.20","-0.18","19.4","48.8","92.4","0.122","0.374","3.1"
"Babolat Pro Hurricane 17","40","Medium","Polyester","1.25","1.25","2.4","3.6","4.5","20.64","40.5","29.1","38.6","59.3","21.6","","185.2","5.34","13.71","0.33","19.4","48.8","87.4","0.122","0.374","3.1"
"Babolat Pro Hurricane 17","40","Fast","Polyester","1.25","1.25","2.4","3.6","4.5","20.55","38.3","34.0","48.7","69.2","29.5","","171.5","5.34","13.80","0.42","19.6","49.3","82.3","0.122","0.374","3.1"
"Babolat Pro Hurricane 18","62","Slow","Polyester","1.2","NA","2.4","3.0","3.9","37.75","39.1","18.1","19.4","57.3","12.9","","241.7","7.65","16.34","-0.53","23.4","38","97.0","0.12","0.393","3.3"
"Babolat Pro Hurricane 18","62","Medium","Polyester","1.2","NA","2.4","3.0","3.9","38.50","35.7","25.8","34.8","73.4","23.6","","213.2","7.65","15.59","0.29","23.6","38.1","92.2","0.12","0.393","3.3"
"Babolat Pro Hurricane 18","62","Fast","Polyester","1.2","NA","2.4","3.0","3.9","38.39","33.9","30.2","44.1","82.7","31.2","","197.2","7.65","15.70","0.66","24.0","38.9","88.5","0.12","0.393","3.3"
"Babolat Pro Hurricane 18","51","Slow","Polyester","1.2","NA","2.4","3.0","3.9","31.95","41.0","19.9","21.8","53.8","13.3","","224.6","5.69","13.08","-0.42","18.3","36.2","94.5","0.12","0.393","3.3"
"Babolat Pro Hurricane 18","51","Medium","Polyester","1.2","NA","2.4","3.0","3.9","32.57","37.2","26.4","36.2","68.8","22.7","","210.9","5.69","12.46","0.31","18.5","36.4","91.4","0.12","0.393","3.3"
"Babolat Pro Hurricane 18","51","Fast","Polyester","1.2","NA","2.4","3.0","3.9","32.48","35.3","32.0","46.7","79.2","31.6","","185.2","5.69","12.55","0.64","19.0","37.2","87.0","0.12","0.393","3.3"
"Babolat Pro Hurricane 18","40","Slow","Polyester","1.2","NA","2.4","3.0","3.9","23.66","44.1","21.5","23.8","47.4","12.7","","209.7","5.03","11.00","-0.26","15.7","39.7","91.6","0.12","0.393","3.3"
"Babolat Pro Hurricane 18","40","Medium","Polyester","1.2","NA","2.4","3.0","3.9","24.14","39.5","28.2","38.6","62.6","22.1","","197.2","5.03","10.52","0.39","15.9","40.2","91.0","0.12","0.393","3.3"
"Babolat Pro Hurricane 18","40","Fast","Polyester","1.2","NA","2.4","3.0","3.9","24.03","37.2","33.9","48.5","72.5","30.7","","171.5","5.03","10.63","0.46","16.1","40.6","85.9","0.12","0.393","3.3"
"Babolat Pro Hurricane Tour 16","40","Medium","Polyester","1.3","1.32","1.8","2.4","3.6","20.00","39.3","28.2","45.9","65.9","23.2","","234.9","5.60","14.09","0.31","20.1","50.4","86.7","0.077","0.396","5.1"
"Babolat Pro Hurricane Tour 16","40","Fast","Polyester","1.3","1.32","1.8","2.4","3.6","19.98","37.0","33.8","57.8","77.6","32.8","","205.7","5.60","14.11","0.40","20.1","50.7","80.3","0.077","0.396","5.1"
"Babolat Pro Hurricane Tour 16","62","Slow","Polyester","1.3","1.32","1.8","2.4","3.6","40.06","37.4","17.2","24.7","64.8","14.0","","337.8","9.24","12.44","-0.31","21.4","34.6","96.4","0.077","0.396","5.1"
"Babolat Pro Hurricane Tour 16","62","Medium","Polyester","1.3","1.32","1.8","2.4","3.6","40.57","33.8","24.1","43.9","84.5","25.4","","306.9","9.24","11.93","0.39","21.6","34.9","93.1","0.077","0.396","5.1"
"Babolat Pro Hurricane Tour 16","62","Fast","Polyester","1.3","1.32","1.8","2.4","3.6","40.37","31.9","29.1","56.9","97.2","35.4","","272.6","9.24","12.13","0.35","21.8","35.2","88.9","0.077","0.396","5.1"
"Babolat Pro Hurricane Tour 16","51","Slow","Polyester","1.3","1.32","1.8","2.4","3.6","27.41","41.3","19.9","27.1","54.5","13.6","","277.7","8.93","14.38","-0.26","22.9","45.4","93.7","0.077","0.396","5.1"
"Babolat Pro Hurricane Tour 16","51","Medium","Polyester","1.3","1.32","1.8","2.4","3.6","27.87","36.8","26.7","45.0","72.8","24.3","","256.6","8.93","13.92","0.22","23.2","45.5","90.1","0.077","0.396","5.1"
"Babolat Pro Hurricane Tour 16","51","Fast","Polyester","1.3","1.32","1.8","2.4","3.6","27.85","34.8","32.0","57.1","84.9","33.9","","227.5","8.93","13.94","0.51","23.4","46.1","83.9","0.077","0.396","5.1"
"Babolat Pro Hurricane Tour 16","40","Slow","Polyester","1.3","1.32","1.8","2.4","3.6","19.32","44.3","21.2","29.8","49.2","13.0","","270.9","5.60","14.77","-0.33","20.1","50.5","92.7","0.077","0.396","5.1"
"Babolat Pro Hurricane Tour 17","62","Slow","Polyester","1.25","1.29","1.5","3.0","3.9","38.85","37.7","18.0","24.7","63.5","14.3","","309.8","10.21","12.68","-0.40","22.5","36.4","95.8","0.078","0.402","5.2"
"Babolat Pro Hurricane Tour 17","62","Medium","Polyester","1.25","1.29","1.5","3.0","3.9","39.34","34.2","24.3","42.1","81.4","24.7","","289.8","10.21","12.19","0.20","22.5","36.6","93.3","0.078","0.402","5.2"
"Babolat Pro Hurricane Tour 17","62","Fast","Polyester","1.25","1.29","1.5","3.0","3.9","39.23","32.5","29.6","54.0","93.3","34.5","","251.5","10.21","12.30","0.49","22.9","37.3","88.2","0.078","0.402","5.2"
"Babolat Pro Hurricane Tour 17","51","Slow","Polyester","1.25","1.29","1.5","3.0","3.9","27.96","41.1","20.0","26.5","54.2","13.6","","269.2","8.00","14.76","-0.22","22.5","44.4","93.5","0.078","0.402","5.2"
"Babolat Pro Hurricane Tour 17","51","Medium","Polyester","1.25","1.29","1.5","3.0","3.9","28.44","37.1","26.3","42.3","70.8","23.2","","249.2","8.00","14.28","0.24","22.5","44.4","88.0","0.078","0.402","5.2"
"Babolat Pro Hurricane Tour 17","51","Fast","Polyester","1.25","1.29","1.5","3.0","3.9","28.44","35.0","31.8","53.6","82.0","32.6","","214.9","8.00","14.28","0.44","22.7","44.8","84.1","0.078","0.402","5.2"
"Babolat Pro Hurricane Tour 17","40","Slow","Polyester","1.25","1.29","1.5","3.0","3.9","18.19","45.1","22.0","28.4","46.5","12.8","","238.9","5.82","15.68","0.04","21.6","54.3","90.1","0.078","0.402","5.2"
"Babolat Pro Hurricane Tour 17","40","Medium","Polyester","1.25","1.29","1.5","3.0","3.9","18.41","40.5","29.1","43.9","62.4","22.7","","211.5","5.82","15.46","0.31","21.6","54.4","84.3","0.078","0.402","5.2"
"Babolat Pro Hurricane Tour 17","40","Fast","Polyester","1.25","1.29","1.5","3.0","3.9","18.43","38.1","34.0","54.7","73.0","31.1","","192.0","5.82","15.44","0.26","21.6","54.2","79.7","0.078","0.402","5.2"
"Kirschbaum Pro Line Evolution 17 (1.25)","51","Fast","Polyester","1.25","1.25","1.5","2.4","4.5","36.32","34.0","31.9","52.0","88.2","35.2","16.8","208.0","4.04","10.36","0.27","14.6","28.9","88.9","0.09","0.437","4.9"
"Kirschbaum Pro Line I 1.30","62","Slow","Polyester","1.3","1.31","1.2","2.0","3.0","35.74","38.8","18.0","26.7","62.4","14.0","","332.6","10.36","15.64","-0.31","25.6","41.6","94.9","0.081","0.358","4.4"
"Kirschbaum Pro Line I 1.30","62","Medium","Polyester","1.3","1.31","1.2","2.0","3.0","36.43","34.6","25.1","45.9","82.2","25.9","","294.9","10.36","14.95","0.16","25.4","41.2","91.6","0.081","0.358","4.4"
"Kirschbaum Pro Line I 1.30","62","Fast","Polyester","1.3","1.31","1.2","2.0","3.0","36.43","32.8","30.0","57.3","93.7","35.2","","259.5","10.36","14.95","0.49","25.8","41.8","87.4","0.081","0.358","4.4"
"Kirschbaum Pro Line I 1.30","51","Slow","Polyester","1.3","1.31","1.2","2.0","3.0","26.37","41.8","20.0","27.8","54.2","13.6","","282.9","8.60","15.75","-0.42","24.0","47.2","95.3","0.081","0.358","4.4"
"Kirschbaum Pro Line I 1.30","51","Medium","Polyester","1.3","1.31","1.2","2.0","3.0","27.03","37.2","27.0","45.4","72.5","24.5","","253.7","8.60","15.09","0.24","24.0","47.2","88.0","0.081","0.358","4.4"
"Kirschbaum Pro Line I 1.30","51","Fast","Polyester","1.3","1.31","1.2","2.0","3.0","27.06","35.2","32.0","56.4","83.6","33.4","","224.6","8.60","15.06","0.60","24.3","47.8","84.3","0.081","0.358","4.4"
"Kirschbaum Pro Line I 1.30","40","Slow","Polyester","1.3","1.31","1.2","2.0","3.0","18.43","44.9","21.8","30.6","49.2","13.4","","262.3","5.51","15.75","-0.20","21.2","53.1","91.4","0.081","0.358","4.4"
"Kirschbaum Pro Line I 1.30","40","Medium","Polyester","1.3","1.31","1.2","2.0","3.0","18.94","39.7","28.8","47.2","66.2","23.8","","230.9","5.51","15.24","0.31","21.2","53.1","84.6","0.081","0.358","4.4"
"Kirschbaum Pro Line I 1.30","40","Fast","Polyester","1.3","1.31","1.2","2.0","3.0","18.96","37.4","34.0","57.6","76.5","32.5","","202.9","5.51","15.22","0.44","21.2","53.3","79.0","0.081","0.358","4.4"
"Kirschbaum Pro Line I 17 (1.25)","62","Slow","Polyester","1.25","1.27","1.8","3.0","4.2","35.77","38.3","18.0","25.4","61.1","13.7","","317.8","10.14","15.83","-0.37","25.6","41.5","97.0","0.091","0.375","4.1"
"Kirschbaum Pro Line I 17 (1.25)","62","Medium","Polyester","1.25","1.27","1.8","3.0","4.2","36.36","34.6","25.0","42.6","78.9","24.6","","276.6","10.14","15.24","0.18","25.6","41.4","94.1","0.091","0.375","4.1"
"Kirschbaum Pro Line I 17 (1.25)","62","Fast","Polyester","1.25","1.27","1.8","3.0","4.2","36.36","32.8","29.9","54.0","90.4","33.8","","245.2","10.14","15.24","0.62","26.0","42.1","87.4","0.091","0.375","4.1"
"Kirschbaum Pro Line I 17 (1.25)","51","Slow","Polyester","1.25","1.27","1.8","3.0","4.2","24.74","43.1","20.9","26.5","51.2","13.4","","245.2","8.49","17.49","-0.35","25.6","50.5","94.9","0.091","0.375","4.1"
"Kirschbaum Pro Line I 17 (1.25)","51","Medium","Polyester","1.25","1.27","1.8","3.0","4.2","25.58","37.7","27.0","42.1","67.7","22.9","","234.3","8.49","16.65","0.27","25.4","50.1","89.5","0.091","0.375","4.1"
"Kirschbaum Pro Line I 17 (1.25)","51","Fast","Polyester","1.25","1.27","1.8","3.0","4.2","25.51","35.9","32.0","51.6","77.2","30.8","","204.6","8.49","16.72","0.55","25.8","50.8","83.2","0.091","0.375","4.1"
"Kirschbaum Pro Line I 17 (1.25)","40","Slow","Polyester","1.25","1.27","1.8","3.0","4.2","17.09","45.5","22.0","28.0","45.2","12.4","","234.9","5.47","17.13","-0.44","22.3","55.8","91.2","0.091","0.375","4.1"
"Kirschbaum Pro Line I 17 (1.25)","40","Medium","Polyester","1.25","1.27","1.8","3.0","4.2","17.86","40.7","29.1","41.5","59.3","21.5","","199.5","5.47","16.36","0.53","22.3","56.3","84.1","0.091","0.375","4.1"
"Kirschbaum Pro Line I 17 (1.25)","40","Fast","Polyester","1.25","1.27","1.8","3.0","4.2","17.79","38.6","34.0","51.2","69.0","29.3","","180.0","5.47","16.43","0.48","22.5","56.4","79.2","0.091","0.375","4.1"
"Kirschbaum Pro Line I 17L (1.20)","62","Slow","Polyester","1.2","1.21","2.1","3.3","4.5","35.59","38.8","18.1","24.0","59.5","13.5","","297.2","10.41","15.74","-0.42","25.8","41.7","96.2","0.089","0.351","3.9"
"Kirschbaum Pro Line I 17L (1.20)","62","Medium","Polyester","1.2","1.21","2.1","3.3","4.5","36.32","34.9","25.1","41.0","77.4","24.2","","265.7","10.41","15.01","0.14","25.6","41.4","91.2","0.089","0.351","3.9"
"Kirschbaum Pro Line I 17L (1.20)","62","Fast","Polyester","1.2","1.21","2.1","3.3","4.5","35.92","33.1","30.0","52.7","88.6","33.2","","237.7","10.41","15.41","0.20","26.0","42.1","86.1","0.089","0.351","3.9"
"Kirschbaum Pro Line I 17L (1.20)","51","Slow","Polyester","1.2","1.21","2.1","3.3","4.5","23.88","43.0","20.6","26.0","49.8","12.8","","249.2","9.33","17.51","-0.49","26.2","52","93.9","0.089","0.351","3.9"
"Kirschbaum Pro Line I 17L (1.20)","51","Medium","Polyester","1.2","1.21","2.1","3.3","4.5","24.72","38.4","27.9","40.8","65.7","22.9","","213.2","9.33","16.67","0.27","26.2","51.8","87.4","0.089","0.351","3.9"
"Kirschbaum Pro Line I 17L (1.20)","51","Fast","Polyester","1.2","1.21","2.1","3.3","4.5","24.74","36.3","32.6","51.2","75.9","30.9","","194.9","9.33","16.65","0.51","26.5","52.2","83.7","0.089","0.351","3.9"
"Kirschbaum Pro Line I 17L (1.20)","40","Slow","Polyester","1.2","1.21","2.1","3.3","4.5","15.79","47.0","23.0","27.1","43.0","12.4","","208.6","6.00","17.90","-0.28","23.6","59.5","91.4","0.089","0.351","3.9"
"Kirschbaum Pro Line I 17L (1.20)","40","Medium","Polyester","1.2","1.21","2.1","3.3","4.5","16.43","41.9","30.0","40.8","57.1","21.4","","184.0","6.00","17.26","0.36","23.6","59.5","82.4","0.089","0.351","3.9"
"Kirschbaum Pro Line I 17L (1.20)","40","Fast","Polyester","1.2","1.21","2.1","3.3","4.5","16.45","39.6","35.0","49.4","65.9","28.9","","163.4","6.00","17.24","0.53","23.8","59.9","77.4","0.089","0.351","3.9"
"Kirschbaum Pro Line I 18L (1.15)","62","Slow","Polyester","1.15","1.15","2.4","4.2","5.5","38.04","38.3","18.0","23.2","61.1","13.7","","289.2","9.06","14.64","-0.50","23.2","37.6","97.0","0.086","0.377","4.4"
"Kirschbaum Pro Line I 18L (1.15)","62","Medium","Polyester","1.15","1.15","2.4","4.2","5.5","38.79","34.7","25.0","39.2","78.1","24.4","","254.9","9.06","13.89","0.09","23.2","37.3","91.6","0.086","0.377","4.4"
"Kirschbaum Pro Line I 18L (1.15)","62","Fast","Polyester","1.15","1.15","2.4","4.2","5.5","38.85","32.8","29.8","50.9","89.7","33.4","","233.7","9.06","13.83","0.86","23.8","38.5","89.1","0.086","0.377","4.4"
"Kirschbaum Pro Line I 18L (1.15)","51","Slow","Polyester","1.15","1.15","2.4","4.2","5.5","24.92","43.1","20.9","25.4","50.3","13.1","","235.5","8.60","17.20","-0.33","25.6","50.2","94.9","0.086","0.377","4.4"
"Kirschbaum Pro Line I 18L (1.15)","51","Medium","Polyester","1.15","1.15","2.4","4.2","5.5","25.58","38.5","27.9","40.6","66.2","23.1","","211.5","8.60","16.54","0.27","25.4","50.1","87.2","0.086","0.377","4.4"
"Kirschbaum Pro Line I 18L (1.15)","51","Fast","Polyester","1.15","1.15","2.4","4.2","5.5","25.58","36.3","32.9","50.5","76.1","31.4","","189.2","8.60","16.54","0.44","25.6","50.4","84.5","0.086","0.377","4.4"
"Kirschbaum Pro Line I 18L (1.15)","40","Slow","Polyester","1.15","1.15","2.4","4.2","5.5","15.72","47.5","23.0","26.2","42.1","12.1","","201.7","6.39","17.58","-0.20","23.8","59.9","90.8","0.086","0.377","4.4"
"Kirschbaum Pro Line I 18L (1.15)","40","Medium","Polyester","1.15","1.15","2.4","4.2","5.5","16.27","42.6","30.3","38.8","55.1","20.9","","171.5","6.39","17.03","0.48","23.8","60.2","82.1","0.086","0.377","4.4"
"Kirschbaum Pro Line I 18L (1.15)","40","Fast","Polyester","1.15","1.15","2.4","4.2","5.5","16.25","40.0","35.5","49.4","65.7","29.1","","158.9","6.39","17.05","0.53","24.0","60.4","77.8","0.086","0.377","4.4"
"Kirschbaum Pro Line II 1.30","62","Slow","Polyester","1.3","1.30","1.5","2.7","5.5","37.68","38.8","18.0","23.6","61.3","13.8","","294.3","10.54","13.52","-0.25","23.8","38.6","95.8","0.078","0.444","5.7"
"Kirschbaum Pro Line II 1.30","62","Medium","Polyester","1.3","1.30","1.5","2.7","5.5","38.23","34.9","25.7","40.8","78.9","25.4","","250.9","10.54","12.97","0.13","23.6","38.3","92.2","0.078","0.444","5.7"
"Kirschbaum Pro Line II 1.30","62","Fast","Polyester","1.3","1.30","1.5","2.7","5.5","38.26","33.1","30.0","52.3","90.6","34.0","","235.5","10.54","12.94","0.55","24.0","38.9","87.0","0.078","0.444","5.7"
"Kirschbaum Pro Line II 1.30","51","Slow","Polyester","1.3","1.30","1.5","2.7","5.5","26.46","42.6","20.0","26.5","52.9","13.3","","268.0","8.53","15.73","-0.22","24.0","47.4","94.5","0.078","0.444","5.7"
"Kirschbaum Pro Line II 1.30","51","Medium","Polyester","1.3","1.30","1.5","2.7","5.5","27.03","37.9","27.9","42.6","69.7","24.3","","222.9","8.53","15.16","0.20","23.8","47.1","88.9","0.078","0.444","5.7"
"Kirschbaum Pro Line II 1.30","51","Fast","Polyester","1.3","1.30","1.5","2.7","5.5","27.06","35.8","32.2","53.4","80.5","32.3","","209.7","8.53","15.13","0.49","24.0","47.6","85.6","0.078","0.444","5.7"
"Kirschbaum Pro Line II 1.30","40","Slow","Polyester","1.3","1.30","1.5","2.7","5.5","16.98","46.8","22.1","27.6","44.5","12.3","","228.6","5.34","17.37","-0.17","22.5","56.8","91.0","0.078","0.444","5.7"
"Kirschbaum Pro Line II 1.30","40","Medium","Polyester","1.3","1.30","1.5","2.7","5.5","17.51","41.4","30.0","42.3","60.0","22.5","","191.5","5.34","16.84","0.27","22.5","56.6","84.6","0.078","0.444","5.7"
"Kirschbaum Pro Line II 1.30","40","Fast","Polyester","1.3","1.30","1.5","2.7","5.5","17.55","39.1","35.0","52.3","69.9","30.6","","173.2","5.34","16.80","0.46","22.5","56.9","80.3","0.078","0.444","5.7"
"Kirschbaum Pro Line II 17 (1.25)","62","Slow","Polyester","1.25","1.25","2.4","3.9","4.8","38.32","38.2","18.0","22.7","61.1","13.7","","285.2","9.57","13.85","-0.33","23.2","37.4","98.0","0.101","0.47","4.7"
"Kirschbaum Pro Line II 17 (1.25)","62","Medium","Polyester","1.25","1.25","2.4","3.9","4.8","38.90","34.7","25.0","39.0","78.1","24.4","","254.3","9.57","13.27","0.16","22.9","37.3","93.9","0.101","0.47","4.7"
"Kirschbaum Pro Line II 17 (1.25)","62","Fast","Polyester","1.25","1.25","2.4","3.9","4.8","38.87","33.0","30.0","50.3","89.1","33.4","","227.5","9.57","13.30","0.53","23.4","37.9","88.0","0.101","0.47","4.7"
"Kirschbaum Pro Line II 17 (1.25)","51","Slow","Polyester","1.25","1.25","2.4","3.9","4.8","27.76","41.7","20.0","24.3","52.0","13.0","","246.9","8.00","14.96","-0.35","22.5","44.6","95.5","0.101","0.47","4.7"
"Kirschbaum Pro Line II 17 (1.25)","51","Medium","Polyester","1.25","1.25","2.4","3.9","4.8","28.44","37.4","27.0","40.6","69.0","23.3","","225.7","8.00","14.28","0.22","22.5","44.3","90.2","0.101","0.47","4.7"
"Kirschbaum Pro Line II 17 (1.25)","51","Fast","Polyester","1.25","1.25","2.4","3.9","4.8","28.44","35.3","32.0","50.7","79.2","31.7","","201.2","8.00","14.28","0.50","22.7","44.9","84.5","0.101","0.47","4.7"
"Kirschbaum Pro Line II 17 (1.25)","40","Slow","Polyester","1.25","1.25","2.4","3.9","4.8","15.81","47.2","23.0","26.9","42.8","12.3","","206.3","6.62","17.26","-0.13","23.8","59.8","90.1","0.101","0.47","4.7"
"Kirschbaum Pro Line II 17 (1.25)","40","Medium","Polyester","1.25","1.25","2.4","3.9","4.8","16.29","42.0","30.0","40.6","56.9","21.3","","183.5","6.62","16.78","0.37","23.8","59.9","84.6","0.101","0.47","4.7"
"Kirschbaum Pro Line II 17 (1.25)","40","Fast","Polyester","1.25","1.25","2.4","3.9","4.8","16.25","39.6","35.1","50.5","66.8","29.3","","166.9","6.62","16.82","0.29","23.8","59.8","79.0","0.101","0.47","4.7"
"Kirschbaum Pro Line II 17L (1.20)","62","Slow","Polyester","1.2","1.20","2.7","3.9","5.5","36.71","39.0","18.1","22.1","58.7","13.3","","272.0","9.02","16.01","-0.44","24.5","39.8","95.1","0.09","0.436","4.8"
"Kirschbaum Pro Line II 17L (1.20)","62","Medium","Polyester","1.2","1.20","2.7","3.9","5.5","37.42","35.3","25.5","38.1","75.6","24.1","","238.9","9.02","15.30","0.18","24.5","39.7","93.7","0.09","0.436","4.8"
"Kirschbaum Pro Line II 17L (1.20)","62","Fast","Polyester","1.2","1.20","2.7","3.9","5.5","37.40","33.6","30.0","48.5","85.8","32.2","","218.3","9.02","15.32","0.49","24.9","40.2","91.8","0.09","0.436","4.8"
"Kirschbaum Pro Line II 17L (1.20)","51","Slow","Polyester","1.2","1.20","2.7","3.9","5.5","27.30","42.2","20.0","23.8","51.2","12.8","","241.7","8.56","14.86","-0.26","23.2","45.7","94.7","0.09","0.436","4.8"
"Kirschbaum Pro Line II 17L (1.20)","51","Medium","Polyester","1.2","1.20","2.7","3.9","5.5","27.87","38.0","27.3","39.0","66.8","22.8","","212.6","8.56","14.29","0.26","23.2","45.6","90.4","0.09","0.436","4.8"
"Kirschbaum Pro Line II 17L (1.20)","51","Fast","Polyester","1.2","1.20","2.7","3.9","5.5","27.87","35.9","32.1","49.0","76.7","30.8","","193.2","8.56","14.29","0.51","23.4","46","86.3","0.09","0.436","4.8"
"Kirschbaum Pro Line II 17L (1.20)","40","Slow","Polyester","1.2","1.20","2.7","3.9","5.5","16.03","47.7","23.0","25.8","41.9","12.0","","197.2","6.92","16.74","-0.13","23.6","59.3","92.2","0.09","0.436","4.8"
"Kirschbaum Pro Line II 17L (1.20)","40","Medium","Polyester","1.2","1.20","2.7","3.9","5.5","16.56","42.6","30.2","38.8","55.3","20.9","","173.2","6.92","16.21","0.44","23.6","59.4","83.7","0.09","0.436","4.8"
"Kirschbaum Pro Line II 17L (1.20)","40","Fast","Polyester","1.2","1.20","2.7","3.9","5.5","16.60","40.0","35.9","48.3","65.0","29.2","","152.6","6.92","16.17","0.48","23.6","59.4","79.6","0.09","0.436","4.8"
"Kirschbaum Pro Line II 18 (1.15)","62","Slow","Polyester","1.15","1.18","3.0","4.5","5.8","34.77","39.8","19.0","22.1","56.9","13.5","","248.6","9.24","17.73","-0.42","26.5","43","95.3","0.097","0.435","4.5"
"Kirschbaum Pro Line II 18 (1.15)","62","Medium","Polyester","1.15","1.18","3.0","4.5","5.8","35.39","36.1","26.0","37.3","72.5","23.6","","223.5","9.24","17.11","0.18","26.5","43","92.7","0.097","0.435","4.5"
"Kirschbaum Pro Line II 18 (1.15)","62","Fast","Polyester","1.15","1.18","3.0","4.5","5.8","35.37","34.2","31.0","47.4","82.7","32.1","","200.6","9.24","17.13","0.51","26.9","43.5","89.3","0.097","0.435","4.5"
"Kirschbaum Pro Line II 18 (1.15)","51","Slow","Polyester","1.15","1.18","3.0","4.5","5.8","27.61","42.4","20.0","23.2","50.7","12.7","","236.0","8.36","14.75","-0.06","22.9","45.4","96.6","0.097","0.435","4.5"
"Kirschbaum Pro Line II 18 (1.15)","51","Medium","Polyester","1.15","1.18","3.0","4.5","5.8","27.81","38.2","27.8","37.7","65.7","22.8","","198.3","8.36","14.55","0.36","23.4","45.9","91.0","0.097","0.435","4.5"
"Kirschbaum Pro Line II 18 (1.15)","51","Fast","Polyester","1.15","1.18","3.0","4.5","5.8","27.67","36.2","32.5","47.6","75.2","30.6","","182.9","8.36","14.69","0.48","23.6","46.4","87.6","0.097","0.435","4.5"
"Kirschbaum Pro Line II 18 (1.15)","40","Slow","Polyester","1.15","1.18","3.0","4.5","5.8","16.76","47.7","23.0","25.1","41.9","12.0","","192.0","7.01","15.92","-0.22","22.7","57.2","92.4","0.097","0.435","4.5"
"Kirschbaum Pro Line II 18 (1.15)","40","Medium","Polyester","1.15","1.18","3.0","4.5","5.8","17.33","42.4","30.1","37.9","55.3","20.8","","170.9","7.01","15.35","0.35","22.7","57.2","85.6","0.097","0.435","4.5"
"Kirschbaum Pro Line II 18 (1.15)","40","Fast","Polyester","1.15","1.18","3.0","4.5","5.8","17.31","39.8","35.9","48.1","65.3","29.3","","151.4","7.01","15.37","0.49","22.9","57.6","80.3","0.097","0.435","4.5"
"Kirschbaum Pro Line X 16 (1.30)","40","Slow","Polyester","1.3","NA","1.5","2.4","3.0","23.70","42.2","20.0","28.4","52.0","13.0","","286.9","4.63","11.36","-0.14","15.9","39.9","97.6","0.08","0.41","5.1"
"Kirschbaum Pro Line X 16 (1.30)","40","Medium","Polyester","1.3","NA","1.5","2.4","3.0","24.12","37.6","27.1","45.2","69.2","23.5","","249.7","4.63","10.94","0.24","15.9","39.8","90.6","0.08","0.41","5.1"
"Kirschbaum Pro Line X 16 (1.30)","40","Fast","Polyester","1.3","NA","1.5","2.4","3.0","24.08","35.3","32.0","56.7","80.7","32.3","","224.6","4.63","10.98","0.35","15.9","40.2","83.9","0.08","0.41","5.1"
"Kirschbaum Pro Line X 16 (1.30)","51","Slow","Polyester","1.3","NA","1.5","2.4","3.0","37.04","38.0","18.0","24.7","61.7","13.9","","309.2","4.19","9.49","-0.20","13.5","26.6","97.2","0.08","0.41","5.1"
"Kirschbaum Pro Line X 16 (1.30)","51","Medium","Polyester","1.3","NA","1.5","2.4","3.0","37.35","34.5","24.7","41.5","78.9","24.4","","276.6","4.19","9.18","0.13","13.5","26.6","93.1","0.08","0.41","5.1"
"Kirschbaum Pro Line X 16 (1.30)","51","Fast","Polyester","1.3","NA","1.5","2.4","3.0","37.35","32.7","29.8","52.5","89.7","33.4","","240.0","4.19","9.18","0.42","13.7","27.2","88.0","0.08","0.41","5.1"
"Kirschbaum Pro Line X 16 (1.30)","62","Slow","Polyester","1.3","NA","1.5","2.4","3.0","46.28","35.6","16.8","22.7","69.0","14.4","","327.5","4.39","11.07","-0.25","15.2","24.6","97.0","0.08","0.41","5.1"
"Kirschbaum Pro Line X 16 (1.30)","62","Medium","Polyester","1.3","NA","1.5","2.4","3.0","46.57","32.6","23.5","39.9","86.4","25.4","","292.6","4.39","10.78","0.09","15.2","24.7","95.6","0.08","0.41","5.1"
"Kirschbaum Pro Line X 16 (1.30)","62","Fast","Polyester","1.3","NA","1.5","2.4","3.0","46.53","31.0","28.0","50.7","97.2","34.0","","262.9","4.39","10.82","0.38","15.7","25.2","90.6","0.08","0.41","5.1"
"Kirschbaum Pro Line X 17 (1.25)","62","Slow","Polyester","1.25","1.25","1.5","2.4","3.3","41.43","36.9","17.6","22.7","64.2","14.1","","297.2","7.59","12.72","0.00","20.3","32.9","96.2","0.089","0.423","4.8"
"Kirschbaum Pro Line X 17 (1.25)","62","Medium","Polyester","1.25","1.25","1.5","2.4","3.3","41.45","33.8","24.2","39.2","80.7","24.4","","273.2","7.59","12.70","0.15","20.5","33.1","94.3","0.089","0.423","4.8"
"Kirschbaum Pro Line X 17 (1.25)","62","Fast","Polyester","1.25","1.25","1.5","2.4","3.3","41.39","32.2","29.0","49.6","90.8","33.0","","238.9","7.59","12.76","0.55","20.9","33.9","89.1","0.089","0.423","4.8"
"Kirschbaum Pro Line X 17 (1.25)","51","Slow","Polyester","1.25","1.25","1.5","2.4","3.3","31.64","39.5","19.0","26.2","57.8","13.7","","294.3","7.19","11.89","-0.73","18.3","36.2","94.9","0.089","0.423","4.8"
"Kirschbaum Pro Line X 17 (1.25)","51","Medium","Polyester","1.25","1.25","1.5","2.4","3.3","32.57","36.0","25.9","40.6","73.2","23.7","","245.2","7.19","10.96","0.33","18.5","36.4","93.1","0.089","0.423","4.8"
"Kirschbaum Pro Line X 17 (1.25)","51","Fast","Polyester","1.25","1.25","1.5","2.4","3.3","32.46","34.0","31.0","51.6","84.0","32.5","","218.3","7.19","11.07","0.49","18.7","37","86.9","0.089","0.423","4.8"
"Kirschbaum Pro Line X 17 (1.25)","40","Slow","Polyester","1.25","1.25","1.5","2.4","3.3","23.37","42.7","20.6","28.0","51.4","13.2","","269.2","5.34","10.98","-0.42","15.9","40.1","95.1","0.089","0.423","4.8"
"Kirschbaum Pro Line X 17 (1.25)","40","Medium","Polyester","1.25","1.25","1.5","2.4","3.3","24.01","38.1","27.4","43.2","67.0","23.0","","233.2","5.34","10.34","0.35","16.1","40.4","88.9","0.089","0.423","4.8"
"Kirschbaum Pro Line X 17 (1.25)","40","Fast","Polyester","1.25","1.25","1.5","2.4","3.3","23.99","36.0","32.5","53.4","77.4","31.4","","205.7","5.34","10.36","0.71","16.3","41.3","83.0","0.089","0.423","4.8"
"Tecnifibre Pro Mix 16","62","Slow","Nylon/Polyester","1.3","1.33","7.3","9.1","10.9","42.62","38.6","18.0","16.3","59.1","13.3","","205.2","8.29","10.83","-0.09","19.0","30.8","98.2","0.169","0.432","2.6"
"Tecnifibre Pro Mix 16","62","Medium","Nylon/Polyester","1.3","1.33","7.3","9.1","10.9","42.67","35.5","25.6","31.3","74.1","23.7","","194.3","8.29","10.78","0.07","19.2","31","93.9","0.169","0.432","2.6"
"Tecnifibre Pro Mix 16","62","Fast","Nylon/Polyester","1.3","1.33","7.3","9.1","10.9","42.56","33.8","30.1","42.3","84.9","31.9","","189.2","8.29","10.89","0.36","19.6","31.6","90.2","0.169","0.432","2.6"
"Tecnifibre Pro Mix 16","51","Slow","Nylon/Polyester","1.3","1.33","7.3","9.1","10.9","31.86","42.7","20.0","18.3","50.1","12.6","","184.6","7.06","11.80","-0.07","18.7","37","96.0","0.169","0.432","2.6"
"Tecnifibre Pro Mix 16","51","Medium","Nylon/Polyester","1.3","1.33","7.3","9.1","10.9","31.95","38.8","28.0","32.4","64.4","22.5","","168.0","7.06","11.71","0.13","19.0","37.3","93.1","0.169","0.432","2.6"
"Tecnifibre Pro Mix 16","51","Fast","Nylon/Polyester","1.3","1.33","7.3","9.1","10.9","31.91","36.7","33.0","42.1","74.1","30.6","","156.6","7.06","11.75","0.29","19.2","37.7","88.9","0.169","0.432","2.6"
"Tecnifibre Pro Mix 16","40","Slow","Nylon/Polyester","1.3","1.33","7.3","9.1","10.9","20.64","48.4","23.3","19.2","39.7","11.5","","143.4","6.84","12.21","0.00","19.0","48","91.0","0.169","0.432","2.6"
"Tecnifibre Pro Mix 16","40","Medium","Nylon/Polyester","1.3","1.33","7.3","9.1","10.9","20.77","43.5","31.3","31.3","52.0","20.3","","129.7","6.84","12.08","0.18","19.2","48.1","87.4","0.169","0.432","2.6"
"Tecnifibre Pro Mix 16","40","Fast","Nylon/Polyester","1.3","1.33","7.3","9.1","10.9","20.75","40.9","36.5","40.1","60.9","27.8","","122.3","6.84","12.10","0.18","19.2","48.2","83.7","0.169","0.432","2.6"
"Tecnifibre Pro Mix 17","62","Slow","Nylon/Polyester","1.25","1.28","6.1","7.6","8.8","44.81","37.8","17.9","16.8","61.5","13.8","","212.0","7.41","9.52","-0.08","16.8","27.3","97.2","0.114","0.427","3.7"
"Tecnifibre Pro Mix 17","62","Medium","Nylon/Polyester","1.25","1.28","6.1","7.6","8.8","44.78","34.8","24.7","31.8","76.5","23.6","","211.5","7.41","9.55","0.04","17.0","27.5","95.3","0.114","0.427","3.7"
"Tecnifibre Pro Mix 17","62","Fast","Nylon/Polyester","1.25","1.28","6.1","7.6","8.8","44.72","33.1","30.0","41.9","86.7","32.5","","189.2","7.41","9.61","0.25","17.2","28","91.8","0.114","0.427","3.7"
"Tecnifibre Pro Mix 17","51","Slow","Nylon/Polyester","1.25","1.28","6.1","7.6","8.8","33.54","41.6","19.9","17.9","51.4","12.8","","183.5","6.50","10.68","-0.04","17.2","33.8","95.8","0.114","0.427","3.7"
"Tecnifibre Pro Mix 17","51","Medium","Nylon/Polyester","1.25","1.28","6.1","7.6","8.8","33.60","38.1","27.1","32.4","66.2","22.3","","180.6","6.50","10.62","0.11","17.2","34","92.0","0.114","0.427","3.7"
"Tecnifibre Pro Mix 17","51","Fast","Nylon/Polyester","1.25","1.28","6.1","7.6","8.8","33.56","35.9","32.1","43.0","76.5","30.7","","169.7","6.50","10.66","0.26","17.4","34.3","89.3","0.114","0.427","3.7"
"Tecnifibre Pro Mix 17","40","Slow","Nylon/Polyester","1.25","1.28","6.1","7.6","8.8","23.17","46.6","22.0","19.0","42.1","11.6","","158.9","5.76","10.76","-0.03","16.5","41.6","94.1","0.114","0.427","3.7"
"Tecnifibre Pro Mix 17","40","Medium","Nylon/Polyester","1.25","1.28","6.1","7.6","8.8","23.22","42.0","30.0","32.0","55.1","20.7","","144.0","5.76","10.71","0.13","16.5","41.8","88.5","0.114","0.427","3.7"
"Tecnifibre Pro Mix 17","40","Fast","Nylon/Polyester","1.25","1.28","6.1","7.6","8.8","23.17","39.6","35.9","41.0","64.2","28.8","","129.2","5.76","10.76","0.30","16.8","42.4","85.6","0.114","0.427","3.7"
"Tecnifibre Pro Red Code 16","62","Slow","Polyester","1.3","NA","1.5","2.1","2.7","42.75","37.3","17.8","23.4","66.2","14.7","","299.5","7.72","11.27","-0.29","18.7","30.3","95.5","0.078","0.384","4.9"
"Tecnifibre Pro Red Code 16","62","Medium","Polyester","1.3","NA","1.5","2.1","2.7","43.22","33.8","24.1","41.9","85.1","25.7","","293.2","7.72","10.80","0.16","18.7","30.2","91.4","0.078","0.384","4.9"
"Tecnifibre Pro Red Code 16","62","Fast","Polyester","1.3","NA","1.5","2.1","2.7","43.22","32.0","29.1","54.0","97.2","35.4","","259.5","7.72","10.80","0.44","19.0","30.7","89.9","0.078","0.384","4.9"
"Tecnifibre Pro Red Code 16","51","Slow","Polyester","1.3","NA","1.5","2.1","2.7","33.05","40.2","19.0","24.9","58.0","13.8","","281.2","6.50","11.17","-0.25","17.4","34.3","97.4","0.078","0.384","4.9"
"Tecnifibre Pro Red Code 16","51","Medium","Polyester","1.3","NA","1.5","2.1","2.7","33.52","35.9","26.0","43.7","77.2","25.1","","261.7","6.50","10.70","0.22","17.4","34.3","88.0","0.078","0.384","4.9"
"Tecnifibre Pro Red Code 16","51","Fast","Polyester","1.3","NA","1.5","2.1","2.7","33.52","33.9","31.0","54.9","88.4","34.3","","232.0","6.50","10.70","0.44","17.6","34.8","86.9","0.078","0.384","4.9"
"Tecnifibre Pro Red Code 16","40","Slow","Polyester","1.3","NA","1.5","2.1","2.7","22.87","43.5","20.7","28.4","51.4","13.3","","269.7","4.78","12.04","-0.15","16.8","42","94.1","0.078","0.384","4.9"
"Tecnifibre Pro Red Code 16","40","Medium","Polyester","1.3","NA","1.5","2.1","2.7","23.28","38.3","28.0","46.7","70.1","24.5","","242.9","4.78","11.63","0.26","16.8","42","88.4","0.078","0.384","4.9"
"Tecnifibre Pro Red Code 16","40","Fast","Polyester","1.3","NA","1.5","2.1","2.7","23.33","35.8","33.0","58.4","81.8","33.7","","218.3","4.78","11.58","0.29","16.8","41.9","84.8","0.078","0.384","4.9"
"Tecnifibre Pro Red Code 17","62","Slow","Polyester","1.25","1.27","1.8","2.4","3.3","40.48","37.5","18.0","22.9","63.5","14.3","","288.0","7.74","13.52","-0.16","21.2","34.2","96.2","0.092","0.439","4.8"
"Tecnifibre Pro Red Code 17","62","Medium","Polyester","1.25","1.27","1.8","2.4","3.3","40.90","34.2","24.1","39.7","80.7","24.3","","277.2","7.74","13.10","0.20","20.9","34.1","93.7","0.092","0.439","4.8"
"Tecnifibre Pro Red Code 17","62","Fast","Polyester","1.25","1.27","1.8","2.4","3.3","40.88","32.6","29.4","51.4","92.2","33.9","","242.3","7.74","13.12","0.35","21.2","34.4","89.1","0.092","0.439","4.8"
"Tecnifibre Pro Red Code 17","51","Slow","Polyester","1.25","1.27","1.8","2.4","3.3","32.37","39.9","19.0","24.7","57.1","13.6","","278.3","6.55","11.80","-0.13","18.3","35.9","95.8","0.092","0.439","4.8"
"Tecnifibre Pro Red Code 17","51","Medium","Polyester","1.25","1.27","1.8","2.4","3.3","32.70","36.0","26.0","40.8","73.6","23.9","","245.7","6.55","11.47","0.22","18.3","36","90.8","0.092","0.439","4.8"
"Tecnifibre Pro Red Code 17","51","Fast","Polyester","1.25","1.27","1.8","2.4","3.3","32.68","34.2","30.7","52.5","85.1","32.7","","225.7","6.55","11.49","0.44","18.5","36.4","88.0","0.092","0.439","4.8"
"Tecnifibre Pro Red Code 17","40","Slow","Polyester","1.25","1.27","1.8","2.4","3.3","22.93","43.1","20.5","27.3","50.3","12.9","","266.3","4.90","11.86","-0.09","16.8","42","94.5","0.092","0.439","4.8"
"Tecnifibre Pro Red Code 17","40","Medium","Polyester","1.25","1.27","1.8","2.4","3.3","23.17","38.5","28.0","43.7","66.8","23.4","","226.9","4.90","11.62","0.30","16.8","42.4","88.9","0.092","0.439","4.8"
"Tecnifibre Pro Red Code 17","40","Fast","Polyester","1.25","1.27","1.8","2.4","3.3","23.17","36.2","32.4","55.3","78.5","31.7","","214.3","4.90","11.62","0.50","17.0","42.9","85.2","0.092","0.439","4.8"
"Tecnifibre Pro Red Code 18","62","Slow","Polyester","1.2","1.22","1.8","2.4","3.0","40.35","37.8","18.0","22.7","63.1","14.2","","285.2","7.65","13.74","-0.22","21.2","34.3","95.5","0.084","0.417","5"
"Tecnifibre Pro Red Code 18","62","Medium","Polyester","1.2","1.22","1.8","2.4","3.0","40.79","34.5","24.4","39.9","80.7","24.6","","273.2","7.65","13.30","0.20","21.2","34.3","92.5","0.084","0.417","5"
"Tecnifibre Pro Red Code 18","62","Fast","Polyester","1.2","1.22","1.8","2.4","3.0","40.79","32.8","29.8","50.1","90.8","33.9","","228.0","7.65","13.30","0.42","21.4","34.6","88.9","0.084","0.417","5"
"Tecnifibre Pro Red Code 18","51","Slow","Polyester","1.2","1.22","1.8","2.4","3.0","32.35","40.2","19.1","24.3","56.7","13.5","","272.6","7.01","11.36","-0.15","18.3","35.9","95.6","0.084","0.417","5"
"Tecnifibre Pro Red Code 18","51","Medium","Polyester","1.2","1.22","1.8","2.4","3.0","32.74","36.4","26.0","40.1","72.8","23.7","","240.6","7.01","10.97","0.24","18.3","35.9","90.1","0.084","0.417","5"
"Tecnifibre Pro Red Code 18","51","Fast","Polyester","1.2","1.22","1.8","2.4","3.0","32.72","34.4","31.0","51.4","84.0","32.6","","217.2","7.01","10.99","0.39","18.3","36.3","88.2","0.084","0.417","5"
"Tecnifibre Pro Red Code 18","40","Slow","Polyester","1.2","1.22","1.8","2.4","3.0","23.86","43.2","20.6","26.5","50.3","13.0","","253.7","4.59","11.24","-0.04","15.9","39.8","94.5","0.084","0.417","5"
"Tecnifibre Pro Red Code 18","40","Medium","Polyester","1.2","1.22","1.8","2.4","3.0","24.19","38.5","28.0","43.0","67.3","23.5","","222.9","4.59","10.91","0.31","15.9","39.8","89.3","0.084","0.417","5"
"Tecnifibre Pro Red Code 18","40","Fast","Polyester","1.2","1.22","1.8","2.4","3.0","24.17","36.2","32.7","53.8","78.1","31.9","","204.6","4.59","10.93","0.47","15.9","40.3","85.9","0.084","0.417","5"
"Tecnifibre Pro Red Code Wax 17","51","Fast","Polyester","1.25","1.28","1.8","2.4","8.8","36.16","33.1","31.0","55.8","91.9","35.6","16.7","235.5","4.45","10.11","0.04","14.6","28.8","87.8","0.077","0.503","6.5"
"Gamma Prodigy 16","62","Slow","Nylon","1.32","1.31","NA","NA","10.3","49.17","37.4","17.4","13.9","63.1","13.7","","186.9","8.91","3.66","0.15","12.8","20.6","98.2","0.111","0.39","3.5"
"Gamma Prodigy 16","62","Medium","Nylon","1.32","1.31","NA","NA","10.3","48.60","34.6","25.0","29.1","77.6","24.3","","189.2","8.91","4.23","0.02","13.2","21.3","95.6","0.111","0.39","3.5"
"Gamma Prodigy 16","62","Fast","Nylon","1.32","1.31","NA","NA","10.3","48.36","32.7","30.0","41.7","90.0","33.8","","188.0","8.91","4.47","0.20","13.7","22","95.1","0.111","0.39","3.5"
"Gamma Prodigy 16","51","Slow","Nylon","1.32","1.31","NA","NA","10.3","40.73","40.1","18.4","14.6","55.3","12.7","","174.9","6.55","3.44","0.09","10.1","19.9","97.4","0.111","0.39","3.5"
"Gamma Prodigy 16","51","Medium","Nylon","1.32","1.31","NA","NA","10.3","40.29","36.6","26.1","29.5","69.9","22.8","","176.0","6.55","3.88","0.07","10.6","20.7","95.5","0.111","0.39","3.5"
"Gamma Prodigy 16","51","Fast","Nylon","1.32","1.31","NA","NA","10.3","40.06","34.5","32.0","41.5","81.4","32.5","","164.6","6.55","4.11","0.15","10.8","21.3","93.7","0.111","0.39","3.5"
"Gamma Prodigy 16","40","Slow","Nylon","1.32","1.31","NA","NA","10.3","29.92","44.5","20.9","15.7","45.6","11.9","","146.3","6.24","3.53","0.02","9.7","24.7","95.6","0.111","0.39","3.5"
"Gamma Prodigy 16","40","Medium","Nylon","1.32","1.31","NA","NA","10.3","29.72","40.0","29.0","30.4","60.2","21.8","","146.9","6.24","3.73","0.08","10.1","25.3","93.5","0.111","0.39","3.5"
"Gamma Prodigy 16","40","Fast","Nylon","1.32","1.31","NA","NA","10.3","29.52","37.6","34.5","41.2","70.6","30.4","","140.6","6.24","3.93","0.17","10.4","26.1","90.2","0.111","0.39","3.5"
"Gamma Professional 16","62","Slow","Nylon/Zyex","1.32","1.33","7.3","8.8","9.7","47.65","38.2","17.8","12.8","60.4","13.5","","163.4","7.89","6.20","0.00","14.1","22.8","95.6","0.165","0.402","2.4"
"Gamma Professional 16","62","Medium","Nylon/Zyex","1.32","1.33","7.3","8.8","9.7","47.21","35.2","25.3","27.6","74.7","23.7","","173.7","7.89","6.64","0.00","14.6","23.5","96.2","0.165","0.402","2.4"
"Gamma Professional 16","62","Fast","Nylon/Zyex","1.32","1.33","7.3","8.8","9.7","47.03","33.4","30.1","38.4","85.6","32.2","","172.0","7.89","6.82","0.26","15.0","24.3","93.1","0.165","0.402","2.4"
"Gamma Professional 16","51","Slow","Nylon/Zyex","1.32","1.33","7.3","8.8","9.7","38.54","41.4","19.0","12.8","51.4","12.2","","143.4","6.46","5.72","-0.05","12.1","23.9","99.2","0.165","0.402","2.4"
"Gamma Professional 16","51","Medium","Nylon/Zyex","1.32","1.33","7.3","8.8","9.7","38.39","37.8","27.1","27.8","66.2","22.4","","152.6","6.46","5.87","0.07","12.3","24.4","93.9","0.165","0.402","2.4"
"Gamma Professional 16","51","Fast","Nylon/Zyex","1.32","1.33","7.3","8.8","9.7","38.17","35.7","32.2","38.1","76.3","30.7","","149.7","6.46","6.09","0.18","12.8","25.1","91.4","0.165","0.402","2.4"
"Gamma Professional 16","40","Fast","Nylon/Zyex","1.32","1.33","7.3","8.8","9.7","28.84","38.5","35.4","38.4","67.3","29.7","","124.6","5.69","5.16","0.20","11.0","27.8","90.4","0.165","0.402","2.4"
"Gamma Professional 16","40","Medium","Nylon/Zyex","1.32","1.33","7.3","8.8","9.7","28.95","41.0","30.0","28.4","57.6","21.5","","129.2","5.69","5.05","0.06","10.8","27.2","93.7","0.165","0.402","2.4"
"Gamma Professional 16","40","Slow","Nylon/Zyex","1.32","1.33","7.3","8.8","9.7","29.04","45.6","21.2","14.3","43.4","11.5","","130.9","5.69","4.96","0.00","10.6","26.8","94.9","0.165","0.402","2.4"
"Gamma Professional 17","40","Slow","Nylon","1.27","NA","7.6","9.4","10.6","28.14","46.0","21.8","14.8","43.0","11.7","6.6","126.9","5.25","6.30","-0.04","11.5","29","98.0","0.138","0.393","2.8"
"Gamma Professional 17","40","Medium","Nylon","1.27","NA","7.6","9.4","10.6","28.09","41.1","30.0","28.4","56.4","21.2","11.2","128.0","5.25","6.35","0.09","11.7","29.4","94.3","0.138","0.393","2.8"
"Gamma Professional 17","40","Fast","Nylon","1.27","NA","7.6","9.4","10.6","27.96","38.7","35.4","37.0","65.0","28.8","14.9","120.6","5.25","6.48","0.20","11.9","30.1","90.4","0.138","0.393","2.8"
"Gamma Professional 17","51","Slow","Nylon","1.27","NA","7.6","9.4","10.6","39.62","41.1","19.0","14.1","53.8","12.8","7.7","159.4","4.72","6.38","0.00","11.0","21.9","99.8","0.138","0.393","2.8"
"Gamma Professional 17","51","Medium","Nylon","1.27","NA","7.6","9.4","10.6","39.36","37.2","27.0","27.3","66.8","22.5","12.7","153.2","4.72","6.64","0.07","11.5","22.5","96.8","0.138","0.393","2.8"
"Gamma Professional 17","51","Fast","Nylon","1.27","NA","7.6","9.4","10.6","39.16","35.2","32.3","37.0","76.3","30.8","16.6","144.6","4.72","6.84","0.24","11.9","23.3","92.0","0.138","0.393","2.8"
"Gamma Professional 17","62","Slow","Nylon","1.27","NA","7.6","9.4","10.6","49.06","37.2","17.2","13.2","62.2","13.3","7.9","181.2","5.84","6.84","0.04","12.8","20.6","97.4","0.138","0.393","2.8"
"Gamma Professional 17","62","Medium","Nylon","1.27","NA","7.6","9.4","10.6","48.69","34.5","24.5","26.7","75.4","23.1","12.9","181.2","5.84","7.21","0.05","13.0","21.2","95.5","0.138","0.393","2.8"
"Gamma Professional 17","62","Fast","Nylon","1.27","NA","7.6","9.4","10.6","48.47","32.7","30.0","37.0","85.6","32.1","17.5","167.4","5.84","7.43","0.33","13.7","22","93.3","0.138","0.393","2.8"
"Gamma Professional 18 (1.22)","51","Fast","Nylon","1.22","NA","2.1","3.3","10.6","39.71","36.1","33.8","34.8","74.5","31.4","15.7","124.0","3.92","7.09","0.15","11.2","22","92.9","0.114","0.45","3.9"
"IsoSpeed Professional Classic 17","62","Slow","Polyolefin","1.2","1.29","2.7","3.6","4.8","48.40","37.9","17.9","12.6","60.9","13.6","","159.4","7.43","5.91","0.04","13.5","21.7","95.8","0.207","0.321","1.6"
"IsoSpeed Professional Classic 17","62","Medium","Polyolefin","1.2","1.29","2.7","3.6","4.8","47.67","35.9","25.2","23.2","70.8","22.3","","148.0","7.43","6.64","0.22","14.3","23.1","94.9","0.207","0.321","1.6"
"IsoSpeed Professional Classic 17","62","Fast","Polyolefin","1.2","1.29","2.7","3.6","4.8","46.86","34.5","30.9","31.3","78.3","30.2","","133.7","7.43","7.45","0.44","15.4","24.8","92.4","0.207","0.321","1.6"
"IsoSpeed Professional Classic 17","51","Slow","Polyolefin","1.2","1.29","2.7","3.6","4.8","37.42","41.5","19.7","15.2","52.7","12.9","","159.4","6.50","6.80","0.09","13.5","26.4","95.5","0.207","0.321","1.6"
"IsoSpeed Professional Classic 17","51","Medium","Polyolefin","1.2","1.29","2.7","3.6","4.8","36.93","38.5","27.2","26.0","63.1","21.4","","142.9","6.50","7.29","0.22","14.1","27.6","93.5","0.207","0.321","1.6"
"IsoSpeed Professional Classic 17","51","Fast","Polyolefin","1.2","1.29","2.7","3.6","4.8","36.45","36.5","32.8","35.5","71.9","29.5","","133.7","6.50","7.77","0.40","14.6","28.9","91.4","0.207","0.321","1.6"
"IsoSpeed Professional Classic 17","40","Slow","Polyolefin","1.2","1.29","2.7","3.6","4.8","26.04","45.6","21.9","17.6","43.7","11.9","","149.2","5.64","8.01","0.07","13.7","34.6","95.8","0.207","0.321","1.6"
"IsoSpeed Professional Classic 17","40","Medium","Polyolefin","1.2","1.29","2.7","3.6","4.8","25.78","41.4","29.9","30.9","56.7","21.2","","140.0","5.64","8.27","0.22","14.1","35.6","91.0","0.207","0.321","1.6"
"IsoSpeed Professional Classic 17","40","Fast","Polyolefin","1.2","1.29","2.7","3.6","4.8","25.42","38.9","35.1","40.4","65.9","28.9","","133.2","5.64","8.63","0.50","14.8","37.2","90.8","0.207","0.321","1.6"
"Gamma Professional Spin 16","62","Slow","Nylon/Zyex","1.35","1.4","NA","NA","9.4","48.93","37.2","17.0","13.7","62.6","13.3","","192.0","8.80","4.01","0.00","12.8","20.7","99.2","0.149","0.395","2.7"
"Gamma Professional Spin 16","62","Medium","Nylon/Zyex","1.35","1.4","NA","NA","9.4","48.55","34.4","24.4","29.1","77.6","23.7","","199.5","8.80","4.39","0.06","13.2","21.5","95.3","0.149","0.395","2.7"
"Gamma Professional Spin 16","62","Fast","Nylon/Zyex","1.35","1.4","NA","NA","9.4","48.27","32.6","30.0","41.2","89.5","33.5","","186.9","8.80","4.67","0.20","13.7","22.1","93.9","0.149","0.395","2.7"
"Gamma Professional Spin 16","51","Slow","Nylon/Zyex","1.35","1.4","NA","NA","9.4","39.40","40.2","18.1","14.1","53.4","12.1","","173.7","7.28","4.04","-0.03","11.2","22.3","97.4","0.149","0.395","2.7"
"Gamma Professional Spin 16","51","Medium","Nylon/Zyex","1.35","1.4","NA","NA","9.4","39.14","36.6","26.1","30.0","69.0","22.5","","179.5","7.28","4.30","0.05","11.7","22.9","95.1","0.149","0.395","2.7"
"Gamma Professional Spin 16","51","Fast","Nylon/Zyex","1.35","1.4","NA","NA","9.4","38.87","34.6","31.9","41.5","80.5","32.1","","165.2","7.28","4.57","0.19","12.1","23.7","93.9","0.149","0.395","2.7"
"Gamma Professional Spin 16","40","Slow","Nylon/Zyex","1.35","1.4","NA","NA","9.4","28.86","44.4","20.6","15.0","43.7","11.2","","142.9","6.37","4.46","-0.09","10.8","27.1","96.2","0.149","0.395","2.7"
"Gamma Professional Spin 16","40","Medium","Nylon/Zyex","1.35","1.4","NA","NA","9.4","28.78","40.0","29.0","29.3","58.0","21.0","","141.2","6.37","4.54","0.05","11.0","27.6","93.1","0.149","0.395","2.7"
"Gamma Professional Spin 16","40","Fast","Nylon/Zyex","1.35","1.4","NA","NA","9.4","28.64","37.7","34.1","40.1","68.8","29.3","","140.0","6.37","4.68","0.15","11.2","28.2","90.4","0.149","0.395","2.7"
"IsoSpeed Pulse 16","62","Slow","Polyester","1.3","1.32","3.0","5.5","7.6","29.97","41.7","20.0","24.3","54.2","13.6","","247.5","13.12","18.65","-0.28","31.5","51","95.3","0.074","0.346","4.7"
"IsoSpeed Pulse 16","62","Medium","Polyester","1.3","1.32","3.0","5.5","7.6","30.52","37.7","27.0","38.8","69.2","23.4","","216.6","13.12","18.10","0.31","31.5","51.1","91.0","0.074","0.346","4.7"
"IsoSpeed Pulse 16","62","Fast","Polyester","1.3","1.32","3.0","5.5","7.6","30.27","35.6","32.0","48.5","78.9","31.5","","192.6","13.12","18.35","0.55","32.0","51.9","86.7","0.074","0.346","4.7"
"IsoSpeed Pulse 16","51","Slow","Polyester","1.3","1.32","3.0","5.5","7.6","22.09","44.9","21.9","25.1","47.2","12.9","","212.0","10.74","17.89","-0.16","28.4","56.1","91.6","0.074","0.346","4.7"
"IsoSpeed Pulse 16","51","Medium","Polyester","1.3","1.32","3.0","5.5","7.6","22.60","40.5","29.0","38.1","60.6","22.0","","184.0","10.74","17.38","0.55","28.7","56.5","86.5","0.074","0.346","4.7"
"IsoSpeed Pulse 16","51","Fast","Polyester","1.3","1.32","3.0","5.5","7.6","22.51","38.5","34.0","46.7","69.2","29.5","","164.6","10.74","17.47","0.66","28.9","56.9","81.5","0.074","0.346","4.7"
"IsoSpeed Pulse 16","40","Slow","Polyester","1.3","1.32","3.0","5.5","7.6","11.82","50.8","24.3","26.7","38.6","11.7","","183.5","8.16","19.71","0.13","28.0","70.6","88.4","0.074","0.346","4.7"
"IsoSpeed Pulse 16","40","Medium","Polyester","1.3","1.32","3.0","5.5","7.6","11.75","46.0","32.2","37.9","49.6","20.0","","148.6","8.16","19.78","0.04","28.0","70.5","79.9","0.074","0.346","4.7"
"IsoSpeed Pulse 16","40","Fast","Polyester","1.3","1.32","3.0","5.5","7.6","12.11","43.6","38.0","45.4","57.6","27.3","","128.0","8.16","19.42","0.86","28.4","71.7","72.2","0.074","0.346","4.7"
"Boris Becker Pulse 16 (1.32)","51","Fast","Nylon","1.32","1.30","3.0","6.1","6.1","42.29","35.0","32.3","37.0","79.2","32.0","16.3","144.0","3.97","4.46","0.22","8.6","17","92.4","0.135","0.451","3.3"
"IsoSpeed Pulse 17","62","Slow","Polyester","1.2","1.22","3.9","6.1","8.5","32.15","41.5","20.0","22.3","54.2","13.6","","225.2","10.94","18.65","-0.22","29.3","47.6","99.2","NA","NA","NA"
"IsoSpeed Pulse 17","62","Medium","Polyester","1.2","1.22","3.9","6.1","8.5","32.66","37.5","27.0","37.5","70.1","23.6","","209.7","10.94","18.14","0.25","29.3","47.5","91.6","NA","NA","NA"
"IsoSpeed Pulse 17","62","Fast","Polyester","1.2","1.22","3.9","6.1","8.5","32.66","35.6","32.0","46.7","79.4","31.8","","185.7","10.94","18.14","0.53","29.5","48","86.1","NA","NA","NA"
"IsoSpeed Pulse 17","51","Slow","Polyester","1.2","1.22","3.9","6.1","8.5","22.82","45.2","22.0","23.8","46.5","12.8","","200.0","9.04","18.86","-0.20","27.8","54.6","92.4","NA","NA","NA"
"IsoSpeed Pulse 17","51","Medium","Polyester","1.2","1.22","3.9","6.1","8.5","23.31","40.8","29.4","36.2","59.5","21.9","","170.3","9.04","18.37","0.51","28.0","55","86.9","NA","NA","NA"
"IsoSpeed Pulse 17","51","Fast","Polyester","1.2","1.22","3.9","6.1","8.5","23.26","38.7","34.2","45.9","69.0","29.5","","159.4","9.04","18.42","0.72","28.2","55.6","83.0","NA","NA","NA"
"IsoSpeed Pulse 17","40","Slow","Polyester","1.2","1.22","3.9","6.1","8.5","13.45","51.0","24.3","24.7","38.1","11.6","","170.9","7.96","18.28","0.11","26.2","66.4","89.7","NA","NA","NA"
"IsoSpeed Pulse 17","40","Medium","Polyester","1.2","1.22","3.9","6.1","8.5","13.87","45.9","32.1","35.5","49.4","19.8","","140.0","7.96","17.86","0.55","26.5","66.4","79.9","NA","NA","NA"
"IsoSpeed Pulse 17","40","Fast","Polyester","1.2","1.22","3.9","6.1","8.5","13.83","43.4","38.0","44.3","58.0","27.6","","124.6","7.96","17.90","0.60","26.5","66.7","76.9","NA","NA","NA"
"SuperString Pure Control V8 17","62","Slow","Polyester","1.2","1.30","7.0","9.1","11.5","36.87","39.4","18.8","20.7","57.6","13.5","","237.2","9.77","15.10","-0.17","24.7","40","97.2","NA","NA","NA"
"SuperString Pure Control V8 17","62","Medium","Polyester","1.2","1.30","7.0","9.1","11.5","37.18","35.8","26.0","36.2","73.2","23.8","","217.2","9.77","14.79","0.11","24.7","40","92.5","NA","NA","NA"
"SuperString Pure Control V8 17","62","Fast","Polyester","1.2","1.30","7.0","9.1","11.5","37.15","33.8","30.8","47.8","85.1","32.7","","205.7","9.77","14.82","0.44","25.1","40.5","89.5","NA","NA","NA"
"SuperString Pure Control V8 17","51","Slow","Polyester","1.2","1.30","7.0","9.1","11.5","24.98","44.3","21.6","21.6","46.7","12.6","","189.2","10.25","15.49","-0.29","25.4","50.2","96.8","NA","NA","NA"
"SuperString Pure Control V8 17","51","Medium","Polyester","1.2","1.30","7.0","9.1","11.5","25.62","39.6","28.2","36.2","61.7","21.8","","185.7","10.25","14.85","0.22","25.4","49.9","90.2","NA","NA","NA"
"SuperString Pure Control V8 17","51","Fast","Polyester","1.2","1.30","7.0","9.1","11.5","25.62","37.3","34.0","46.3","71.9","30.5","","162.9","10.25","14.85","0.42","25.6","50.3","84.6","NA","NA","NA"
"SuperString Pure Control V8 17","40","Slow","Polyester","1.2","1.30","7.0","9.1","11.5","16.32","49.7","24.0","22.1","38.4","11.5","","155.4","8.31","15.06","-0.13","23.2","58.6","92.4","NA","NA","NA"
"SuperString Pure Control V8 17","40","Medium","Polyester","1.2","1.30","7.0","9.1","11.5","16.85","44.5","32.0","33.7","50.7","20.3","","134.3","8.31","14.53","0.38","23.2","58.5","84.3","NA","NA","NA"
"SuperString Pure Control V8 17","40","Fast","Polyester","1.2","1.30","7.0","9.1","11.5","16.82","42.0","37.8","41.9","58.7","27.7","","119.4","8.31","14.56","0.48","23.4","58.8","79.2","NA","NA","NA"
"IsoSpeed Pyramid 16","62","Slow","Polyester","1.3","1.30","2.7","3.9","6.1","32.44","40.7","19.9","24.5","56.9","14.1","","252.6","11.31","17.99","-0.17","29.1","47.2","93.5","0.081","0.571","7"
"IsoSpeed Pyramid 16","62","Medium","Polyester","1.3","1.30","2.7","3.9","6.1","32.81","36.8","26.1","39.7","72.5","23.7","","236.0","11.31","17.62","0.31","29.3","47.4","90.8","0.081","0.571","7"
"IsoSpeed Pyramid 16","62","Fast","Polyester","1.3","1.30","2.7","3.9","6.1","32.79","34.8","31.7","50.3","83.1","33.0","","203.5","11.31","17.64","0.77","29.8","48.1","85.7","0.081","0.571","7"
"IsoSpeed Pyramid 16","51","Slow","Polyester","1.3","1.30","2.7","3.9","6.1","21.65","45.0","22.0","25.8","47.4","13.0","","216.0","10.32","18.75","-0.20","28.9","56.9","92.5","0.081","0.571","7"
"IsoSpeed Pyramid 16","51","Medium","Polyester","1.3","1.30","2.7","3.9","6.1","22.14","40.4","29.0","39.9","62.2","22.5","","193.2","10.32","18.26","0.42","28.9","57.2","86.9","0.081","0.571","7"
"IsoSpeed Pyramid 16","51","Fast","Polyester","1.3","1.30","2.7","3.9","6.1","22.09","38.2","34.0","49.8","71.9","30.6","","174.9","10.32","18.31","0.79","29.3","58","83.5","0.081","0.571","7"
"IsoSpeed Pyramid 16","40","Slow","Polyester","1.3","1.30","2.7","3.9","6.1","14.16","49.3","24.0","27.1","41.5","12.4","","192.0","7.54","17.99","0.00","25.6","64.3","90.2","0.081","0.571","7"
"IsoSpeed Pyramid 16","40","Medium","Polyester","1.3","1.30","2.7","3.9","6.1","14.24","44.0","31.9","40.4","54.7","21.8","","161.2","7.54","17.91","0.19","25.6","64.6","82.1","0.081","0.571","7"
"IsoSpeed Pyramid 16","40","Fast","Polyester","1.3","1.30","2.7","3.9","6.1","14.46","41.6","36.8","48.5","63.1","29.0","","145.2","7.54","17.69","0.70","26.0","65.3","76.2","0.081","0.571","7"
"Y-Tex Quadro Twist 16L","40","Slow","Polyester","1.26","NA","2.4","4.5","6.1","12.92","51.0","24.8","26.5","39.5","12.2","5.4","176.0","6.99","19.78","0.11","26.9","67.7","90.1","0.069","0.425","6.2"
"Y-Tex Quadro Twist 16L","40","Medium","Polyester","1.26","NA","2.4","4.5","6.1","13.47","45.1","32.3","37.9","51.4","20.8","9.2","148.0","6.99","19.23","0.66","26.9","67.7","78.7","0.069","0.425","6.2"
"Y-Tex Quadro Twist 16L","40","Fast","Polyester","1.26","NA","2.4","4.5","6.1","13.52","42.6","38.0","45.6","59.1","28.1","12.2","128.0","6.99","19.18","0.80","26.9","67.9","74.8","0.069","0.425","6.2"
"Y-Tex Quadro Twist 16L","51","Slow","Polyester","1.26","NA","2.4","4.5","6.1","25.82","44.1","21.5","24.9","50.7","13.6","6.6","219.5","8.82","16.08","-0.38","24.5","48.3","95.1","0.069","0.425","6.2"
"Y-Tex Quadro Twist 16L","51","Medium","Polyester","1.26","NA","2.4","4.5","6.1","26.88","38.5","28.2","40.1","67.0","23.6","11.1","205.2","8.82","15.02","0.29","24.0","47.6","90.6","0.069","0.425","6.2"
"Y-Tex Quadro Twist 16L","51","Fast","Polyester","1.26","NA","2.4","4.5","6.1","26.83","36.3","33.8","49.8","76.7","32.4","14.8","177.7","8.82","15.07","0.70","24.5","48.5","84.8","0.069","0.425","6.2"
"Y-Tex Quadro Twist 16L","62","Slow","Polyester","1.26","NA","2.4","4.5","6.1","40.00","39.4","17.7","21.6","61.7","13.6","7.5","281.8","7.72","14.02","-0.33","21.4","34.7","97.2","0.069","0.425","6.2"
"Y-Tex Quadro Twist 16L","62","Medium","Polyester","1.26","NA","2.4","4.5","6.1","40.59","35.0","26.0","38.4","78.9","25.7","12.5","230.9","7.72","13.43","0.11","21.2","34.4","93.1","0.069","0.425","6.2"
"Y-Tex Quadro Twist 16L","62","Fast","Polyester","1.26","NA","2.4","4.5","6.1","40.59","33.0","30.4","48.7","89.3","34.0","16.4","214.3","7.72","13.43","0.59","21.8","35.2","88.9","0.069","0.425","6.2"
"Tourna Quasi Gut 17","51","Fast","Nylon","1.26","NA","2.1","4.2","6.1","38.34","36.2","33.7","36.2","74.5","31.3","15.2","129.2","4.19","8.19","0.17","12.6","24.7","91.4","0.101","0.524","5.2"
"Tourna Quasi-Gut 16","62","Slow","Nylon","1.3","1.35","7.3","8.5","9.7","48.29","37.1","17.3","14.1","62.4","13.5","","190.9","6.92","6.53","0.00","13.5","21.8","98.2","0.128","NA","NA"
"Tourna Quasi-Gut 16","62","Medium","Nylon","1.3","1.35","7.3","8.5","9.7","48.16","34.5","24.1","28.9","77.0","23.2","","201.7","6.92","6.66","0.05","13.7","22.1","96.0","0.128","NA","NA"
"Tourna Quasi-Gut 16","62","Fast","Nylon","1.3","1.35","7.3","8.5","9.7","48.00","32.8","29.9","39.9","88.0","32.8","","181.7","6.92","6.82","0.24","13.9","22.6","93.9","0.128","NA","NA"
"Tourna Quasi-Gut 16","51","Slow","Nylon","1.3","1.35","7.3","8.5","9.7","38.63","40.4","9.0","15.0","53.6","6.0","","749.2","5.80","6.29","-0.05","12.1","23.7","96.4","0.128","NA","NA"
"Tourna Quasi-Gut 16","51","Medium","Nylon","1.3","1.35","7.3","8.5","9.7","38.61","37.0","26.1","28.4","67.0","21.9","","169.2","5.80","6.31","0.04","12.1","24","94.3","0.128","NA","NA"
"Tourna Quasi-Gut 16","51","Fast","Nylon","1.3","1.35","7.3","8.5","9.7","38.54","35.0","32.0","38.8","77.4","30.9","","154.3","5.80","6.38","0.17","12.3","24.3","90.4","0.128","NA","NA"
"Tourna Quasi-Gut 16","40","Slow","Nylon","1.3","1.35","7.3","8.5","9.7","28.66","44.6","21.3","15.4","44.1","11.7","","138.3","5.29","5.74","0.00","11.0","27.8","95.5","0.128","NA","NA"
"Tourna Quasi-Gut 16","40","Medium","Nylon","1.3","1.35","7.3","8.5","9.7","28.64","40.5","29.1","28.7","57.3","20.8","","137.7","5.29","5.76","0.02","11.0","27.9","94.5","0.128","NA","NA"
"Tourna Quasi-Gut 16","40","Fast","Nylon","1.3","1.35","7.3","8.5","9.7","28.60","38.2","34.2","38.1","66.8","28.6","","132.0","5.29","5.80","0.11","11.2","28.2","89.1","0.128","NA","NA"
"Tourna Quasi-Gut Armor 16","51","Fast","Nylon/Polyester","1.3","NA","7.3","5.5","4.5","44.10","34.4","32.0","38.6","82.7","33.1","16.2","153.2","2.91","3.71","0.09","6.6","13.2","93.3","0.107","0.526","4.9"
"Tourna Quasi-Gut Armor 17","51","Fast","Nylon/Polyester","1.25","1.30","1.5","2.7","9.4","42.01","35.2","32.2","36.8","78.7","31.7","16.0","144.0","3.40","5.31","0.20","8.8","17.6","92.7","0.097","0.548","5.6"
"Double AR Raptor 1.27","51","Slow","Polyester","1.27","NA","1.2","1.8","2.4","39.49","39.1","18.4","23.6","63.1","14.5","7.5","282.3","3.31","7.92","-0.18","11.0","21.8","97.0","0.098","0.521","5.3"
"Double AR Raptor 1.27","40","Slow","Polyester","1.27","NA","1.2","1.8","2.4","24.52","43.5","21.3","28.4","52.9","14.1","6.6","254.3","5.05","10.12","-0.04","15.2","38.1","96.8","0.098","0.521","5.3"
"Double AR Raptor 1.27","40","Medium","Polyester","1.27","NA","1.2","1.8","2.4","24.83","37.9","28.1","46.3","71.2","25.0","11.5","239.5","5.05","9.81","0.29","15.2","38.2","91.8","0.098","0.521","5.3"
"Double AR Raptor 1.27","40","Fast","Polyester","1.27","NA","1.2","1.8","2.4","24.78","35.4","33.3","58.7","83.3","34.7","15.6","214.9","5.05","9.86","0.37","15.2","38.5","87.0","0.098","0.521","5.3"
"Double AR Raptor 1.27","62","Slow","Polyester","1.27","NA","1.2","1.8","2.4","49.35","36.8","17.9","21.2","70.6","15.8","8.0","269.7","3.11","9.28","-0.13","12.3","19.9","97.6","0.098","0.521","5.3"
"Double AR Raptor 1.27","51","Medium","Polyester","1.27","NA","1.2","1.8","2.4","39.69","34.8","26.0","41.9","81.6","26.5","12.8","252.6","3.31","7.72","0.07","11.0","21.9","93.1","0.098","0.521","5.3"
"Double AR Raptor 1.27","51","Fast","Polyester","1.27","NA","1.2","1.8","2.4","39.78","32.7","30.1","53.1","92.8","34.9","16.5","238.3","3.31","7.63","0.38","11.2","22.3","89.5","0.098","0.521","5.3"
"Double AR Raptor 1.27","62","Medium","Polyester","1.27","NA","1.2","1.8","2.4","49.57","33.1","24.1","38.8","88.4","26.6","13.7","272.0","3.11","9.06","0.13","12.3","19.9","95.8","0.098","0.521","5.3"
"Double AR Raptor 1.27","62","Fast","Polyester","1.27","NA","1.2","1.8","2.4","49.46","31.2","29.0","50.5","99.9","36.2","18.4","243.5","3.11","9.17","0.38","12.6","20.5","90.2","0.098","0.521","5.3"
"Tecnifibre Razor Code 16 (1.30)","40","Slow","Polyester","1.3","NA","1.5","2.7","3.3","18.30","45.6","22.0","30.4","48.7","13.4","6.3","255.5","5.95","15.44","-0.02","21.4","53.8","95.5","0.09","0.376","4.2"
"Tecnifibre Razor Code 16 (1.30)","40","Medium","Polyester","1.3","NA","1.5","2.7","3.3","18.72","39.7","29.6","47.6","66.4","24.6","10.7","220.0","5.95","15.02","0.35","21.4","53.7","86.5","0.09","0.376","4.2"
"Tecnifibre Razor Code 16 (1.30)","40","Fast","Polyester","1.3","NA","1.5","2.7","3.3","18.72","37.0","34.0","59.3","77.8","33.1","14.5","208.6","5.95","15.02","0.53","21.6","54.2","80.3","0.09","0.376","4.2"
"Tecnifibre Razor Code 16 (1.30)","51","Slow","Polyester","1.3","NA","1.5","2.7","3.3","34.11","40.0","19.4","26.2","60.4","14.6","7.1","284.6","5.36","11.25","-0.18","16.3","32.4","97.6","0.09","0.376","4.2"
"Tecnifibre Razor Code 16 (1.30)","51","Medium","Polyester","1.3","NA","1.5","2.7","3.3","34.55","35.3","27.0","45.0","79.6","26.8","15.5","251.5","5.36","10.81","0.15","16.3","32.2","91.0","0.09","0.376","4.2"
"Tecnifibre Razor Code 16 (1.30)","51","Fast","Polyester","1.3","NA","1.5","2.7","3.3","34.55","33.1","31.0","57.3","91.9","35.6","16.5","242.9","5.36","10.81","0.39","16.5","32.7","87.8","0.09","0.376","4.2"
"Tecnifibre Razor Code 16 (1.30)","62","Slow","Polyester","1.3","NA","1.5","2.7","3.3","47.03","36.7","17.8","23.2","70.3","15.7","8.1","297.2","4.76","9.95","-0.22","14.6","23.5","98.6","0.09","0.376","4.2"
"Tecnifibre Razor Code 16 (1.30)","62","Medium","Polyester","1.3","NA","1.5","2.7","3.3","47.32","32.8","24.0","42.1","89.3","26.8","13.3","296.6","4.76","9.66","0.13","14.6","23.6","94.9","0.09","0.376","4.2"
"Tecnifibre Razor Code 16 (1.30)","62","Fast","Polyester","1.3","NA","1.5","2.7","3.3","47.30","31.0","28.5","55.1","102.3","36.5","17.6","275.5","4.76","9.68","0.44","15.0","24.1","91.2","0.09","0.376","4.2"
"Tecnifibre Razor Code 17 (1.25)","51","Fast","Polyester","1.25","NA","2.1","6.1","3.3","35.94","33.4","31.0","54.2","90.2","34.9","16.3","229.2","4.06","10.72","0.22","15.0","29.6","88.7","0.086","0.48","5.6"
"Tecnifibre Razor Code 18 (1.20)","51","Fast","Polyester","1.2","1.16","NA","7.0","4.5","36.71","33.6","31.1","51.4","88.2","34.2","16.6","216.6","3.64","10.37","0.35","14.3","28.3","88.7","0.083","0.509","6.1"
"Tecnifibre Razor Soft 17 (1.25)","51","Fast","Polyester","1.25","1.14","5.8","3.3","4.8","34.18","34.0","31.7","52.5","86.7","34.4","16.1","212.0","5.14","11.40","0.36","17.0","33.3","88.4","0.07","0.517","7.4"
"Tecnifibre Razor Spin 17/1.25","51","Fast","Polyester","1.25","1.40","7.9","3.0","10.3","37.48","33.4","31.0","52.7","90.2","34.9","16.3","222.3","4.54","8.70","0.19","13.5","26.5","89.9","0.072","0.622","8.6"
"Wilson Reaction 16","62","Slow","Nylon","1.3","1.31","7.6","8.8","10.0","47.19","38.5","18.0","13.9","61.1","13.7","","173.2","7.21","7.34","0.03","14.6","23.6","94.1","0.177","0.424","2.4"
"Wilson Reaction 16","62","Medium","Nylon","1.3","1.31","7.6","8.8","10.0","47.08","35.5","25.9","28.9","76.1","24.6","","176.0","7.21","7.45","0.07","14.8","23.9","95.5","0.177","0.424","2.4"
"Wilson Reaction 16","62","Fast","Nylon","1.3","1.31","7.6","8.8","10.0","46.90","33.6","30.6","39.5","86.2","33.0","","170.3","7.21","7.63","0.20","15.0","24.4","92.4","0.177","0.424","2.4"
"Wilson Reaction 16","51","Slow","Nylon","1.3","1.31","7.6","8.8","10.0","37.66","41.9","19.5","14.1","51.8","12.7","","150.3","6.17","6.89","-0.02","13.0","25.7","96.0","0.177","0.424","2.4"
"Wilson Reaction 16","51","Medium","Nylon","1.3","1.31","7.6","8.8","10.0","37.64","38.1","27.9","28.7","66.4","23.1","","150.3","6.17","6.91","0.07","13.2","25.9","94.9","0.177","0.424","2.4"
"Wilson Reaction 16","51","Fast","Nylon","1.3","1.31","7.6","8.8","10.0","37.53","35.9","33.0","39.0","76.5","31.5","","146.3","6.17","7.02","0.20","13.5","26.4","91.4","0.177","0.424","2.4"
"Wilson Reaction 16","40","Slow","Nylon","1.3","1.31","7.6","8.8","10.0","28.33","46.0","21.8","15.2","43.4","11.8","","129.7","5.14","6.22","0.00","11.2","28.6","95.6","0.177","0.424","2.4"
"Wilson Reaction 16","40","Medium","Nylon","1.3","1.31","7.6","8.8","10.0","28.33","41.3","30.0","29.1","57.6","21.6","","131.4","5.14","6.22","0.06","11.5","28.8","91.8","0.177","0.424","2.4"
"Wilson Reaction 16","40","Fast","Nylon","1.3","1.31","7.6","8.8","10.0","28.29","39.0","35.9","38.4","66.6","29.9","","121.2","5.14","6.26","0.13","11.5","29.1","88.9","0.177","0.424","2.4"
"Prince Recoil 16","62","Slow","Nylon","1.3","1.36","7.3","8.5","9.4","49.17","37.3","17.3","15.7","64.8","14.0","","211.5","7.12","5.45","-0.11","12.3","20.2","96.6","0.098","0.331","3.4"
"Prince Recoil 16","62","Medium","Nylon","1.3","1.36","7.3","8.5","9.4","49.02","33.7","26.1","35.5","84.5","27.6","","212.0","7.12","5.60","0.29","13.0","21.1","95.1","0.098","0.331","3.4"
"Prince Recoil 16","62","Fast","Nylon","1.3","1.36","7.3","8.5","9.4","48.66","32.0","31.0","47.4","96.1","37.2","","200.6","7.12","5.96","0.33","13.5","21.7","94.1","0.098","0.331","3.4"
"Prince Recoil 16","51","Slow","Nylon","1.3","1.36","7.3","8.5","9.4","39.38","40.4","19.0","15.9","55.1","13.1","","178.3","6.22","5.12","0.02","11.2","22.4","97.8","0.098","0.331","3.4"
"Prince Recoil 16","51","Medium","Nylon","1.3","1.36","7.3","8.5","9.4","39.20","35.9","28.1","35.5","74.7","26.2","","182.9","6.22","5.30","0.06","11.5","22.8","94.9","0.098","0.331","3.4"
"Prince Recoil 16","51","Fast","Nylon","1.3","1.36","7.3","8.5","9.4","39.05","34.0","33.0","46.5","85.6","35.3","","173.7","6.22","5.45","0.40","12.1","23.8","91.4","0.098","0.331","3.4"
"Prince Recoil 16","40","Slow","Nylon","1.3","1.36","7.3","8.5","9.4","28.22","45.1","21.6","17.0","45.2","12.2","","149.2","5.98","5.49","0.06","11.5","29.1","97.2","0.098","0.331","3.4"
"Prince Recoil 16","40","Medium","Nylon","1.3","1.36","7.3","8.5","9.4","28.11","39.4","31.4","36.4","64.4","25.3","","149.2","5.98","5.60","0.17","11.7","29.6","91.6","0.098","0.331","3.4"
"Prince Recoil 16","40","Fast","Nylon","1.3","1.36","7.3","8.5","9.4","27.98","37.2","36.0","46.3","74.3","33.5","","145.2","5.98","5.73","0.24","11.9","30.1","88.2","0.098","0.331","3.4"
"Wilson Red Alert 16","62","Slow","Nylon","1.32","1.36","6.7","8.2","9.1","52.28","35.7","16.6","15.2","67.5","14.0","","225.7","6.75","2.71","-0.09","9.3","15.2","95.8","0.137","0.409","3"
"Wilson Red Alert 16","62","Medium","Nylon","1.32","1.36","6.7","8.2","9.1","51.95","33.1","23.5","30.9","82.9","24.4","","227.5","6.75","3.04","0.04","9.9","15.9","95.5","0.137","0.409","3"
"Wilson Red Alert 16","62","Fast","Nylon","1.32","1.36","6.7","8.2","9.1","51.57","31.3","28.1","43.9","95.5","33.6","","225.7","6.75","3.42","0.50","10.6","17.3","94.5","0.137","0.409","3"
"Wilson Red Alert 16","51","Slow","Nylon","1.32","1.36","6.7","8.2","9.1","41.41","39.1","18.2","16.5","58.0","13.2","","201.7","6.39","2.92","0.00","9.3","18.3","97.0","0.137","0.409","3"
"Wilson Red Alert 16","51","Medium","Nylon","1.32","1.36","6.7","8.2","9.1","41.15","35.6","25.5","32.2","73.2","23.4","","200.6","6.39","3.18","0.07","9.7","19","93.9","0.137","0.409","3"
"Wilson Red Alert 16","51","Fast","Nylon","1.32","1.36","6.7","8.2","9.1","40.92","33.5","30.7","44.3","85.3","32.8","","190.9","6.39","3.41","0.24","9.9","19.8","92.7","0.137","0.409","3"
"Wilson Red Alert 16","40","Slow","Nylon","1.32","1.36","6.7","8.2","9.1","30.25","43.4","20.4","16.3","46.5","11.9","","158.9","5.67","3.77","0.00","9.5","23.8","95.6","0.137","0.409","3"
"Wilson Red Alert 16","40","Medium","Nylon","1.32","1.36","6.7","8.2","9.1","30.14","39.1","28.2","31.8","62.0","21.8","","161.7","5.67","3.88","0.09","9.7","24.3","92.5","0.137","0.409","3"
"Wilson Red Alert 16","40","Fast","Nylon","1.32","1.36","6.7","8.2","9.1","29.94","36.6","33.2","43.7","73.6","30.6","","160.6","5.67","4.08","0.15","9.9","24.9","89.3","0.137","0.409","3"
"Weiss Cannon Red Ghost 17L (1.18)","51","Fast","Polyester","1.18","1.32","6.7","9.1","9.7","33.76","35.0","32.1","48.3","82.0","33.0","15.6","189.7","3.59","13.37","0.27","17.2","34","87.2","0.073","0.622","8.5"
"Head Reflex MLT 16 (1.30)","40","Slow","Nylon","1.3","NA","7.3","8.8","10.0","28.58","43.6","20.2","15.4","43.9","11.1","6.7","152.6","5.38","5.73","-0.06","11.0","27.8","98.4","0.107","0.547","5.1"
"Head Reflex MLT 16 (1.30)","40","Medium","Nylon","1.3","NA","7.3","8.8","10.0","28.60","39.4","28.6","28.7","57.3","20.5","10.7","142.3","5.38","5.71","0.07","11.2","28.1","91.2","0.107","0.547","5.1"
"Head Reflex MLT 16 (1.30)","40","Fast","Nylon","1.3","NA","7.3","8.8","10.0","28.51","37.4","34.0","37.5","66.2","28.1","14.5","132.0","5.38","5.80","0.18","11.2","28.6","89.7","0.107","0.547","5.1"
"Head Reflex MLT 16 (1.30)","51","Slow","Nylon","1.3","NA","7.3","8.8","10.0","39.49","39.2","20.0","14.1","53.6","13.4","7.3","143.4","5.01","6.22","-0.05","11.2","22","96.2","0.107","0.547","5.1"
"Head Reflex MLT 16 (1.30)","51","Medium","Nylon","1.3","NA","7.3","8.8","10.0","39.36","35.9","26.0","28.0","67.5","21.9","12.1","168.6","5.01","6.35","0.07","11.5","22.5","95.6","0.107","0.547","5.1"
"Head Reflex MLT 16 (1.30)","51","Fast","Nylon","1.3","NA","7.3","8.8","10.0","38.70","34.2","31.2","38.4","77.2","30.1","16.3","159.4","5.01","7.01","0.16","12.1","24","90.2","0.107","0.547","5.1"
"Head Reflex MLT 16 (1.30)","62","Slow","Nylon","1.3","NA","7.3","8.8","10.0","50.23","35.7","16.2","13.2","63.5","12.8","8.2","203.5","5.14","6.37","0.02","11.5","18.7","99.4","0.107","0.547","5.1"
"Head Reflex MLT 16 (1.30)","62","Medium","Nylon","1.3","NA","7.3","8.8","10.0","49.81","33.3","24.0","27.3","77.2","23.1","13.2","192.6","5.14","6.79","0.02","11.9","19.4","97.0","0.107","0.547","5.1"
"Head Reflex MLT 16 (1.30)","62","Fast","Nylon","1.3","NA","7.3","8.8","10.0","49.52","31.8","29.0","37.3","86.7","31.4","17.3","180.0","5.14","7.08","0.24","12.3","20.2","91.8","0.107","0.547","5.1"
"Head Reflex MLT 17 (1.25)","51","Fast","Nylon","1.25","NA","1.8","3.3","10.0","41.01","35.2","32.3","36.4","77.4","31.3","15.9","141.2","3.66","6.05","0.13","9.9","19.4","93.1","0.107","0.501","4.7"
"Gamma Revelation 16","62","Slow","Nylon/Zyex","1.32","1.31","NA","NA","10.3","48.91","37.4","17.3","13.9","62.8","13.6","","189.7","7.81","5.02","0.05","12.8","20.9","97.8","NA","NA","NA"
"Gamma Revelation 16","62","Medium","Nylon/Zyex","1.32","1.31","NA","NA","10.3","48.51","34.6","25.0","29.3","77.8","24.4","","191.5","7.81","5.42","0.07","13.2","21.5","98.2","NA","NA","NA"
"Gamma Revelation 16","62","Fast","Nylon/Zyex","1.32","1.31","NA","NA","10.3","48.09","32.8","30.0","41.5","89.5","33.6","","186.9","7.81","5.84","0.24","13.9","22.5","95.5","NA","NA","NA"
"Gamma Revelation 16","51","Slow","Nylon/Zyex","1.32","1.31","NA","NA","10.3","38.37","40.9","19.0","15.4","53.8","12.8","","172.6","7.50","4.85","0.00","12.3","24.3","98.8","NA","NA","NA"
"Gamma Revelation 16","51","Medium","Nylon/Zyex","1.32","1.31","NA","NA","10.3","38.15","37.2","27.0","30.4","68.6","23.1","","169.2","7.50","5.07","0.05","12.6","24.9","95.5","NA","NA","NA"
"Gamma Revelation 16","51","Fast","Nylon/Zyex","1.32","1.31","NA","NA","10.3","37.93","35.1","32.1","41.0","78.9","31.7","","162.3","7.50","5.29","0.22","13.0","25.7","92.5","NA","NA","NA"
"Gamma Revelation 16","40","Slow","Nylon/Zyex","1.32","1.31","NA","NA","10.3","28.05","45.8","21.8","15.7","43.7","11.9","","134.3","6.88","4.76","-0.04","11.7","29.2","96.4","NA","NA","NA"
"Gamma Revelation 16","40","Medium","Nylon/Zyex","1.32","1.31","NA","NA","10.3","28.00","40.8","30.0","30.0","58.0","21.8","","135.4","6.88","4.81","0.06","11.7","29.6","94.1","NA","NA","NA"
"Gamma Revelation 16","40","Fast","Nylon/Zyex","1.32","1.31","NA","NA","10.3","27.89","38.4","35.2","39.5","67.5","29.7","","129.7","6.88","4.92","0.22","11.9","30.3","90.1","NA","NA","NA"
"Gamma Revelation 17 (1.27)","51","Fast","Nylon","1.27","1.31","NA","NA","10.3","41.01","35.2","32.5","37.7","78.7","31.9","15.8","145.7","4.85","4.86","0.13","9.9","19.4","93.1","0.121","0.449","3.7"
"Babolat Revenge 16","62","Slow","Polyester","1.3","NA","1.2","2.4","2.7","41.83","36.1","17.0","26.9","68.8","14.6","","377.8","8.60","11.31","-0.37","19.6","31.6","95.8","NA","NA","NA"
"Babolat Revenge 16","62","Medium","Polyester","1.3","NA","1.2","2.4","2.7","42.40","32.8","23.8","45.9","88.4","26.3","","329.8","8.60","10.74","0.24","19.6","31.7","94.3","NA","NA","NA"
"Babolat Revenge 16","62","Fast","Polyester","1.3","NA","1.2","2.4","2.7","42.38","31.0","28.0","58.9","101.4","35.5","","305.8","8.60","10.76","0.57","19.8","32.3","88.5","NA","NA","NA"
"Babolat Revenge 16","51","Slow","Polyester","1.3","NA","1.2","2.4","2.7","31.99","38.8","18.2","28.7","60.6","13.8","","350.9","6.62","12.11","-0.09","18.5","36.7","94.3","NA","NA","NA"
"Babolat Revenge 16","51","Medium","Polyester","1.3","NA","1.2","2.4","2.7","32.41","34.9","25.3","47.8","80.3","25.4","","304.0","6.62","11.69","0.31","18.5","36.7","90.4","NA","NA","NA"
"Babolat Revenge 16","51","Fast","Polyester","1.3","NA","1.2","2.4","2.7","32.37","33.0","30.0","61.1","93.5","35.1","","276.0","6.62","11.73","0.79","19.2","37.7","86.5","NA","NA","NA"
"Babolat Revenge 16","40","Slow","Polyester","1.3","NA","1.2","2.4","2.7","21.26","42.2","20.1","32.0","53.1","13.4","","321.2","5.60","12.83","-0.06","18.3","46.3","91.0","NA","NA","NA"
"Babolat Revenge 16","40","Medium","Polyester","1.3","NA","1.2","2.4","2.7","21.65","37.5","27.2","49.6","71.2","24.2","","273.7","5.60","12.44","0.37","18.5","46.4","87.2","NA","NA","NA"
"Babolat Revenge 16","40","Fast","Polyester","1.3","NA","1.2","2.4","2.7","21.61","35.1","32.0","62.6","84.2","33.7","","248.6","5.60","12.48","0.40","18.5","46.6","81.7","NA","NA","NA"
"Babolat Revenge 17","62","Slow","Polyester","1.25","1.27","1.8","2.7","3.9","37.71","38.1","18.0","25.8","63.5","14.3","","324.0","9.81","14.22","-0.26","23.8","38.5","97.0","NA","NA","NA"
"Babolat Revenge 17","62","Medium","Polyester","1.25","1.27","1.8","2.7","3.9","38.21","34.4","24.7","44.1","82.2","25.4","","294.3","9.81","13.72","0.26","23.8","38.5","90.8","NA","NA","NA"
"Babolat Revenge 17","62","Fast","Polyester","1.25","1.27","1.8","2.7","3.9","38.21","32.6","29.8","56.4","94.6","35.2","","258.9","9.81","13.72","0.57","24.0","39","88.7","NA","NA","NA"
"Babolat Revenge 17","51","Slow","Polyester","1.25","1.27","1.8","2.7","3.9","26.06","41.8","20.0","28.0","54.0","13.5","","284.0","8.71","15.95","-0.18","24.5","48.3","94.7","NA","NA","NA"
"Babolat Revenge 17","51","Medium","Polyester","1.25","1.27","1.8","2.7","3.9","26.55","37.6","27.0","44.8","71.2","24.1","","249.7","8.71","15.46","0.31","24.5","48.3","88.2","NA","NA","NA"
"Babolat Revenge 17","51","Fast","Polyester","1.25","1.27","1.8","2.7","3.9","26.57","35.5","32.0","56.0","82.7","33.0","","222.3","8.71","15.44","0.57","24.7","48.7","80.6","NA","NA","NA"
"Babolat Revenge 17","40","Slow","Polyester","1.25","1.27","1.8","2.7","3.9","17.68","45.4","22.1","29.8","47.4","13.1","","246.9","6.09","15.92","-0.14","21.8","55.1","91.0","NA","NA","NA"
"Babolat Revenge 17","40","Medium","Polyester","1.25","1.27","1.8","2.7","3.9","18.15","40.5","29.1","44.5","62.6","22.8","","214.3","6.09","15.45","0.36","21.8","55.2","84.8","NA","NA","NA"
"Babolat Revenge 17","40","Fast","Polyester","1.25","1.27","1.8","2.7","3.9","18.08","38.1","34.0","55.3","73.4","31.2","","194.3","6.09","15.52","0.44","22.1","55.6","78.5","NA","NA","NA"
"Solinco Revolution 16","62","Slow","Polyester","1.3","1.33","1.8","2.4","NA","37.11","38.3","18.1","25.4","62.4","14.1","","315.5","10.72","13.91","-0.29","24.3","39.4","95.1","0.07","0.451","6.4"
"Solinco Revolution 16","62","Medium","Polyester","1.3","1.33","1.8","2.4","NA","37.73","34.7","25.0","42.6","80.3","25.0","","277.7","10.72","13.29","0.29","24.3","39.4","92.5","0.07","0.451","6.4"
"Solinco Revolution 16","62","Fast","Polyester","1.3","1.33","1.8","2.4","NA","37.73","32.9","29.9","53.6","91.3","34.1","","243.5","10.72","13.29","0.60","24.7","39.9","87.2","0.07","0.451","6.4"
"Solinco Revolution 16","51","Slow","Polyester","1.3","1.33","1.8","2.4","NA","26.68","41.7","20.0","27.6","54.2","13.6","","281.2","8.33","15.71","-0.31","23.8","46.8","95.3","0.07","0.451","6.4"
"Solinco Revolution 16","51","Medium","Polyester","1.3","1.33","1.8","2.4","NA","27.32","37.4","26.8","43.7","71.0","23.8","","247.5","8.33","15.07","0.37","23.8","46.9","89.1","0.07","0.451","6.4"
"Solinco Revolution 16","51","Fast","Polyester","1.3","1.33","1.8","2.4","NA","27.30","35.4","32.0","54.5","81.8","32.7","","215.5","8.33","15.09","0.62","24.0","47.4","84.3","0.07","0.451","6.4"
"Solinco Revolution 16","40","Slow","Polyester","1.3","1.33","1.8","2.4","NA","18.06","45.2","22.0","28.9","46.7","12.9","","241.7","5.25","16.38","-0.04","21.6","54.4","94.1","0.07","0.451","6.4"
"Solinco Revolution 16","40","Medium","Polyester","1.3","1.33","1.8","2.4","NA","18.46","40.4","29.0","43.9","62.4","22.6","","212.6","5.25","15.98","0.38","21.6","54.4","86.9","0.07","0.451","6.4"
"Solinco Revolution 16","40","Fast","Polyester","1.3","1.33","1.8","2.4","NA","18.39","38.1","34.0","54.5","72.8","30.9","","191.5","5.25","16.05","0.53","21.8","55","79.6","0.07","0.451","6.4"
"Solinco Revolution 16L (1.25)","51","Fast","Polyester","1.25","1.24","1.8","3.6","5.8","36.49","33.7","31.5","52.0","88.6","34.9","16.4","212.6","4.12","10.11","0.20","14.3","28.4","88.5","0.068","0.542","8"
"Solinco Revolution 17","62","Slow","Polyester","1.2","1.25","2.1","3.6","5.5","35.46","39.5","19.0","24.0","59.5","14.1","","272.0","10.25","16.03","-0.33","26.0","42","95.3","0.072","0.476","6.6"
"Solinco Revolution 17","62","Medium","Polyester","1.2","1.25","2.1","3.6","5.5","36.03","35.8","25.9","39.2","75.4","24.4","","238.9","10.25","15.46","0.31","26.0","42.1","92.7","0.072","0.476","6.6"
"Solinco Revolution 17","62","Fast","Polyester","1.2","1.25","2.1","3.6","5.5","35.99","33.9","30.5","50.3","86.4","32.9","","220.6","10.25","15.50","0.71","26.5","42.9","87.4","0.072","0.476","6.6"
"Solinco Revolution 17","51","Slow","Polyester","1.2","1.25","2.1","3.6","5.5","25.47","43.1","20.7","25.8","51.2","13.2","","244.6","9.48","15.77","-0.04","25.1","49.7","92.9","0.072","0.476","6.6"
"Solinco Revolution 17","51","Medium","Polyester","1.2","1.25","2.1","3.6","5.5","25.89","38.8","28.0","40.4","66.2","23.2","","209.2","9.48","15.35","0.38","25.1","49.7","88.2","0.072","0.476","6.6"
"Solinco Revolution 17","51","Fast","Polyester","1.2","1.25","2.1","3.6","5.5","25.91","36.7","33.0","50.3","76.3","31.4","","188.6","9.48","15.33","0.55","25.4","50","83.4","0.072","0.476","6.6"
"Solinco Revolution 17","40","Slow","Polyester","1.2","1.25","2.1","3.6","5.5","15.79","47.7","23.1","26.7","42.6","12.3","","204.0","7.10","16.80","-0.02","23.8","60.2","90.6","0.072","0.476","6.6"
"Solinco Revolution 17","40","Medium","Polyester","1.2","1.25","2.1","3.6","5.5","16.14","42.7","30.8","40.8","56.9","21.9","","174.9","7.10","16.45","0.42","24.0","60.4","84.5","0.072","0.476","6.6"
"Solinco Revolution 17","40","Fast","Polyester","1.2","1.25","2.1","3.6","5.5","16.07","40.3","36.0","49.8","65.9","29.6","","156.0","7.10","16.52","0.37","24.0","60.4","77.3","0.072","0.476","6.6"
"Solinco Revolution 18 (1.16)","51","Fast","Polyester","1.16","1.33","2.1","3.3","NA","36.49","34.3","32.0","49.2","85.8","34.3","16.1","195.5","3.42","10.81","0.35","14.6","28.7","88.9","0.078","0.494","6.3"
"Wilson Revolve 15 (1.35)","51","Fast","Polyester","1.35","1.26","7.3","2.4","8.8","29.99","35.6","32.4","49.6","79.6","32.2","15.4","192.0","5.73","15.00","0.38","21.2","41.6","86.3","0.069","0.418","6.1"
"Wilson Revolve 16 (1.30)","51","Fast","Polyester","1.3","NA","7.3","7.6","3.9","28.11","36.1","33.2","49.8","78.1","32.4","14.9","184.0","6.48","16.13","0.33","22.9","45.2","85.2","0.06","0.43","7.2"
"Wilson Revolve 17 (1.25)","40","Slow","Polyester","1.25","NA","1.8","3.6","4.5","18.30","47.4","23.5","26.5","44.8","13.1","6.1","194.9","5.29","16.10","0.00","21.4","53.9","92.0","0.066","0.507","7.7"
"Wilson Revolve 17 (1.25)","40","Medium","Polyester","1.25","NA","1.8","3.6","4.5","18.76","41.7","30.6","39.9","58.7","22.4","10.3","173.7","5.29","15.64","0.44","21.4","53.8","85.4","0.066","0.507","7.7"
"Wilson Revolve 17 (1.25)","40","Fast","Polyester","1.25","NA","1.8","3.6","4.5","18.76","39.3","36.0","49.4","68.1","30.6","13.7","154.3","5.29","15.64","0.68","21.6","54.4","81.7","0.066","0.507","7.7"
"Wilson Revolve 17 (1.25)","51","Slow","Polyester","1.25","NA","1.8","3.6","4.5","32.52","43.9","20.0","22.9","55.3","13.8","10.4","232.6","5.95","12.25","-0.09","18.1","35.7","97.0","0.066","0.507","7.7"
"Wilson Revolve 17 (1.25)","51","Medium","Polyester","1.25","NA","1.8","3.6","4.5","32.85","37.1","27.8","38.8","71.7","24.9","12.2","204.6","5.95","11.92","0.15","18.1","35.5","92.5","0.066","0.507","7.7"
"Wilson Revolve 17 (1.25)","51","Fast","Polyester","1.25","NA","1.8","3.6","4.5","32.90","35.0","32.1","48.5","81.4","32.6","15.6","192.0","5.95","11.87","0.55","18.3","36.2","87.2","0.066","0.507","7.7"
"Wilson Revolve 17 (1.25)","62","Slow","Polyester","1.25","NA","1.8","3.6","4.5","42.12","38.9","18.3","20.9","63.1","14.4","7.5","253.7","6.17","13.45","-0.22","19.4","31.4","97.4","0.066","0.507","7.7"
"Wilson Revolve 17 (1.25)","62","Medium","Polyester","1.25","NA","1.8","3.6","4.5","42.56","34.8","26.0","37.5","80.0","26.0","12.6","226.3","6.17","13.01","0.18","19.4","31.4","93.5","0.066","0.507","7.7"
"Wilson Revolve 17 (1.25)","62","Fast","Polyester","1.25","NA","1.8","3.6","4.5","42.56","32.9","30.2","47.2","89.7","33.8","16.7","209.7","6.17","13.01","0.55","19.8","32","89.9","0.066","0.507","7.7"
"Wilson Revolve Spin 16","51","Fast","Polyester","1.3","NA","3.6","2.1","4.5","23.06","47.5","34.1","49.4","72.3","30.8","11.5","172.6","9.08","18.58","0.00","27.6","54.5","35.5","0.092","0.457","5"
"Yonex Rexis 16 (1.30)","51","Fast","Nylon","1.3","1.33","2.7","5.5","4.5","41.17","35.0","32.1","38.8","80.0","32.0","15.9","153.2","4.48","5.07","0.16","9.7","19.1","93.5","0.103","0.427","4.1"
"Yonex Rexis Comfort 16L (1.25)","51","Fast","Nylon","1.25","1.27","1.5","3.3","3.0","38.79","36.0","34.2","37.0","75.9","32.4","15.6","128.6","4.76","7.17","0.25","12.1","24","92.4","0.074","0.477","6.4"
"Yonex Rexis Speed 16L (1.25)","51","Fast","Nylon","1.25","1.21","2.1","5.5","8.8","36.12","36.9","34.0","35.7","71.9","30.5","15.1","125.7","5.20","9.40","0.18","14.8","29.1","91.8","0.094","0.531","5.6"
"Head RIP Control 16","62","Slow","Nylon/Polyolefin","1.3","1.45","NA","NA","6.7","49.86","37.2","17.0","13.2","63.1","13.4","","186.9","6.37","5.51","0.18","12.1","19.5","98.6","0.148","0.392","2.6"
"Head RIP Control 16","62","Medium","Nylon/Polyolefin","1.3","1.45","NA","NA","6.7","49.28","34.6","24.8","27.3","76.5","23.8","","180.6","6.37","6.09","0.09","12.6","20.3","96.0","0.148","0.392","2.6"
"Head RIP Control 16","62","Fast","Nylon/Polyolefin","1.3","1.45","NA","NA","6.7","49.00","32.9","29.0","37.9","86.9","31.5","","182.9","6.37","6.37","0.29","13.0","21.1","95.1","0.148","0.392","2.6"
"Head RIP Control 16","51","Slow","Nylon/Polyolefin","1.3","1.45","NA","NA","6.7","40.26","39.9","18.1","14.8","55.1","12.4","","184.0","5.36","5.10","0.06","10.6","20.7","97.4","0.148","0.392","2.6"
"Head RIP Control 16","51","Medium","Nylon/Polyolefin","1.3","1.45","NA","NA","6.7","39.93","36.7","26.0","28.9","68.8","22.4","","173.2","5.36","5.43","0.09","10.8","21.4","95.5","0.148","0.392","2.6"
"Head RIP Control 16","51","Fast","Nylon/Polyolefin","1.3","1.45","NA","NA","6.7","39.71","34.7","32.0","39.2","78.9","31.6","","156.6","5.36","5.65","0.26","11.2","22.2","91.2","0.148","0.392","2.6"
"Head RIP Control 16","40","Slow","Nylon/Polyolefin","1.3","1.45","NA","NA","6.7","29.24","44.3","20.9","17.4","46.7","12.2","","161.7","5.20","5.25","0.05","10.6","26.4","97.0","0.148","0.392","2.6"
"Head RIP Control 16","40","Medium","Nylon/Polyolefin","1.3","1.45","NA","NA","6.7","29.08","40.0","30.0","31.1","60.2","22.6","","140.6","5.20","5.41","0.13","10.8","27.1","93.9","0.148","0.392","2.6"
"Head Rip Control 17 (1.25)","51","Fast","Nylon/Polyolefin","1.25","1.3","NA","NA","3.3","41.61","35.3","32.3","35.3","77.0","31.1","15.8","137.7","3.31","5.80","0.16","9.3","18.3","93.7","0.117","0.489","4.2"
"Head RIP PerfectPower 16","51","Fast","Nylon/Polyolefin","1.31","1.35","NA","NA","7.3","39.25","35.0","32.0","39.5","78.7","31.5","","156.6","5.69","5.78","0.24","11.7","23.1","93.5","0.158","0.369","2.3"
"Head RIP PerfectPower 16","51","Medium","Nylon/Polyolefin","1.31","1.35","NA","NA","7.3","39.51","37.0","26.5","28.9","68.6","22.7","","168.6","5.69","5.52","0.11","11.2","22.3","94.7","0.158","0.369","2.3"
"Head RIP PerfectPower 16","51","Slow","Nylon/Polyolefin","1.31","1.35","NA","NA","7.3","39.69","40.4","18.3","14.3","54.0","12.4","","173.2","5.69","5.34","0.00","11.0","21.7","98.2","0.158","0.369","2.3"
"Head RIP PerfectPower 16","62","Fast","Nylon/Polyolefin","1.31","1.35","NA","NA","7.3","49.00","32.9","30.0","37.9","86.9","32.6","","170.9","6.44","6.30","0.31","13.0","21.1","93.1","0.158","0.369","2.3"
"Head RIP PerfectPower 16","62","Medium","Nylon/Polyolefin","1.31","1.35","NA","NA","7.3","49.30","34.6","25.0","27.6","77.0","24.0","","179.5","6.44","6.00","0.13","12.6","20.4","96.0","0.158","0.369","2.3"
"Head RIP PerfectPower 16","62","Slow","Nylon/Polyolefin","1.31","1.35","NA","NA","7.3","49.63","37.4","17.1","13.2","62.8","13.4","","184.0","6.44","5.67","0.00","12.1","19.6","96.4","0.158","0.369","2.3"
"Head RIP PerfectPower 16","40","Fast","Nylon/Polyolefin","1.31","1.35","NA","NA","7.3","28.00","38.2","35.0","40.8","68.8","30.1","","134.9","5.95","5.74","0.17","11.9","29.9","90.6","0.158","0.369","2.3"
"Head RIP PerfectPower 16","40","Slow","Nylon/Polyolefin","1.31","1.35","NA","NA","7.3","28.20","45.3","21.1","15.9","44.1","11.6","","145.2","5.95","5.54","0.00","11.5","28.9","96.4","0.158","0.369","2.3"
"Head RIP PerfectPower 16","40","Medium","Nylon/Polyolefin","1.31","1.35","NA","NA","7.3","28.16","40.6","29.7","30.2","58.2","21.6","","138.9","5.95","5.58","0.11","11.7","29.3","93.5","0.158","0.369","2.3"
"Wilson Ripspin 15","40","Slow","Polyester","1.35","NA","1.5","2.7","3.9","17.97","46.6","22.8","29.1","47.2","13.5","6.2","227.5","4.94","16.78","0.00","21.8","54.7","92.9","0.081","0.4","4.9"
"Wilson Ripspin 15","40","Medium","Polyester","1.35","NA","1.5","2.7","3.9","18.43","40.8","30.0","44.3","62.6","23.5","10.6","199.5","4.94","16.32","0.39","21.6","54.6","85.6","0.081","0.4","4.9"
"Wilson Ripspin 15","40","Fast","Polyester","1.35","NA","1.5","2.7","3.9","18.04","38.3","34.8","54.2","72.3","31.5","13.7","182.3","4.94","16.71","0.22","21.8","55.1","79.0","0.081","0.4","4.9"
"Wilson Ripspin 15","51","Slow","Polyester","1.35","NA","1.5","2.7","3.9","29.39","42.1","20.0","26.5","55.8","14.0","7.0","267.5","6.24","15.09","-0.27","21.2","41.5","98.0","0.081","0.4","4.9"
"Wilson Ripspin 15","51","Medium","Polyester","1.35","NA","1.5","2.7","3.9","30.14","37.0","27.1","43.0","73.2","24.8","11.8","238.9","6.24","14.34","0.26","20.7","41.1","91.0","0.081","0.4","4.9"
"Wilson Ripspin 15","51","Fast","Polyester","1.35","NA","1.5","2.7","3.9","30.23","34.9","32.0","53.4","83.6","33.4","15.4","212.0","6.24","14.25","0.68","21.2","41.7","86.3","0.081","0.4","4.9"
"Wilson Ripspin 15","62","Slow","Polyester","1.35","NA","1.5","2.7","3.9","41.01","38.6","18.4","24.5","65.5","15.1","7.6","292.6","6.48","14.25","-0.29","20.5","33.1","98.6","0.081","0.4","4.9"
"Wilson Ripspin 15","62","Medium","Polyester","1.35","NA","1.5","2.7","3.9","41.52","34.3","25.1","42.1","83.6","26.2","12.8","272.0","6.48","13.74","0.13","20.3","33","92.7","0.081","0.4","4.9"
"Wilson Ripspin 15","62","Fast","Polyester","1.35","NA","1.5","2.7","3.9","41.52","32.3","30.0","54.0","95.5","35.8","16.7","243.5","6.48","13.74","0.53","20.7","33.6","88.0","0.081","0.4","4.9"
"Wilson Ripspin 16","40","Slow","Polyester","1.3","NA","1.5","3.0","4.2","17.38","47.3","23.0","28.4","45.9","13.2","6.0","218.3","5.89","16.42","0.05","22.3","56.3","91.8","0.082","0.423","5.2"
"Wilson Ripspin 16","40","Medium","Polyester","1.3","NA","1.5","3.0","4.2","17.95","41.3","30.1","43.4","61.5","23.1","10.3","196.0","5.89","15.85","0.42","22.3","55.8","84.3","0.082","0.423","5.2"
"Wilson Ripspin 16","40","Fast","Polyester","1.3","NA","1.5","3.0","4.2","17.93","38.8","35.3","53.6","71.4","31.5","13.5","174.9","5.89","15.87","0.55","22.3","56.2","79.0","0.082","0.423","5.2"
"Wilson Ripspin 16","51","Slow","Polyester","1.3","NA","1.5","3.0","4.2","30.61","41.9","20.0","25.6","56.2","14.1","7.0","260.6","5.78","14.33","-0.11","20.1","39.4","98.0","0.082","0.423","5.2"
"Wilson Ripspin 16","51","Medium","Polyester","1.3","NA","1.5","3.0","4.2","31.31","36.9","27.1","42.8","74.1","25.1","11.8","236.6","5.78","13.63","0.29","19.6","38.8","91.6","0.082","0.423","5.2"
"Wilson Ripspin 16","51","Fast","Polyester","1.3","NA","1.5","3.0","4.2","31.22","34.7","32.0","53.4","84.7","33.9","15.5","212.0","5.78","13.72","0.59","20.1","39.6","85.9","0.082","0.423","5.2"
"Wilson Ripspin 16","62","Slow","Polyester","1.3","NA","1.5","3.0","4.2","43.33","38.2","18.0","23.4","66.6","15.0","7.6","290.9","5.49","12.92","-0.15","18.3","29.6","99.0","0.082","0.423","5.2"
"Wilson Ripspin 16","62","Medium","Polyester","1.3","NA","1.5","3.0","4.2","43.79","34.0","25.0","41.0","84.9","26.5","13.1","266.9","5.49","12.46","0.18","18.1","29.4","94.7","0.082","0.423","5.2"
"Wilson Ripspin 16","62","Fast","Polyester","1.3","NA","1.5","3.0","4.2","43.79","32.0","29.9","52.9","96.8","36.2","17.1","240.6","5.49","12.46","0.55","18.5","30","89.3","0.082","0.423","5.2"
"Wilson Ripspin 17","40","Slow","Polyester","1.25","NA","2.1","3.6","4.5","18.68","46.6","22.7","28.0","46.7","13.3","6.2","221.2","5.58","15.43","0.05","21.2","53.1","93.7","0.081","0.425","5.2"
"Wilson Ripspin 17","40","Medium","Polyester","1.25","NA","2.1","3.6","4.5","18.81","41.3","30.1","42.8","61.7","23.2","10.3","193.2","5.58","15.30","0.44","21.4","53.7","84.5","0.081","0.425","5.2"
"Wilson Ripspin 17","40","Fast","Polyester","1.25","NA","2.1","3.6","4.5","18.74","38.7","35.4","52.7","71.4","31.6","13.6","171.5","5.58","15.37","0.57","21.6","54.2","80.3","0.081","0.425","5.2"
"Wilson Ripspin 17","51","Slow","Polyester","1.25","NA","2.1","3.6","4.5","31.44","41.8","20.0","24.9","56.2","14.1","7.0","252.0","5.38","13.90","-0.22","19.0","37.6","97.4","0.081","0.425","5.2"
"Wilson Ripspin 17","51","Medium","Polyester","1.25","NA","2.1","3.6","4.5","32.13","36.9","27.2","41.7","73.9","25.1","11.8","229.2","5.38","13.21","0.31","19.0","37.3","91.6","0.081","0.425","5.2"
"Wilson Ripspin 17","51","Fast","Polyester","1.25","NA","2.1","3.6","4.5","32.15","34.7","32.0","52.7","84.9","34.0","15.6","209.2","5.38","13.19","0.62","19.2","37.8","86.9","0.081","0.425","5.2"
"Wilson Ripspin 17","62","Slow","Polyester","1.25","NA","2.1","3.6","4.5","44.36","38.1","18.0","22.5","66.8","15.1","7.7","280.0","5.49","11.89","-0.20","17.2","27.8","95.8","0.081","0.425","5.2"
"Wilson Ripspin 17","62","Medium","Polyester","1.25","NA","2.1","3.6","4.5","44.85","34.0","25.0","39.9","84.9","26.5","13.0","260.0","5.49","11.40","0.18","17.0","27.6","97.0","0.081","0.425","5.2"
"Wilson Ripspin 17","62","Fast","Polyester","1.25","NA","2.1","3.6","4.5","44.85","32.1","29.9","51.8","96.8","36.2","17.2","235.5","5.49","11.40","0.55","17.4","28.2","89.7","0.081","0.425","5.2"
"Babolat RPM Blast 15L (1.35)","51","Fast","Polyester","1.35","NA","1.8","2.1","4.5","34.07","33.5","31.1","56.0","90.2","35.0","16.3","236.6","4.48","12.17","0.02","16.8","32.9","86.1","0.072","0.529","7.3"
"Babolat RPM Blast 16","62","Slow","Polyester","1.3","1.34","1.8","2.4","3.6","39.73","37.3","17.9","25.6","65.3","14.6","","324.0","9.48","12.53","-0.11","21.8","35.5","97.2","0.09","0.406","4.5"
"Babolat RPM Blast 16","62","Medium","Polyester","1.3","1.34","1.8","2.4","3.6","40.09","33.8","24.0","43.2","83.3","25.0","","304.6","9.48","12.17","0.16","21.8","35.3","92.9","0.09","0.406","4.5"
"Babolat RPM Blast 16","62","Fast","Polyester","1.3","1.34","1.8","2.4","3.6","40.06","32.0","28.8","56.0","95.9","34.6","","274.3","9.48","12.20","0.39","22.1","35.8","89.1","0.09","0.406","4.5"
"Babolat RPM Blast 16","51","Slow","Polyester","1.3","1.34","1.8","2.4","3.6","27.63","40.9","19.9","27.1","54.9","13.6","","279.5","8.25","14.84","-0.13","22.9","45.3","93.3","0.09","0.406","4.5"
"Babolat RPM Blast 16","51","Medium","Polyester","1.3","1.34","1.8","2.4","3.6","28.03","36.8","26.1","44.8","72.8","23.7","","267.5","8.25","14.44","0.25","22.9","45.2","89.7","0.09","0.406","4.5"
"Babolat RPM Blast 16","51","Fast","Polyester","1.3","1.34","1.8","2.4","3.6","28.00","34.7","31.5","56.9","84.9","33.4","","232.6","8.25","14.47","0.57","23.4","45.9","85.4","0.09","0.406","4.5"
"Babolat RPM Blast 16","40","Slow","Polyester","1.3","1.34","1.8","2.4","3.6","18.24","44.6","21.9","29.5","47.6","13.1","","249.2","5.98","15.47","-0.04","21.4","53.9","93.1","0.09","0.406","4.5"
"Babolat RPM Blast 16","40","Medium","Polyester","1.3","1.34","1.8","2.4","3.6","18.61","39.9","28.2","45.6","64.2","22.7","","232.6","5.98","15.10","0.46","21.6","54.3","85.0","0.09","0.406","4.5"
"Babolat RPM Blast 16","40","Fast","Polyester","1.3","1.34","1.8","2.4","3.6","18.63","37.4","33.9","56.9","75.4","31.9","","201.2","5.98","15.08","0.53","21.6","54.4","80.6","0.09","0.406","4.5"
"Babolat RPM Blast 17/1.25","40","Slow","Polyester","1.25","NA","2.4","3.9","4.8","17.62","45.0","22.0","28.4","46.1","12.7","6.5","239.5","6.84","15.23","-0.13","21.8","55.3","91.4","0.088","0.406","4.6"
"Babolat RPM Blast 17/1.25","40","Medium","Polyester","1.25","NA","2.4","3.9","4.8","18.06","40.1","29.0","43.4","61.5","22.3","10.5","209.2","6.84","14.79","0.55","22.3","55.9","85.9","0.088","0.406","4.6"
"Babolat RPM Blast 17/1.25","40","Fast","Polyester","1.25","NA","2.4","3.9","4.8","17.93","37.7","34.0","53.6","71.7","30.4","14.2","188.6","6.84","14.92","0.64","22.5","56.4","80.5","0.088","0.406","4.6"
"Babolat RPM Blast 17/1.25","51","Slow","Polyester","1.25","NA","2.4","3.9","4.8","33.71","39.1","18.8","24.7","58.4","13.7","7.5","282.9","5.73","11.28","-0.42","16.5","32.7","95.5","0.088","0.406","4.6"
"Babolat RPM Blast 17/1.25","51","Medium","Polyester","1.25","NA","2.4","3.9","4.8","34.35","35.3","25.4","40.6","75.0","23.8","12.3","257.2","5.73","10.64","0.17","16.5","32.6","92.2","0.088","0.406","4.6"
"Babolat RPM Blast 17/1.25","51","Fast","Polyester","1.25","NA","2.4","3.9","4.8","34.31","33.2","30.0","51.6","86.0","32.3","16.2","233.7","5.73","10.68","0.46","16.8","33.3","86.7","0.088","0.406","4.6"
"Babolat RPM Blast 17/1.25","62","Slow","Polyester","1.25","NA","2.4","3.9","4.8","46.77","35.6","17.0","21.4","68.4","14.5","8.3","301.8","4.70","10.27","-0.37","14.6","23.6","100.8","0.088","0.406","4.6"
"Babolat RPM Blast 17/1.25","62","Medium","Polyester","1.25","NA","2.4","3.9","4.8","47.19","32.6","23.5","37.9","85.1","25.0","13.6","278.3","4.70","9.85","0.09","14.6","23.7","98.0","0.088","0.406","4.6"
"Babolat RPM Blast 17/1.25","62","Fast","Polyester","1.25","NA","2.4","3.9","4.8","47.12","31.1","28.1","49.8","97.0","34.1","18.1","257.7","4.70","9.92","0.46","15.0","24.4","91.8","0.088","0.406","4.6"
"Babolat RPM Blast 18 (1.20)","51","Fast","Polyester","1.2","NA","2.1","4.5","4.8","32.57","35.2","32.7","49.6","82.2","33.6","15.4","189.2","5.05","13.10","0.18","18.3","36.1","87.4","0.076","0.391","5.1"
"Babolat RPM Blast Orange 16 (1.30)","51","Fast","Polyester","1.3","1.29","NA","NA","8.5","31.29","34.8","32.0","53.1","84.5","33.8","15.5","210.3","5.51","13.92","0.29","19.6","38.9","84.3","0.071","0.496","7"
"Babolat RPM Blast Rough 15L","51","Fast","Polyester","1.35","1.25","7.6","3.0","3.9","32.24","34.4","31.9","50.1","82.5","32.9","16.0","199.5","5.38","13.10","0.31","18.7","37","86.3","0.072","0.523","7.3"
"Babolat RPM Blast Rough 16","51","Fast","Polyester","1.3","1.44","3.0","5.5","3.3","36.05","33.6","31.0","49.6","85.8","33.2","16.4","209.7","3.84","10.83","0.28","15.0","29.5","90.1","0.07","0.577","8.2"
"Babolat RPM Blast Rough 17","51","Fast","Polyester","1.25","1.32","3.9","3.3","7.6","32.96","34.4","32.0","49.2","82.2","32.9","15.7","196.0","5.23","12.53","0.33","18.1","35.7","86.1","0.057","0.564","9.9"
"Babolat RPM Dual 16","40","Slow","Polyester","1.3","NA","2.7","3.9","4.8","17.95","42.3","20.1","27.3","45.4","11.4","6.9","275.5","8.62","13.12","-0.11","21.6","54.5","96.0","0.08","0.368","4.6"
"Babolat RPM Dual 16","40","Medium","Polyester","1.3","NA","2.7","3.9","4.8","18.19","37.4","28.0","44.1","62.2","21.8","11.5","228.6","8.62","12.88","0.26","21.8","54.8","89.1","0.08","0.368","4.6"
"Babolat RPM Dual 16","40","Fast","Polyester","1.3","NA","2.7","3.9","4.8","18.15","35.3","32.2","54.5","72.8","29.2","15.5","214.3","8.62","12.92","0.51","22.1","55.6","85.7","0.08","0.368","4.6"
"Babolat RPM Dual 16","51","Slow","Polyester","1.3","NA","2.7","3.9","4.8","33.03","38.0","18.0","23.2","56.2","12.7","7.7","290.3","6.62","11.07","-0.31","17.4","34.3","99.6","0.08","0.368","4.6"
"Babolat RPM Dual 16","51","Medium","Polyester","1.3","NA","2.7","3.9","4.8","33.49","34.0","25.1","41.0","74.5","23.3","12.8","265.2","6.62","10.61","0.11","17.4","34.2","94.9","0.08","0.368","4.6"
"Babolat RPM Dual 16","51","Fast","Polyester","1.3","NA","2.7","3.9","4.8","33.47","32.0","29.9","52.3","85.8","32.1","16.9","237.2","6.62","10.63","0.44","17.6","34.9","88.5","0.08","0.368","4.6"
"Babolat RPM Dual 16","62","Slow","Polyester","1.3","NA","2.7","3.9","4.8","45.07","35.4","16.8","20.7","65.9","13.8","8.3","300.6","5.64","11.03","-0.20","16.5","26.7","99.4","0.08","0.368","4.6"
"Babolat RPM Dual 16","62","Medium","Polyester","1.3","NA","2.7","3.9","4.8","45.31","31.9","23.8","38.8","84.0","25.0","13.9","277.2","5.64","10.79","0.09","16.5","26.7","96.6","0.08","0.368","4.6"
"Babolat RPM Dual 16","62","Fast","Polyester","1.3","NA","2.7","3.9","4.8","45.25","30.4","28.0","50.7","95.9","33.6","19.1","262.9","5.64","10.85","0.44","17.0","27.4","91.6","0.08","0.368","4.6"
"Babolat RPM Soft 16 (1.30)","51","Fast","Nylon","1.3","NA","2.1","2.7","4.8","41.45","34.4","32.0","39.0","80.5","32.2","16.1","154.9","4.90","4.37","0.13","9.5","18.5","93.5","0.092","0.542","5.9"
"Babolat RPM Team 16 Black","40","Slow","Polyester","1.3","NA","1.5","2.4","3.0","23.46","41.8","20.0","30.0","53.6","13.4","","304.0","5.07","11.16","-0.27","15.9","40.2","95.1","0.096","0.374","3.9"
"Babolat RPM Team 16 Black","40","Medium","Polyester","1.3","NA","1.5","2.4","3.0","23.97","37.0","27.0","48.3","72.3","24.4","","269.2","5.07","10.65","0.22","15.9","40.2","90.1","0.096","0.374","3.9"
"Babolat RPM Team 16 Black","40","Fast","Polyester","1.3","NA","1.5","2.4","3.0","23.95","34.5","31.8","61.5","85.6","34.0","","246.9","5.07","10.67","0.31","16.1","40.4","85.7","0.096","0.374","3.9"
"Babolat RPM Team 16 Black","51","Slow","Polyester","1.3","NA","1.5","2.4","3.0","39.47","37.1","17.9","25.1","64.6","14.4","","321.8","3.46","7.79","-0.26","11.0","21.7","94.3","0.096","0.374","3.9"
"Babolat RPM Team 16 Black","51","Medium","Polyester","1.3","NA","1.5","2.4","3.0","39.87","33.6","24.0","43.4","83.3","25.1","","306.3","3.46","7.39","0.09","11.0","21.6","93.5","0.096","0.374","3.9"
"Babolat RPM Team 16 Black","51","Fast","Polyester","1.3","NA","1.5","2.4","3.0","39.87","31.7","28.7","56.9","96.6","34.7","","280.6","3.46","7.39","0.29","11.0","22","90.4","0.096","0.374","3.9"
"Babolat RPM Team 16 Black","62","Slow","Polyester","1.3","NA","1.5","2.4","3.0","51.09","34.4","16.0","22.3","73.4","14.7","","353.2","3.24","7.41","-0.22","10.4","16.9","98.0","0.096","0.374","3.9"
"Babolat RPM Team 16 Black","62","Medium","Polyester","1.3","NA","1.5","2.4","3.0","51.31","31.6","22.4","41.2","92.4","25.9","","333.8","3.24","7.19","0.00","10.4","16.9","95.3","0.096","0.374","3.9"
"Babolat RPM Team 16 Black","62","Fast","Polyester","1.3","NA","1.5","2.4","3.0","51.27","30.0","27.0","53.6","104.7","35.4","","298.3","3.24","7.23","0.31","10.8","17.5","90.8","0.096","0.374","3.9"
"Babolat RPM Team 17 (1.25)","51","Fast","Nylon/Polyester","1.25","NA","6.4","2.4","3.0","38.92","32.2","29.4","52.3","91.1","33.5","16.9","245.2","3.42","8.38","-0.04","11.7","23.2","92.4","0.082","0.433","5.3"
"RS RS Lyon 17","62","Fast","Polyester","1.25","NA","2.1","3.3","4.5","44.59","32.8","30.8","50.1","94.8","36.4","17.7","215.5","5.62","11.53","0.58","17.6","28.7","89.7","0.094","0.511","5.4"
"RS RS Lyon 17","62","Medium","Polyester","1.25","NA","2.1","3.3","4.5","44.72","34.9","26.0","38.6","83.3","27.1","13.4","232.6","5.62","11.40","0.22","17.2","27.9","93.5","0.094","0.511","5.4"
"RS RS Lyon 17","62","Slow","Polyester","1.25","NA","2.1","3.3","4.5","44.14","39.1","19.0","21.6","65.7","15.6","7.6","243.5","5.62","11.98","-0.47","17.2","27.8","97.4","0.094","0.511","5.4"
"RS RS Lyon 17","51","Fast","Polyester","1.25","NA","2.1","3.3","4.5","32.96","35.0","32.7","51.8","84.7","34.6","15.5","196.6","6.39","11.37","0.52","18.3","36","88.4","0.094","0.511","5.4"
"RS RS Lyon 17","51","Medium","Polyester","1.25","NA","2.1","3.3","4.5","32.94","37.4","28.0","41.2","74.1","25.9","12.1","213.2","6.39","11.39","0.17","17.9","35.4","92.5","0.094","0.511","5.4"
"RS RS Lyon 17","51","Slow","Polyester","1.25","NA","2.1","3.3","4.5","32.30","42.6","20.7","24.0","56.2","14.6","7.1","228.6","6.39","12.03","-0.33","18.1","35.7","96.8","0.094","0.511","5.4"
"RS RS Lyon 17","40","Fast","Polyester","1.25","NA","2.1","3.3","4.5","17.93","39.4","36.2","52.3","70.1","31.7","13.9","162.3","6.53","15.23","0.47","22.3","56","79.6","0.094","0.511","5.4"
"RS RS Lyon 17","40","Medium","Polyester","1.25","NA","2.1","3.3","4.5","17.97","42.2","31.2","42.6","60.4","23.6","10.2","177.7","6.53","15.19","0.44","22.3","55.8","85.2","0.094","0.511","5.4"
"RS RS Lyon 17","40","Slow","Polyester","1.25","NA","2.1","3.3","4.5","17.53","48.4","24.0","27.6","45.0","13.5","6.1","194.3","6.53","15.63","-0.11","22.1","55.6","92.4","0.094","0.511","5.4"
"RS RS Lyon 17L (1.20)","51","Fast","Polyester","1.2","NA","2.1","4.2","3.6","32.41","35.5","32.6","47.8","80.3","32.8","15.4","182.9","4.19","14.12","0.33","18.5","36.7","87.8","0.083","0.422","5.1"
"Tecnifibre Ruff Code 16 (1.30)","51","Fast","Polyester","1.3","1.27","2.7","5.2","6.1","35.17","34.3","32.0","52.3","87.3","35.0","16.0","207.5","4.12","11.43","0.35","15.9","31.3","87.4","0.1","0.483","4.8"
"Tecnifibre Ruff Code 17 (1.25)","51","Fast","Polyester","1.25","1.27","2.4","2.1","4.2","36.38","34.1","32.0","52.3","88.6","35.5","17.0","207.5","4.39","9.95","0.22","14.6","28.7","90.2","NA","0.461","NA"
"Gamma RZR Rx 16","40","Slow","Polyester","1.2","NA","2.1","3.0","3.9","24.14","44.9","21.9","25.4","49.6","13.6","6.5","214.3","5.38","10.17","0.00","15.7","39.2","94.3","0.094","0.371","3.9"
"Gamma RZR Rx 16","40","Medium","Polyester","1.2","NA","2.1","3.0","3.9","24.39","39.3","29.1","41.5","65.9","24.0","11.1","198.9","5.38","9.92","0.22","15.4","39.1","90.1","0.094","0.371","3.9"
"Gamma RZR Rx 16","40","Fast","Polyester","1.2","NA","2.1","3.0","3.9","24.37","36.9","34.0","51.8","76.3","32.4","14.9","182.9","5.38","9.94","0.38","15.7","39.6","85.4","0.094","0.371","3.9"
"Gamma RZR Rx 16","51","Slow","Polyester","1.2","NA","2.1","3.0","3.9","37.04","40.5","19.7","21.8","58.9","14.5","7.2","229.2","4.32","9.36","-0.11","13.5","26.7","96.8","0.094","0.371","3.9"
"Gamma RZR Rx 16","51","Medium","Polyester","1.2","NA","2.1","3.0","3.9","37.31","36.1","26.2","38.6","75.9","24.9","12.4","227.5","4.32","9.09","0.11","13.5","26.7","92.2","0.094","0.371","3.9"
"Gamma RZR Rx 16","51","Fast","Polyester","1.2","NA","2.1","3.0","3.9","37.29","34.0","31.8","48.7","86.0","34.2","16.0","196.0","4.32","9.11","0.40","13.9","27.3","88.5","0.094","0.371","3.9"
"Gamma RZR Rx 16","62","Slow","Polyester","1.2","NA","2.1","3.0","3.9","46.35","38.0","18.0","20.1","66.6","15.0","7.7","252.6","4.21","11.18","-0.13","15.2","24.7","95.6","0.094","0.371","3.9"
"Gamma RZR Rx 16","62","Medium","Polyester","1.2","NA","2.1","3.0","3.9","46.55","34.2","25.0","37.0","83.6","26.2","13.1","240.0","4.21","10.98","0.09","15.2","24.8","94.5","0.094","0.371","3.9"
"Gamma RZR Rx 16","62","Fast","Polyester","1.2","NA","2.1","3.0","3.9","46.48","32.3","30.0","48.1","94.6","35.5","16.9","217.2","4.21","11.05","0.40","15.7","25.4","90.1","0.094","0.371","3.9"
"Gamma RZR Rx 17","51","Fast","Polyester","1.23","NA","4.2","5.5","3.9","36.27","34.8","32.0","46.7","83.1","33.3","15.9","185.2","4.37","10.08","0.13","14.6","28.7","88.2","0.094","0.448","4.8"
"Dunlop S-Gut 16 (1.32)","51","Fast","Nylon","1.32","1.32","1.8","2.4","9.7","43.15","34.5","32.0","39.9","83.1","33.3","16.8","158.3","4.19","3.38","0.31","7.9","15.5","92.4","0.104","0.383","3.7"
"Dunlop S-Gut 17","62","Slow","Nylon/Polyurethane","1.22","1.25","9.7","10.6","11.8","50.30","36.7","17.0","13.9","64.2","13.6","","194.3","6.88","4.56","-0.06","11.5","18.4","97.0","0.129","0.406","3.1"
"Dunlop S-Gut 17","62","Medium","Nylon/Polyurethane","1.22","1.25","9.7","10.6","11.8","49.94","34.1","24.0","28.0","78.1","23.4","","197.2","6.88","4.92","0.00","11.9","19.1","94.5","0.129","0.406","3.1"
"Dunlop S-Gut 17","62","Fast","Nylon/Polyurethane","1.22","1.25","9.7","10.6","11.8","49.72","32.3","29.2","39.5","89.1","32.6","","187.5","6.88","5.14","0.35","12.3","20","94.3","0.129","0.406","3.1"
"Dunlop S-Gut 17","51","Slow","Nylon/Polyurethane","1.22","1.25","9.7","10.6","11.8","40.51","39.8","18.5","14.6","55.1","12.8","","172.6","6.70","3.51","-0.02","10.1","20.1","96.6","0.129","0.406","3.1"
"Dunlop S-Gut 17","51","Medium","Nylon/Polyurethane","1.22","1.25","9.7","10.6","11.8","40.29","36.6","26.0","28.7","69.0","22.4","","172.0","6.70","3.73","0.07","10.6","20.7","94.5","0.129","0.406","3.1"
"Dunlop S-Gut 17","51","Fast","Nylon/Polyurethane","1.22","1.25","9.7","10.6","11.8","40.09","34.5","31.6","39.9","80.0","31.6","","163.4","6.70","3.93","0.25","10.8","21.4","93.5","0.129","0.406","3.1"
"Dunlop S-Gut 17","40","Slow","Nylon/Polyurethane","1.22","1.25","9.7","10.6","11.8","30.21","44.3","21.0","15.0","45.2","11.8","","137.2","5.71","3.77","-0.02","9.5","23.8","95.3","0.129","0.406","3.1"
"Dunlop S-Gut 17","40","Medium","Nylon/Polyurethane","1.22","1.25","9.7","10.6","11.8","30.10","40.1","29.0","28.2","58.4","21.2","","136.6","5.71","3.88","0.07","9.7","24.3","92.5","0.129","0.406","3.1"
"Dunlop S-Gut 17","40","Fast","Nylon/Polyurethane","1.22","1.25","9.7","10.6","11.8","29.94","37.7","34.0","39.0","69.0","29.3","","137.2","5.71","4.04","0.13","9.9","24.9","92.0","0.129","0.406","3.1"
"Dunlop S-Gut 18 (1.19)","51","Fast","Nylon","1.19","1.29","9.7","11.5","4.5","42.69","34.8","32.3","39.9","82.7","33.3","16.7","156.0","4.41","3.62","0.20","8.2","16.2","94.5","0.088","0.386","4.4"
"Luxilon Savage 16/1.27","62","Slow","Polyester","1.27","1.25","1.5","2.4","3.6","40.37","37.1","17.7","25.1","65.5","14.5","","324.0","9.00","12.37","-0.27","21.2","34.2","94.9","0.117","0.399","3.4"
"Luxilon Savage 16/1.27","62","Medium","Polyester","1.27","1.25","1.5","2.4","3.6","40.77","33.5","24.1","43.0","83.8","25.2","","302.3","9.00","11.97","0.13","21.2","34.2","92.7","0.117","0.399","3.4"
"Luxilon Savage 16/1.27","62","Fast","Polyester","1.27","1.25","1.5","2.4","3.6","40.75","31.7","28.9","55.6","96.4","34.8","","271.5","9.00","11.99","0.49","21.4","34.8","89.3","0.117","0.399","3.4"
"Luxilon Savage 16/1.27","51","Slow","Polyester","1.27","1.25","1.5","2.4","3.6","27.19","41.0","19.9","27.1","54.5","13.5","","279.5","7.98","15.55","-0.24","23.4","45.9","94.7","0.117","0.399","3.4"
"Luxilon Savage 16/1.27","51","Medium","Polyester","1.27","1.25","1.5","2.4","3.6","27.74","36.6","26.4","44.3","72.1","23.8","","258.3","7.98","15.00","0.31","23.4","45.9","90.1","0.117","0.399","3.4"
"Luxilon Savage 16/1.27","51","Fast","Polyester","1.27","1.25","1.5","2.4","3.6","27.72","34.4","31.2","56.0","83.8","32.7","","234.3","7.98","15.02","0.44","23.4","46.2","84.3","0.117","0.399","3.4"
"Luxilon Savage 16/1.27","40","Slow","Polyester","1.27","1.25","1.5","2.4","3.6","18.74","44.5","21.8","28.7","47.4","12.9","","246.9","6.13","14.82","-0.22","20.7","52.2","90.2","0.117","0.399","3.4"
"Luxilon Savage 16/1.27","40","Medium","Polyester","1.27","1.25","1.5","2.4","3.6","19.25","39.4","28.5","45.4","64.6","23.0","","226.9","6.13","14.31","0.35","20.7","52.4","85.2","0.117","0.399","3.4"
"Luxilon Savage 16/1.27","40","Fast","Polyester","1.27","1.25","1.5","2.4","3.6","19.18","37.0","33.2","56.4","75.6","31.4","","208.0","6.13","14.38","0.48","20.9","52.9","80.5","0.117","0.399","3.4"
"Klip Scorcher 16/1.30","62","Slow","Nylon","1.3","1.29","8.2","9.4","11.2","49.48","37.6","17.7","13.9","63.5","14.0","","181.2","7.50","4.76","0.09","12.3","20","98.2","0.122","0.392","3.2"
"Klip Scorcher 16/1.30","62","Medium","Nylon","1.3","1.29","8.2","9.4","11.2","49.08","34.6","25.0","30.0","78.9","24.7","","194.9","7.50","5.16","0.08","12.8","20.6","96.6","0.122","0.392","3.2"
"Klip Scorcher 16/1.30","62","Fast","Nylon","1.3","1.29","8.2","9.4","11.2","48.77","32.7","30.0","43.0","91.7","34.4","","193.7","7.50","5.47","0.22","13.2","21.4","92.9","0.122","0.392","3.2"
"Klip Scorcher 16/1.30","51","Slow","Nylon","1.3","1.29","8.2","9.4","11.2","39.16","41.1","19.0","15.0","54.2","12.9","","169.7","7.17","4.39","0.00","11.5","22.8","96.8","0.122","0.392","3.2"
"Klip Scorcher 16/1.30","51","Medium","Nylon","1.3","1.29","8.2","9.4","11.2","38.96","37.3","27.0","30.0","69.0","23.3","","168.0","7.17","4.59","0.42","12.1","24","94.3","0.122","0.392","3.2"
"Klip Scorcher 16/1.30","51","Fast","Nylon","1.3","1.29","8.2","9.4","11.2","38.43","35.1","32.0","42.1","80.7","32.3","","167.4","7.17","5.12","0.13","12.3","24.5","92.9","0.122","0.392","3.2"
"Klip Scorcher 16/1.30","40","Slow","Nylon","1.3","1.29","8.2","9.4","11.2","29.15","45.6","21.4","14.8","44.1","11.8","","131.4","6.50","4.04","0.02","10.6","26.6","96.2","0.122","0.392","3.2"
"Klip Scorcher 16/1.30","40","Medium","Nylon","1.3","1.29","8.2","9.4","11.2","29.04","40.7","29.9","30.4","59.3","22.2","","137.7","6.50","4.15","0.09","10.8","27.1","93.1","0.122","0.392","3.2"
"Klip Scorcher 16/1.30","40","Fast","Nylon","1.3","1.29","8.2","9.4","11.2","28.89","38.3","35.0","40.4","69.2","30.3","","134.3","6.50","4.30","0.18","11.0","27.7","90.6","0.122","0.392","3.2"
"Klip Scorcher 17 (1.27)","51","Fast","Nylon","1.27","1.32","8.2","9.4","9.7","42.67","34.3","32.0","40.1","82.7","33.1","16.6","158.9","4.41","3.64","0.18","8.2","16.2","92.4","0.093","0.45","4.8"
"Weiss Cannon Scorpion 1.22","62","Slow","Polyester","1.22","1.22","2.4","3.9","4.5","35.94","40.8","18.9","22.3","58.2","13.8","","253.7","10.03","15.77","-0.33","25.4","41.2","98.8","0.097","0.385","4"
"Weiss Cannon Scorpion 1.22","62","Medium","Polyester","1.22","1.22","2.4","3.9","4.5","36.60","35.9","26.0","39.5","76.1","24.7","","237.2","10.03","15.11","0.22","25.4","41.1","87.2","0.097","0.385","4"
"Weiss Cannon Scorpion 1.22","62","Fast","Polyester","1.22","1.22","2.4","3.9","4.5","36.56","33.9","31.0","50.1","86.7","33.5","","211.5","10.03","15.15","0.51","25.6","41.6","87.0","0.097","0.385","4"
"Weiss Cannon Scorpion 1.22","51","Slow","Polyester","1.22","1.22","2.4","3.9","4.5","27.85","42.7","20.0","24.3","52.0","13.1","","245.7","8.51","14.36","-0.70","22.3","43.7","95.5","0.097","0.385","4"
"Weiss Cannon Scorpion 1.22","51","Medium","Polyester","1.22","1.22","2.4","3.9","4.5","28.80","38.0","28.0","39.9","68.8","24.0","","208.0","8.51","13.41","0.22","22.1","43.7","90.2","0.097","0.385","4"
"Weiss Cannon Scorpion 1.22","51","Fast","Polyester","1.22","1.22","2.4","3.9","4.5","28.80","35.9","32.6","50.5","79.4","32.4","","192.6","8.51","13.41","0.49","22.5","44.2","86.9","0.097","0.385","4"
"Weiss Cannon Scorpion 1.22","40","Slow","Polyester","1.22","1.22","2.4","3.9","4.5","16.71","47.4","22.9","26.7","43.4","12.4","","207.5","6.75","16.23","-0.27","22.7","57.2","91.8","0.097","0.385","4"
"Weiss Cannon Scorpion 1.22","40","Medium","Polyester","1.22","1.22","2.4","3.9","4.5","17.24","41.9","30.2","41.7","58.9","22.2","","184.6","6.75","15.70","0.44","22.9","57.7","85.0","0.097","0.385","4"
"Weiss Cannon Scorpion 1.22","40","Fast","Polyester","1.22","1.22","2.4","3.9","4.5","17.22","39.4","35.9","51.8","69.0","31.0","","162.9","6.75","15.72","0.48","22.9","57.8","79.9","0.097","0.385","4"
"Weiss Cannon Scorpion 1.33","62","Slow","Polyester","1.33","1.35","1.5","2.7","3.6","37.55","38.1","18.0","24.9","62.4","14.1","","310.9","11.47","12.72","-0.16","24.0","38.9","92.9","0.09","0.375","4.2"
"Weiss Cannon Scorpion 1.33","62","Medium","Polyester","1.33","1.35","1.5","2.7","3.6","37.97","34.4","25.0","43.0","80.9","25.3","","280.0","11.47","12.30","0.15","24.0","38.8","92.2","0.09","0.375","4.2"
"Weiss Cannon Scorpion 1.33","62","Fast","Polyester","1.33","1.35","1.5","2.7","3.6","37.95","32.5","29.6","54.9","92.8","34.4","","254.9","11.47","12.32","0.58","24.3","39.5","89.1","0.09","0.375","4.2"
"Weiss Cannon Scorpion 1.33","51","Slow","Polyester","1.33","1.35","1.5","2.7","3.6","26.61","41.5","20.0","27.6","54.0","13.5","","279.5","8.38","15.73","-0.09","24.0","47.3","95.8","0.09","0.375","4.2"
"Weiss Cannon Scorpion 1.33","51","Medium","Polyester","1.33","1.35","1.5","2.7","3.6","27.03","37.1","26.9","44.1","71.2","23.9","","247.5","8.38","15.31","0.35","24.0","47.4","90.2","0.09","0.375","4.2"
"Weiss Cannon Scorpion 1.33","51","Fast","Polyester","1.33","1.35","1.5","2.7","3.6","26.99","35.0","32.0","56.0","82.9","33.1","","222.9","8.38","15.35","0.53","24.3","47.8","84.3","0.09","0.375","4.2"
"Weiss Cannon Scorpion 1.33","40","Slow","Polyester","1.33","1.35","1.5","2.7","3.6","17.20","45.4","22.0","29.1","46.3","12.7","","244.0","5.20","17.29","0.00","22.5","56.7","91.8","0.09","0.375","4.2"
"Weiss Cannon Scorpion 1.33","40","Medium","Polyester","1.33","1.35","1.5","2.7","3.6","17.55","40.2","29.0","45.6","63.3","22.9","","220.6","5.20","16.94","0.35","22.5","56.7","85.9","0.09","0.375","4.2"
"Weiss Cannon Scorpion 1.33","40","Fast","Polyester","1.33","1.35","1.5","2.7","3.6","17.64","37.9","34.0","55.6","73.2","31.1","","194.9","5.20","16.85","0.51","22.5","56.8","80.5","0.09","0.375","4.2"
"Weiss Cannon Scorpion 16L (1.28)","51","Fast","Polyester","1.28","1.26","1.5","4.5","5.2","33.19","34.7","32.0","50.5","83.6","33.4","15.8","200.0","5.84","11.69","0.34","17.9","35.2","87.2","0.087","0.428","4.9"
"Wilson Sensation 15 (1.35)","51","Fast","Nylon","1.35","1.31","2.4","3.0","8.5","42.45","34.5","32.0","38.8","81.4","32.5","16.4","154.3","4.08","4.19","0.14","8.4","16.6","92.7","0.08","0.38","4.8"
"Wilson Sensation 16","62","Slow","Nylon","1.3","1.34","7.0","8.5","NA","51.05","37.1","17.0","13.7","64.8","13.8","","192.6","7.72","2.97","0.00","10.8","17.3","96.4","0.117","0.414","3.5"
"Wilson Sensation 16","62","Medium","Nylon","1.3","1.34","7.0","8.5","NA","50.76","34.3","24.4","29.8","80.7","24.6","","204.0","7.72","3.26","0.04","11.0","17.9","95.3","0.117","0.414","3.5"
"Wilson Sensation 16","62","Fast","Nylon","1.3","1.34","7.0","8.5","NA","50.54","32.4","29.6","42.1","92.8","34.3","","195.5","7.72","3.48","0.16","11.2","18.4","93.9","0.117","0.414","3.5"
"Wilson Sensation 16","51","Slow","Nylon","1.3","1.34","7.0","8.5","NA","40.57","40.5","18.6","14.8","55.3","12.9","","172.6","6.88","3.27","0.04","10.1","20.1","97.6","0.117","0.414","3.5"
"Wilson Sensation 16","51","Medium","Nylon","1.3","1.34","7.0","8.5","NA","40.31","36.9","26.3","30.6","71.0","23.4","","179.5","6.88","3.53","0.09","10.6","20.7","95.1","0.117","0.414","3.5"
"Wilson Sensation 16","51","Fast","Nylon","1.3","1.34","7.0","8.5","NA","40.09","34.7","32.0","42.3","82.5","33.0","","168.6","6.88","3.75","0.11","10.8","21.2","92.9","0.117","0.414","3.5"
"Wilson Sensation 16","40","Slow","Nylon","1.3","1.34","7.0","8.5","NA","31.00","44.5","20.7","15.4","46.5","12.0","","146.9","5.38","3.31","0.00","8.6","21.9","95.5","0.117","0.414","3.5"
"Wilson Sensation 16","40","Medium","Nylon","1.3","1.34","7.0","8.5","NA","30.87","39.9","29.0","31.1","62.0","22.5","","150.9","5.38","3.44","0.11","9.0","22.5","94.3","0.117","0.414","3.5"
"Wilson Sensation 16","40","Fast","Nylon","1.3","1.34","7.0","8.5","NA","30.72","37.2","34.1","41.5","72.3","30.8","","145.2","5.38","3.59","0.14","9.0","22.9","90.4","0.117","0.414","3.5"
"Wilson Sensation 17","62","Slow","Nylon","1.25","1.28","7.0","8.5","9.4","48.75","37.7","17.7","14.1","63.1","13.9","","185.2","7.76","5.23","0.02","13.0","21.1","97.8","0.119","0.431","3.6"
"Wilson Sensation 17","62","Medium","Nylon","1.25","1.28","7.0","8.5","9.4","48.49","34.9","25.0","28.4","77.0","24.1","","185.2","7.76","5.49","0.05","13.2","21.5","95.6","0.119","0.431","3.6"
"Wilson Sensation 17","62","Fast","Nylon","1.25","1.28","7.0","8.5","9.4","48.27","33.1","30.0","40.4","88.6","33.2","","182.3","7.76","5.71","0.33","13.9","22.4","96.0","0.119","0.431","3.6"
"Wilson Sensation 17","51","Slow","Nylon","1.25","1.28","7.0","8.5","9.4","40.40","40.5","19.0","14.3","54.7","13.0","","160.0","5.69","4.63","-0.08","10.1","20.2","99.2","0.119","0.431","3.6"
"Wilson Sensation 17","51","Medium","Nylon","1.25","1.28","7.0","8.5","9.4","40.18","37.1","26.7","29.5","69.7","23.2","","168.0","5.69","4.85","-0.02","10.6","20.7","95.8","0.119","0.431","3.6"
"Wilson Sensation 17","51","Fast","Nylon","1.25","1.28","7.0","8.5","9.4","40.02","34.9","32.0","41.0","81.1","32.5","","163.4","5.69","5.01","0.22","11.0","21.5","92.5","0.119","0.431","3.6"
"Wilson Sensation 17","40","Slow","Nylon","1.25","1.28","7.0","8.5","9.4","30.01","42.6","20.0","15.7","45.6","11.4","","159.4","5.73","3.95","0.00","9.7","24.4","99.6","0.119","0.431","3.6"
"Wilson Sensation 17","40","Medium","Nylon","1.25","1.28","7.0","8.5","9.4","29.90","40.3","28.9","29.5","59.5","21.5","","144.0","5.73","4.06","0.22","9.9","25.2","94.9","0.119","0.431","3.6"
"Wilson Sensation 17","40","Fast","Nylon","1.25","1.28","7.0","8.5","9.4","29.64","38.1","34.6","40.4","69.9","30.2","","137.2","5.73","4.32","0.20","10.1","25.8","89.1","0.119","0.431","3.6"
"Wilson Sensation Control 16 (1.30)","51","Fast","Nylon","1.3","1.32","7.0","8.5","8.2","43.90","34.3","32.0","37.9","81.8","32.7","16.5","150.3","3.37","3.45","0.15","7.1","13.7","93.1","0.081","0.391","4.8"
"Wilson Sensation Supreme 16","62","Slow","Nylon","1.3","1.32","7.6","9.1","10.3","46.86","38.8","18.0","13.2","60.2","13.5","","166.9","7.65","7.23","0.00","15.0","24.1","96.6","0.157","0.476","3"
"Wilson Sensation Supreme 16","62","Medium","Nylon","1.3","1.32","7.6","9.1","10.3","46.75","35.6","25.6","28.0","74.7","23.9","","173.7","7.65","7.34","0.09","15.0","24.4","96.2","0.157","0.476","3"
"Wilson Sensation Supreme 16","62","Fast","Nylon","1.3","1.32","7.6","9.1","10.3","46.57","33.7","30.8","39.2","85.8","33.1","","167.4","7.65","7.52","0.27","15.4","25","92.2","0.157","0.476","3"
"Wilson Sensation Supreme 16","51","Slow","Nylon","1.3","1.32","7.6","9.1","10.3","36.89","42.2","19.5","14.6","51.6","12.6","","156.0","6.84","6.99","0.00","13.9","27.3","95.3","0.157","0.476","3"
"Wilson Sensation Supreme 16","51","Medium","Nylon","1.3","1.32","7.6","9.1","10.3","36.87","38.4","28.0","29.3","66.2","23.1","","152.0","6.84","7.01","0.07","13.9","27.4","94.5","0.157","0.476","3"
"Wilson Sensation Supreme 16","51","Fast","Nylon","1.3","1.32","7.6","9.1","10.3","36.78","36.2","33.0","38.6","75.2","31.1","","143.4","6.84","7.10","0.20","14.1","27.9","92.4","0.157","0.476","3"
"Wilson Sensation Supreme 16","40","Slow","Nylon","1.3","1.32","7.6","9.1","10.3","28.55","46.1","21.8","15.0","43.4","11.9","","127.4","4.76","6.38","0.00","11.2","28.1","96.4","0.157","0.476","3"
"Wilson Sensation Supreme 16","40","Medium","Nylon","1.3","1.32","7.6","9.1","10.3","28.55","41.4","30.0","28.7","57.3","21.5","","129.2","4.76","6.38","0.04","11.2","28.2","91.4","0.157","0.476","3"
"Wilson Sensation Supreme 16","40","Fast","Nylon","1.3","1.32","7.6","9.1","10.3","28.51","39.0","35.9","38.1","66.6","29.9","","120.0","4.76","6.42","0.20","11.5","28.7","89.7","0.157","0.476","3"
"Babolat SG SpiralTek 16","40","Slow","Nylon","1.3","NA","8.2","9.1","10.3","31.82","45.7","21.9","15.0","46.7","12.8","6.7","125.7","4.63","3.24","0.51","8.4","21.1","95.5","0.09","0.37","4.1"
"Babolat SG SpiralTek 16","40","Medium","Nylon","1.3","NA","8.2","9.1","10.3","31.53","40.4","30.0","30.2","61.7","23.1","11.5","136.0","4.63","3.53","0.40","8.6","21.6","93.1","0.09","0.37","4.1"
"Babolat SG SpiralTek 16","40","Fast","Nylon","1.3","NA","8.2","9.1","10.3","31.38","37.6","34.9","40.8","72.1","31.5","15.6","136.6","4.63","3.68","0.33","8.6","21.8","90.6","0.09","0.37","4.1"
"Babolat SG SpiralTek 16","51","Slow","Nylon","1.3","NA","8.2","9.1","10.3","43.77","40.8","19.3","14.3","58.2","14.1","7.4","157.2","4.10","2.85","0.00","6.8","13.7","96.6","0.09","0.37","4.1"
"Babolat SG SpiralTek 16","51","Medium","Nylon","1.3","NA","8.2","9.1","10.3","43.84","36.7","27.0","28.9","72.8","24.6","12.7","160.6","4.10","2.78","0.29","7.1","14.1","95.1","0.09","0.37","4.1"
"Babolat SG SpiralTek 16","51","Fast","Nylon","1.3","NA","8.2","9.1","10.3","43.73","34.4","32.0","40.8","84.5","33.8","17.7","161.7","4.10","2.89","0.75","7.7","15.3","92.5","0.09","0.37","4.1"
"Babolat SG SpiralTek 16","62","Slow","Nylon","1.3","NA","8.2","9.1","10.3","54.79","37.7","18.0","13.5","68.4","15.4","8.1","169.2","4.15","2.80","0.15","7.1","11.5","99.8","0.09","0.37","4.1"
"Babolat SG SpiralTek 16","62","Medium","Nylon","1.3","NA","8.2","9.1","10.3","54.55","34.3","25.0","28.2","82.7","25.9","13.7","182.3","4.15","3.04","0.09","7.3","11.8","94.5","0.09","0.37","4.1"
"Babolat SG SpiralTek 16","62","Fast","Nylon","1.3","NA","8.2","9.1","10.3","54.51","32.2","30.0","40.4","94.8","35.6","18.7","181.7","4.15","3.08","0.64","7.9","12.7","95.1","0.09","0.37","4.1"
"Wilson SGX 16","62","Slow","Nylon","1.3","1.31","8.5","9.4","11.2","50.43","36.5","17.0","13.0","63.5","13.5","","182.3","7.87","3.44","-0.11","11.2","18.1","96.0","0.124","0.379","3.1"
"Wilson SGX 16","62","Medium","Nylon","1.3","1.31","8.5","9.4","11.2","50.14","34.1","24.0","27.3","77.6","23.3","","192.6","7.87","3.73","-0.02","11.5","18.8","96.6","0.124","0.379","3.1"
"Wilson SGX 16","62","Fast","Nylon","1.3","1.31","8.5","9.4","11.2","49.92","32.3","29.1","39.7","89.5","32.5","","190.3","7.87","3.95","-4.01","7.7","12.6","94.3","0.124","0.379","3.1"
"Wilson SGX 16","51","Slow","Nylon","1.3","1.31","8.5","9.4","11.2","41.70","39.6","18.3","13.2","54.9","12.6","","161.2","5.62","3.40","0.03","9.0","17.8","97.2","0.124","0.379","3.1"
"Wilson SGX 16","51","Medium","Nylon","1.3","1.31","8.5","9.4","11.2","41.34","36.3","26.0","27.8","69.0","22.5","","166.9","5.62","3.76","0.00","9.3","18.5","97.4","0.124","0.379","3.1"
"Wilson SGX 16","51","Fast","Nylon","1.3","1.31","8.5","9.4","11.2","41.17","34.3","31.1","39.7","80.9","31.4","","166.3","5.62","3.93","0.16","9.7","19.1","92.5","0.124","0.379","3.1"
"Wilson SGX 16","40","Slow","Nylon","1.3","1.31","8.5","9.4","11.2","31.44","43.9","20.7","14.6","45.9","11.9","","137.2","5.18","3.07","0.02","8.4","20.8","94.9","0.124","0.379","3.1"
"Wilson SGX 16","40","Medium","Nylon","1.3","1.31","8.5","9.4","11.2","31.27","39.7","28.6","27.6","58.9","21.1","","137.2","5.18","3.24","0.05","8.4","21.3","94.9","0.124","0.379","3.1"
"Wilson SGX 16","40","Fast","Nylon","1.3","1.31","8.5","9.4","11.2","31.11","37.3","34.0","38.4","69.5","29.5","","134.9","5.18","3.40","0.13","8.6","21.9","89.9","0.124","0.379","3.1"
"Wilson Shock Shield 16","62","Slow","Nylon","1.33","1.32","6.4","NA","9.7","45.49","37.8","17.8","15.2","60.6","13.5","","195.5","7.50","8.75","-0.04","16.3","26.3","98.0","0.178","0.408","2.3"
"Wilson Shock Shield 16","62","Medium","Nylon","1.33","1.32","6.4","NA","9.7","45.47","34.7","25.0","29.1","74.5","23.3","","188.6","7.50","8.77","0.09","16.3","26.5","95.1","0.178","0.408","2.3"
"Wilson Shock Shield 16","62","Fast","Nylon","1.33","1.32","6.4","NA","9.7","45.36","33.1","30.0","39.9","85.3","32.0","","180.6","7.50","8.88","0.29","16.8","27","92.2","0.178","0.408","2.3"
"Wilson Shock Shield 16","51","Slow","Nylon","1.33","1.32","6.4","NA","9.7","34.57","41.5","19.5","16.5","51.2","12.5","","175.5","6.00","10.15","-0.09","16.1","31.7","97.4","0.178","0.408","2.3"
"Wilson Shock Shield 16","51","Medium","Nylon","1.33","1.32","6.4","NA","9.7","34.66","37.8","27.1","30.4","65.3","22.1","","169.7","6.00","10.06","0.11","16.1","31.9","94.7","0.178","0.408","2.3"
"Wilson Shock Shield 16","51","Fast","Nylon","1.33","1.32","6.4","NA","9.7","34.60","35.8","32.1","39.7","74.3","29.8","","156.0","6.00","10.12","0.27","16.3","32.3","90.2","0.178","0.408","2.3"
"Wilson Shock Shield 16","40","Slow","Nylon","1.33","1.32","6.4","NA","9.7","24.63","46.3","22.0","17.2","41.7","11.5","","143.4","5.01","10.05","-0.07","15.0","37.8","96.0","0.178","0.408","2.3"
"Wilson Shock Shield 16","40","Medium","Nylon","1.33","1.32","6.4","NA","9.7","24.81","41.7","30.0","29.5","54.5","20.4","","133.7","5.01","9.87","0.14","15.0","37.8","90.1","0.178","0.408","2.3"
"Wilson Shock Shield 16","40","Fast","Nylon","1.33","1.32","6.4","NA","9.7","24.76","39.3","35.4","38.6","63.5","28.1","","125.2","5.01","9.92","0.17","15.2","38.1","87.4","0.178","0.408","2.3"
"Gosen Sidewinder 16 (1.31)","51","Fast","Polyester","1.31","1.25","6.4","9.4","3.6","27.43","36.8","34.0","46.3","73.9","31.3","14.7","163.4","6.22","17.07","0.42","23.8","46.7","86.5","0.11","0.416","3.8"
"Gosen Sidewinder 17","40","Slow","Polyester","1.23","NA","4.2","6.7","9.1","16.47","50.0","24.0","23.4","39.9","12.0","5.7","165.7","8.22","15.00","0.09","23.4","58.7","92.2","0.09","0.412","4.6"
"Gosen Sidewinder 17","40","Medium","Polyester","1.23","NA","4.2","6.7","9.1","38.85","44.0","32.0","14.1","52.9","21.2","9.4","56.0","8.22","-7.38","22.75","23.6","59.4","82.4","0.09","0.412","4.6"
"Gosen Sidewinder 17","40","Fast","Polyester","1.23","NA","4.2","6.7","9.1","16.74","41.5","37.6","44.3","61.1","28.7","12.6","127.4","8.22","14.73","0.58","23.6","59.3","78.0","0.09","0.412","4.6"
"Gosen Sidewinder 17","51","Slow","Polyester","1.23","NA","4.2","6.7","9.1","27.43","44.4","20.6","21.6","49.0","12.6","6.6","205.2","6.22","17.07","-0.09","23.2","45.7","95.8","0.09","0.412","4.6"
"Gosen Sidewinder 17","51","Medium","Polyester","1.23","NA","4.2","6.7","9.1","27.85","39.2","28.5","35.9","63.7","22.7","11.2","179.5","6.22","16.65","0.49","23.4","46","91.0","0.09","0.412","4.6"
"Gosen Sidewinder 17","51","Fast","Polyester","1.23","NA","4.2","6.7","9.1","27.85","36.9","34.0","45.4","73.2","31.1","14.5","159.4","6.22","16.65","0.79","23.6","46.7","85.0","0.09","0.412","4.6"
"Gosen Sidewinder 17","62","Slow","Polyester","1.23","NA","4.2","6.7","9.1","37.26","40.7","19.0","19.2","56.4","13.4","7.0","217.2","7.03","17.45","-0.22","24.3","39.3","96.2","0.09","0.412","4.6"
"Gosen Sidewinder 17","62","Medium","Polyester","1.23","NA","4.2","6.7","9.1","37.82","36.2","26.1","35.1","72.8","23.7","12.1","209.2","7.03","16.89","0.27","24.3","39.2","94.1","0.09","0.412","4.6"
"Gosen Sidewinder 17","62","Fast","Polyester","1.23","NA","4.2","6.7","9.1","37.84","34.1","31.7","44.5","82.5","32.7","16.1","180.6","7.03","16.87","0.62","24.5","39.7","88.9","0.09","0.412","4.6"
"Dunlop Silk 16 (1.30)","62","Slow","Nylon","1.3","1.31","8.2","9.7","11.2","48.29","37.3","17.7","13.7","62.0","13.7","","178.3","7.03","6.42","0.00","13.5","21.8","94.7","0.131","0.451","3.4"
"Dunlop Silk 16 (1.30)","62","Medium","Nylon","1.3","1.31","8.2","9.7","11.2","48.11","34.7","24.2","26.5","74.7","22.6","","184.6","7.03","6.60","0.06","13.7","22.2","95.5","0.131","0.451","3.4"
"Dunlop Silk 16 (1.30)","62","Fast","Nylon","1.3","1.31","8.2","9.7","11.2","47.96","32.9","30.0","37.9","85.8","32.1","","171.5","7.03","6.75","0.27","14.1","22.8","93.3","0.131","0.451","3.4"
"Dunlop Silk 16 (1.30)","51","Slow","Nylon","1.3","1.31","8.2","9.7","11.2","37.84","40.9","19.4","13.7","51.4","12.5","","146.9","6.28","6.60","-0.09","12.8","25.2","97.4","0.131","0.451","3.4"
"Dunlop Silk 16 (1.30)","51","Medium","Nylon","1.3","1.31","8.2","9.7","11.2","37.84","37.5","26.6","27.8","65.7","21.8","","159.4","6.28","6.60","0.02","13.0","25.4","95.5","0.131","0.451","3.4"
"Dunlop Silk 16 (1.30)","51","Fast","Nylon","1.3","1.31","8.2","9.7","11.2","37.77","35.5","32.0","37.3","75.0","30.0","","147.4","6.28","6.67","0.20","13.2","25.9","90.6","0.131","0.451","3.4"
"Dunlop Silk 16 (1.30)","40","Slow","Nylon","1.3","1.31","8.2","9.7","11.2","27.96","45.4","21.9","15.0","43.0","11.8","","127.4","5.29","6.44","-0.04","11.7","29.4","96.8","0.131","0.451","3.4"
"Dunlop Silk 16 (1.30)","40","Medium","Nylon","1.3","1.31","8.2","9.7","11.2","27.98","41.1","29.8","27.1","55.1","20.5","","123.4","5.29","6.42","0.06","11.7","29.7","93.5","0.131","0.451","3.4"
"Dunlop Silk 16 (1.30)","40","Fast","Nylon","1.3","1.31","8.2","9.7","11.2","27.92","38.8","35.0","37.0","65.0","28.4","","122.9","5.29","6.48","0.14","11.9","30","89.1","0.131","0.451","3.4"
"Dunlop Silk 17","62","Slow","Nylon","1.22","1.24","10.0","11.8","13.6","46.15","38.3","18.0","12.3","58.7","13.2","","156.0","7.21","8.38","0.00","15.7","25.2","95.3","0.121","0.423","3.5"
"Dunlop Silk 17","62","Medium","Nylon","1.22","1.24","10.0","11.8","13.6","45.84","35.7","25.2","25.4","71.2","22.5","","161.7","7.21","8.69","0.04","15.9","25.8","96.8","0.121","0.423","3.5"
"Dunlop Silk 17","62","Fast","Nylon","1.22","1.24","10.0","11.8","13.6","45.69","33.9","30.5","35.9","81.8","31.2","","157.2","7.21","8.84","0.22","16.3","26.4","93.7","0.121","0.423","3.5"
"Dunlop Silk 17","51","Slow","Nylon","1.22","1.24","10.0","11.8","13.6","35.35","42.5","20.0","13.2","48.7","12.2","","135.4","6.09","9.28","-0.04","15.4","30.2","95.6","0.121","0.423","3.5"
"Dunlop Silk 17","51","Medium","Nylon","1.22","1.24","10.0","11.8","13.6","35.35","38.9","28.0","26.2","61.5","21.5","","136.6","6.09","9.28","0.03","15.4","30.3","96.0","0.121","0.423","3.5"
"Dunlop Silk 17","51","Fast","Nylon","1.22","1.24","10.0","11.8","13.6","35.28","36.8","33.3","35.7","71.0","29.5","","130.9","6.09","9.35","0.18","15.7","30.8","91.6","0.121","0.423","3.5"
"Dunlop Silk 17","40","Slow","Nylon","1.22","1.24","10.0","11.8","13.6","26.28","46.9","22.0","13.7","39.9","11.0","","114.9","4.61","8.80","0.00","13.5","33.8","95.3","0.121","0.423","3.5"
"Dunlop Silk 17","40","Medium","Nylon","1.22","1.24","10.0","11.8","13.6","26.28","42.6","30.3","25.4","51.6","19.6","","112.0","4.61","8.80","0.02","13.5","33.8","92.7","0.121","0.423","3.5"
"Dunlop Silk 17","40","Fast","Nylon","1.22","1.24","10.0","11.8","13.6","26.26","40.2","36.0","34.2","60.4","27.2","","106.9","4.61","8.82","0.11","13.5","34.1","88.5","0.121","0.423","3.5"
"Weiss Cannon Silverstring 1.25","62","Slow","Polyester","1.25","1.26","2.4","3.9","5.2","35.74","39.7","19.0","22.7","58.4","13.9","","256.0","9.42","16.58","-0.22","25.8","41.8","98.2","0.108","0.407","3.8"
"Weiss Cannon Silverstring 1.25","62","Medium","Polyester","1.25","1.26","2.4","3.9","5.2","36.27","35.9","26.0","38.4","74.7","24.3","","230.9","9.42","16.05","0.24","25.8","41.6","91.6","0.108","0.407","3.8"
"Weiss Cannon Silverstring 1.25","62","Fast","Polyester","1.25","1.26","2.4","3.9","5.2","36.27","33.9","30.9","49.2","85.3","32.9","","209.7","9.42","16.05","0.48","26.0","42","88.9","0.108","0.407","3.8"
"Weiss Cannon Silverstring 1.25","51","Slow","Polyester","1.25","1.26","2.4","3.9","5.2","29.02","41.9","20.1","24.0","52.9","13.3","","241.2","8.29","13.41","0.09","21.8","43","95.1","0.108","0.407","3.8"
"Weiss Cannon Silverstring 1.25","51","Medium","Polyester","1.25","1.26","2.4","3.9","5.2","29.11","37.6","27.2","40.4","69.5","23.6","","222.9","8.29","13.32","0.25","21.8","43.1","91.0","0.108","0.407","3.8"
"Weiss Cannon Silverstring 1.25","51","Fast","Polyester","1.25","1.26","2.4","3.9","5.2","29.04","35.6","32.0","49.2","78.3","31.3","","195.5","8.29","13.39","0.53","22.3","43.8","87.0","0.108","0.407","3.8"
"Weiss Cannon Silverstring 1.25","40","Slow","Polyester","1.25","1.26","2.4","3.9","5.2","17.44","46.6","22.8","26.5","43.9","12.5","","206.3","7.94","14.31","0.02","22.3","56.1","92.2","0.108","0.407","3.8"
"Weiss Cannon Silverstring 1.25","40","Medium","Polyester","1.25","1.26","2.4","3.9","5.2","17.71","41.6","30.0","40.4","58.0","21.8","","182.3","7.94","14.04","0.49","22.5","56.6","85.2","0.108","0.407","3.8"
"Weiss Cannon Silverstring 1.25","40","Fast","Polyester","1.25","1.26","2.4","3.9","5.2","17.64","39.1","35.1","50.7","68.4","30.0","","166.9","7.94","14.11","0.53","22.5","56.9","80.6","0.108","0.407","3.8"
"Weiss Cannon Silverstring 120","62","Slow","Polyester","1.2","NA","2.7","4.2","5.5","29.35","42.6","20.0","22.7","52.0","13.0","","230.9","11.49","20.90","-0.57","31.8","51.5","95.3","0.107","0.397","3.7"
"Weiss Cannon Silverstring 120","62","Medium","Polyester","1.2","NA","2.7","4.2","5.5","30.10","38.2","28.0","37.7","67.7","23.7","","194.9","11.49","20.15","0.33","32.0","51.8","89.1","0.107","0.397","3.7"
"Weiss Cannon Silverstring 120","62","Fast","Polyester","1.2","NA","2.7","4.2","5.5","30.03","36.2","32.5","47.4","77.4","31.5","","181.7","11.49","20.22","0.64","32.4","52.4","86.1","0.107","0.397","3.7"
"Weiss Cannon Silverstring 120","51","Slow","Polyester","1.2","NA","2.7","4.2","5.5","25.07","44.6","21.1","22.9","48.1","12.7","","209.7","8.62","17.03","-0.44","25.1","49.7","94.9","0.107","0.397","3.7"
"Weiss Cannon Silverstring 120","51","Medium","Polyester","1.2","NA","2.7","4.2","5.5","25.75","39.7","29.0","37.9","63.7","23.1","","183.5","8.62","16.35","0.30","25.4","49.8","89.5","0.107","0.397","3.7"
"Weiss Cannon Silverstring 120","51","Fast","Polyester","1.2","NA","2.7","4.2","5.5","25.75","37.5","34.0","47.6","73.4","31.2","","167.4","8.62","16.35","0.68","25.6","50.6","82.6","0.107","0.397","3.7"
"Weiss Cannon Silverstring 120","40","Slow","Polyester","1.2","NA","2.7","4.2","5.5","17.15","48.2","23.0","24.7","41.9","12.0","","189.7","7.10","15.44","-0.16","22.5","56.4","93.3","0.107","0.397","3.7"
"Weiss Cannon Silverstring 120","40","Medium","Polyester","1.2","NA","2.7","4.2","5.5","17.68","42.7","31.0","38.8","56.4","21.8","","164.0","7.10","14.91","0.33","22.3","56.3","86.7","0.107","0.397","3.7"
"Weiss Cannon Silverstring 120","40","Fast","Polyester","1.2","NA","2.7","4.2","5.5","17.64","40.1","36.1","48.3","65.9","29.7","","150.9","7.10","14.95","0.44","22.5","56.7","80.3","0.107","0.397","3.7"
"Toroline Snapper 17 (1.23)","51","Fast","Polyester","1.23","NA","2.7","4.2","10.3","32.81","35.4","32.1","48.3","81.1","32.6","15.4","190.9","4.50","13.41","0.29","18.1","35.9","84.6","0.077","0.56","7.3"
"Gamma Solace 16 (1.32)","51","Fast","Nylon","1.32","1.29","7.0","3.9","8.5","39.91","35.1","32.2","37.5","77.4","31.1","15.8","146.9","5.29","5.52","0.22","11.0","21.7","92.0","0.142","0.502","3.5"
"Gamma Solace 17 (1.27)","51","Fast","Nylon","1.27","1.32","7.0","7.9","10.3","42.01","34.6","32.0","37.3","79.4","31.7","16.3","148.0","4.15","4.56","0.20","8.8","17.6","93.5","0.147","0.516","3.5"
"Diadem Solstice Blace 17 (1.20)","51","Fast","Polyester","1.2","1.31","6.1","7.6","10.0","24.48","37.8","34.3","46.7","71.2","30.5","14.4","161.7","7.28","18.96","0.49","26.7","52.7","83.9","NA","NA","NA"
"Diadem Solstice Power 15L (1.35)","51","Fast","Polyester","1.35","1.25","8.2","8.8","10.3","35.92","33.3","31.0","54.0","90.0","34.9","16.1","228.6","4.70","10.10","0.22","15.0","29.6","88.9","0.072","0.508","7.1"
"Diadem Solstice Power 16 (1.30)","51","Slow","Polyester","1.3","NA","1.8","3.0","3.6","35.70","41.4","20.0","23.2","58.9","14.8","7.3","234.9","4.76","10.26","-0.22","14.8","29.2","95.6","0.08","0.645","8.1"
"Diadem Solstice Power 16 (1.30)","51","Medium","Polyester","1.3","NA","1.8","3.0","3.6","36.34","36.6","27.0","40.4","76.7","25.9","12.7","224.6","4.76","9.62","0.20","14.6","28.7","90.4","0.08","0.645","8.1"
"Diadem Solstice Power 16 (1.30)","51","Fast","Polyester","1.3","NA","1.8","3.0","3.6","36.27","34.4","32.0","51.2","87.3","34.9","16.9","202.9","4.76","9.69","0.57","15.0","29.6","88.0","0.08","0.645","8.1"
"Diadem Solstice Power 16 (1.30)","62","Slow","Polyester","1.3","NA","1.8","3.0","3.6","46.92","38.6","18.9","20.7","67.7","16.0","7.9","236.0","3.90","10.92","-0.24","14.6","23.6","95.8","0.08","0.645","8.1"
"Diadem Solstice Power 16 (1.30)","62","Medium","Polyester","1.3","NA","1.8","3.0","3.6","47.34","34.4","25.5","37.7","85.1","27.1","13.6","236.6","3.90","10.50","0.13","14.6","23.5","94.5","0.08","0.645","8.1"
"Diadem Solstice Power 16 (1.30)","62","Fast","Polyester","1.3","NA","1.8","3.0","3.6","47.32","32.4","30.1","49.0","96.1","36.2","17.9","219.5","3.90","10.52","0.46","15.0","24.1","89.5","0.08","0.645","8.1"
"Diadem Solstice Power 16 (1.30)","40","Slow","Polyester","1.3","NA","1.8","3.0","3.6","20.07","47.2","23.1","26.9","47.2","13.6","6.4","206.3","5.56","14.06","0.00","19.6","49.4","91.6","0.08","0.645","8.1"
"Diadem Solstice Power 16 (1.30)","40","Medium","Polyester","1.3","NA","1.8","3.0","3.6","20.55","41.0","30.8","43.0","63.5","24.4","10.6","184.6","5.56","13.58","0.42","19.6","49.3","86.1","0.08","0.645","8.1"
"Diadem Solstice Power 16 (1.30)","40","Fast","Polyester","1.3","NA","1.8","3.0","3.6","20.57","38.1","35.2","53.6","74.3","32.7","14.4","175.5","5.56","13.56","0.64","19.8","49.8","82.4","0.08","0.645","8.1"
"Diadem Solstice Power 16L (1.25)","51","Fast","Polyester","1.25","NA","1.8","3.3","10.0","37.26","33.6","31.4","50.9","88.2","34.7","16.2","209.2","3.57","9.89","0.28","13.7","27.1","88.5","0.076","0.555","7.3"
"Diadem Solstice Power 17 (1.20)","40","Slow","Polyester","1.2","NA","1.5","2.7","3.3","22.42","46.1","25.0","26.5","49.0","15.3","6.6","172.6","5.49","11.78","-0.20","17.0","43","95.1","0.073","0.626","8.6"
"Diadem Solstice Power 17 (1.20)","40","Medium","Polyester","1.2","NA","1.5","2.7","3.3","23.06","39.8","29.9","43.0","65.9","24.7","10.9","195.5","5.49","11.14","0.30","17.0","42.7","89.3","0.073","0.626","8.6"
"Diadem Solstice Power 17 (1.20)","40","Fast","Polyester","1.2","NA","1.5","2.7","3.3","22.93","37.2","34.3","53.6","76.5","32.9","14.9","185.2","5.49","11.27","0.44","17.2","43.3","83.9","0.073","0.626","8.6"
"Diadem Solstice Power 17 (1.20)","51","Slow","Polyester","1.2","NA","1.5","2.7","3.3","36.47","41.0","22.0","22.5","59.1","16.2","7.2","189.2","4.26","9.99","-0.11","14.1","27.9","95.8","0.073","0.626","8.6"
"Diadem Solstice Power 17 (1.20)","51","Medium","Polyester","1.2","NA","1.5","2.7","3.3","36.78","36.4","26.9","39.2","76.1","25.6","12.1","220.0","4.26","9.68","0.24","14.1","28","93.7","0.073","0.626","8.6"
"Diadem Solstice Power 17 (1.20)","51","Fast","Polyester","1.2","NA","1.5","2.7","3.3","36.76","34.2","32.0","49.6","86.4","34.5","16.0","196.6","4.26","9.70","0.51","14.6","28.5","87.4","0.073","0.626","8.6"
"Diadem Solstice Power 17 (1.20)","62","Slow","Polyester","1.2","NA","1.5","2.7","3.3","46.28","38.4","18.2","20.3","66.6","15.1","7.7","249.7","4.15","11.31","-0.31","15.2","24.5","96.4","0.073","0.626","8.6"
"Diadem Solstice Power 17 (1.20)","62","Medium","Polyester","1.2","NA","1.5","2.7","3.3","46.81","34.4","25.5","36.4","83.1","26.6","13.0","226.9","4.15","10.78","0.15","15.0","24.4","94.5","0.073","0.626","8.6"
"Diadem Solstice Power 17 (1.20)","62","Fast","Polyester","1.2","NA","1.5","2.7","3.3","46.44","32.6","30.5","48.3","94.8","36.1","17.6","211.5","4.15","11.15","0.31","15.7","25.3","90.6","0.073","0.626","8.6"
"Diadem Solstice Pro 15L (1.35)","51","Fast","Polyester","1.35","NA","2.1","8.5","3.3","36.71","34.4","32.0","48.5","85.3","34.1","16.2","192.6","3.97","10.04","0.22","14.3","28","88.9","0.077","0.544","7.1"
"Diadem Solstice Pro 16L (1.25)","51","Fast","Polyester","1.25","1.32","6.7","7.6","9.4","36.05","34.6","32.0","48.1","84.0","33.7","15.9","190.3","3.37","11.30","0.17","14.8","29.3","88.5","NA","NA","NA"
"Diadem Solstice Pro 16L (1.25)","40","Slow","Polyester","0","NA","2.4","3.6","4.5","21.94","47.1","23.1","24.0","46.1","13.3","6.3","183.5","5.60","12.15","-0.02","17.6","44.7","93.7","0.081","0.589","7.3"
"Diadem Solstice Pro 16L (1.25)","40","Medium","Polyester","0","NA","2.4","3.6","4.5","22.25","41.3","31.0","40.1","62.4","24.2","11.0","170.3","5.60","11.84","0.38","17.9","44.9","89.1","0.081","0.589","7.3"
"Diadem Solstice Pro 16L (1.25)","40","Fast","Polyester","0","NA","2.4","3.6","4.5","22.20","38.5","36.0","50.3","72.5","32.6","14.9","157.7","5.60","11.89","0.41","17.9","45.1","83.0","0.081","0.589","7.3"
"Diadem Solstice Pro 16L (1.25)","51","Slow","Polyester","0","NA","2.4","3.6","4.5","34.84","42.5","20.8","21.4","56.2","14.6","7.2","201.7","4.37","11.51","-0.18","15.7","31","97.8","0.081","0.589","7.3"
"Diadem Solstice Pro 16L (1.25)","51","Medium","Polyester","0","NA","2.4","3.6","4.5","35.35","37.6","27.9","37.3","72.8","25.4","12.4","194.3","4.37","11.00","0.27","15.7","30.8","89.1","0.081","0.589","7.3"
"Diadem Solstice Pro 16L (1.25)","51","Fast","Polyester","0","NA","2.4","3.6","4.5","35.32","35.3","32.9","47.6","82.9","34.2","16.8","178.9","4.37","11.03","0.55","15.9","31.4","89.1","0.081","0.589","7.3"
"Diadem Solstice Pro 16L (1.25)","62","Slow","Polyester","0","NA","2.4","3.6","4.5","44.10","39.8","19.1","20.1","64.2","15.3","7.7","224.0","4.61","13.03","-0.35","17.2","28","97.6","0.081","0.589","7.3"
"Diadem Solstice Pro 16L (1.25)","62","Medium","Polyester","0","NA","2.4","3.6","4.5","44.65","35.3","26.1","35.5","80.3","26.2","12.9","212.0","4.61","12.48","0.11","17.2","27.9","94.1","0.081","0.589","7.3"
"Diadem Solstice Pro 16L (1.25)","62","Fast","Polyester","0","NA","2.4","3.6","4.5","44.65","33.4","31.0","46.1","90.6","35.1","17.3","194.9","4.61","12.48","0.55","17.6","28.6","91.0","0.081","0.589","7.3"
"Head Sonic Pro 16","62","Slow","Polyester","1.3","1.32","3.6","6.1","8.5","32.46","40.8","19.6","22.9","55.6","13.6","","242.9","10.94","18.34","-0.37","28.9","46.8","95.1","0.092","0.388","4.2"
"Head Sonic Pro 16","62","Medium","Polyester","1.3","1.32","3.6","6.1","8.5","33.14","37.0","26.5","37.7","71.0","23.5","","218.9","10.94","17.66","0.26","28.9","46.8","92.0","0.092","0.388","4.2"
"Head Sonic Pro 16","62","Fast","Polyester","1.3","1.32","3.6","6.1","8.5","33.12","35.1","31.9","48.5","81.8","32.6","","193.7","10.94","17.68","0.64","29.3","47.4","86.1","0.092","0.388","4.2"
"Head Sonic Pro 16","51","Slow","Polyester","1.3","1.32","3.6","6.1","8.5","21.72","45.5","22.0","24.9","46.5","12.8","","209.2","9.97","19.03","-0.11","28.9","57","92.7","0.092","0.388","4.2"
"Head Sonic Pro 16","51","Medium","Polyester","1.3","1.32","3.6","6.1","8.5","22.23","40.9","29.1","37.9","60.2","21.9","","181.7","9.97","18.52","-1.72","26.7","52.8","86.9","0.092","0.388","4.2"
"Head Sonic Pro 16","51","Fast","Polyester","1.3","1.32","3.6","6.1","8.5","22.27","38.8","34.4","46.7","69.0","29.7","","160.6","9.97","18.48","0.44","28.9","57","81.2","0.092","0.388","4.2"
"Head Sonic Pro 16","40","Slow","Polyester","1.3","1.32","3.6","6.1","8.5","13.21","50.5","24.5","25.8","39.0","11.9","","173.7","8.09","18.39","-0.02","26.5","66.7","89.7","0.092","0.388","4.2"
"Head Sonic Pro 16","40","Medium","Polyester","1.3","1.32","3.6","6.1","8.5","13.56","45.5","32.1","36.8","50.5","20.2","","146.3","8.09","18.04","0.20","26.2","66.3","81.0","0.092","0.388","4.2"
"Head Sonic Pro 16","40","Fast","Polyester","1.3","1.32","3.6","6.1","8.5","13.67","43.2","38.0","44.5","58.2","27.7","","125.2","8.09","17.93","0.84","26.9","67.7","74.1","0.092","0.388","4.2"
"Head Sonic Pro 17","62","Slow","Polyester","1.251","1.26","3.6","6.1","8.5","32.74","40.4","19.2","23.2","55.8","13.4","","253.7","10.89","18.11","-0.42","28.7","46.3","95.5","0.087","0.342","3.9"
"Head Sonic Pro 17","62","Medium","Polyester","1.251","1.26","3.6","6.1","8.5","33.43","36.4","26.1","38.4","71.9","23.4","","228.6","10.89","17.42","0.18","28.4","46.1","93.5","0.087","0.342","3.9"
"Head Sonic Pro 17","62","Fast","Polyester","1.251","1.26","3.6","6.1","8.5","33.45","34.5","31.2","48.5","82.0","31.9","","203.5","10.89","17.40","0.49","28.9","46.6","87.0","0.087","0.342","3.9"
"Head Sonic Pro 17","51","Slow","Polyester","1.251","1.26","3.6","6.1","8.5","22.91","44.8","21.7","24.3","47.2","12.8","","209.7","8.75","19.06","-0.29","27.6","54.3","94.3","0.087","0.342","3.9"
"Head Sonic Pro 17","51","Medium","Polyester","1.251","1.26","3.6","6.1","8.5","23.59","40.1","29.0","37.9","61.5","22.3","","184.0","8.75","18.38","0.37","27.6","54.2","88.4","0.087","0.342","3.9"
"Head Sonic Pro 17","51","Fast","Polyester","1.251","1.26","3.6","6.1","8.5","23.04","38.0","34.1","47.0","69.9","29.8","","164.6","8.75","18.93","0.15","27.8","54.9","83.9","0.087","0.342","3.9"
"Head Sonic Pro 17","40","Slow","Polyester","1.251","1.26","3.6","6.1","8.5","13.45","50.0","24.2","25.6","39.0","11.8","","177.2","8.16","18.08","0.04","26.2","66.2","89.9","0.087","0.342","3.9"
"Head Sonic Pro 17","40","Medium","Polyester","1.251","1.26","3.6","6.1","8.5","13.78","45.2","32.0","35.7","49.6","19.8","","142.3","8.16","17.75","0.55","26.5","66.7","80.3","0.087","0.342","3.9"
"Head Sonic Pro 17","40","Fast","Polyester","1.251","1.26","3.6","6.1","8.5","13.60","42.8","37.8","44.8","58.2","27.5","","126.9","8.16","17.93","0.39","26.5","66.7","76.2","0.087","0.342","3.9"
"Head Sonic Pro Edge 16","40","Slow","Polyester","1.3","NA","1.5","3.0","4.2","19.51","45.2","22.0","26.2","45.9","12.6","6.3","221.7","4.96","15.22","-0.20","20.1","50.3","92.0","0.076","0.363","4.8"
"Head Sonic Pro Edge 16","40","Medium","Polyester","1.3","NA","1.5","3.0","4.2","20.15","40.0","29.2","41.0","61.1","22.3","10.6","195.5","4.96","14.58","0.39","19.8","50.2","86.9","0.076","0.363","4.8"
"Head Sonic Pro Edge 16","40","Fast","Polyester","1.3","NA","1.5","3.0","4.2","20.11","37.7","34.0","50.3","70.3","29.9","14.2","176.0","4.96","14.62","0.57","20.1","50.8","82.6","0.076","0.363","4.8"
"Head Sonic Pro Edge 16","51","Slow","Polyester","1.3","NA","1.5","3.0","4.2","31.18","40.6","19.3","23.8","54.9","13.2","7.0","259.5","4.74","14.80","-0.35","19.2","37.8","95.6","0.076","0.363","4.8"
"Head Sonic Pro Edge 16","51","Medium","Polyester","1.3","NA","1.5","3.0","4.2","31.82","36.5","26.1","39.2","71.0","23.2","11.8","233.7","4.74","14.16","0.27","19.2","37.8","91.6","0.076","0.363","4.8"
"Head Sonic Pro Edge 16","51","Fast","Polyester","1.3","NA","1.5","3.0","4.2","31.80","34.6","31.8","48.7","80.5","32.0","15.5","194.9","4.74","14.18","0.60","19.6","38.5","87.0","0.076","0.363","4.8"
"Head Sonic Pro Edge 16","62","Slow","Polyester","1.3","NA","1.5","3.0","4.2","39.82","37.9","18.0","21.8","61.7","13.9","7.7","274.9","5.76","16.16","-0.66","21.2","34.4","97.8","0.076","0.363","4.8"
"Head Sonic Pro Edge 16","62","Medium","Polyester","1.3","NA","1.5","3.0","4.2","40.73","34.3","25.0","37.5","78.3","24.5","13.1","244.0","5.76","15.25","0.18","21.2","34.3","95.3","0.076","0.363","4.8"
"Head Sonic Pro Edge 16","62","Fast","Polyester","1.3","NA","1.5","3.0","4.2","40.73","32.6","29.9","47.6","88.4","33.1","17.1","216.6","5.76","15.25","0.62","21.6","35","87.4","0.076","0.363","4.8"
"Kirschbaum Spiky Shark 16","62","Slow","Polyester","1.3","1.31","1.8","3.3","3.9","36.89","38.8","18.2","24.5","61.3","14.0","","299.5","11.11","13.74","-0.20","24.7","39.9","94.9","0.072","0.541","7.5"
"Kirschbaum Spiky Shark 16","62","Medium","Polyester","1.3","1.31","1.8","3.3","3.9","37.33","35.1","25.2","41.7","78.9","24.8","","268.0","11.11","13.30","0.15","24.5","39.8","93.3","0.072","0.541","7.5"
"Kirschbaum Spiky Shark 16","62","Fast","Polyester","1.3","1.31","1.8","3.3","3.9","37.35","33.1","30.0","53.6","91.1","34.2","","241.7","11.11","13.28","0.53","24.9","40.4","87.4","0.072","0.541","7.5"
"Kirschbaum Spiky Shark 16","51","Slow","Polyester","1.3","1.31","1.8","3.3","3.9","26.97","42.0","20.1","26.7","53.6","13.4","","269.2","8.36","15.39","-0.17","23.6","46.5","92.9","0.072","0.541","7.5"
"Kirschbaum Spiky Shark 16","51","Medium","Polyester","1.3","1.31","1.8","3.3","3.9","27.34","37.6","27.0","43.2","70.6","23.8","","240.6","8.36","15.02","0.24","23.6","46.6","89.5","0.072","0.541","7.5"
"Kirschbaum Spiky Shark 16","51","Fast","Polyester","1.3","1.31","1.8","3.3","3.9","27.32","35.5","32.0","54.5","81.8","32.7","","216.0","8.36","15.04","0.64","24.0","47.4","85.6","0.072","0.541","7.5"
"Kirschbaum Spiky Shark 16","40","Slow","Polyester","1.3","1.31","1.8","3.3","3.9","16.65","46.5","22.8","28.9","45.4","13.0","","225.2","6.46","16.58","-0.09","22.9","57.8","90.8","0.072","0.541","7.5"
"Kirschbaum Spiky Shark 16","40","Medium","Polyester","1.3","1.31","1.8","3.3","3.9","17.07","41.3","30.0","43.9","60.9","22.8","","197.7","6.46","16.16","0.27","22.9","57.7","82.8","0.072","0.541","7.5"
"Kirschbaum Spiky Shark 16","40","Fast","Polyester","1.3","1.31","1.8","3.3","3.9","17.09","38.8","34.8","54.2","71.2","31.0","","182.3","6.46","16.14","0.66","23.4","58.6","78.9","0.072","0.541","7.5"
"Kirschbaum Spiky Shark 17","62","Slow","Polyester","1.25","1.30","2.4","4.5","6.1","37.40","38.5","18.1","23.8","61.3","13.8","","297.8","11.07","13.27","-0.20","24.3","39.1","97.4","0.072","0.533","7.4"
"Kirschbaum Spiky Shark 17","62","Medium","Polyester","1.25","1.30","2.4","4.5","6.1","37.75","34.9","25.0","41.7","79.4","24.8","","270.3","11.07","12.92","0.27","24.3","39.3","93.5","0.072","0.533","7.4"
"Kirschbaum Spiky Shark 17","62","Fast","Polyester","1.25","1.30","2.4","4.5","6.1","37.68","33.0","30.0","52.9","90.4","33.9","","238.3","11.07","12.99","0.59","24.7","39.9","87.6","0.072","0.533","7.4"
"Kirschbaum Spiky Shark 17","51","Slow","Polyester","1.25","1.30","2.4","4.5","6.1","23.68","43.3","20.9","26.9","50.5","13.2","","249.7","10.65","16.39","-0.20","26.9","52.9","93.7","0.072","0.533","7.4"
"Kirschbaum Spiky Shark 17","51","Medium","Polyester","1.25","1.30","2.4","4.5","6.1","24.28","38.7","28.0","42.1","66.4","23.2","","218.3","10.65","15.79","0.42","26.9","53","87.6","0.072","0.533","7.4"
"Kirschbaum Spiky Shark 17","51","Fast","Polyester","1.25","1.30","2.4","4.5","6.1","24.30","36.4","32.9","52.7","77.2","31.7","","197.7","10.65","15.77","0.71","27.1","53.5","83.5","0.072","0.533","7.4"
"Kirschbaum Spiky Shark 17","40","Slow","Polyester","1.25","1.30","2.4","4.5","6.1","11.36","49.9","24.1","28.9","40.4","12.1","","203.5","8.16","20.17","0.16","28.4","71.8","87.4","0.072","0.533","7.4"
"Kirschbaum Spiky Shark 17","40","Medium","Polyester","1.25","1.30","2.4","4.5","6.1","11.73","44.5","32.0","40.8","52.5","21.0","","162.3","8.16","19.80","0.59","28.4","71.9","78.9","0.072","0.533","7.4"
"Kirschbaum Spiky Shark 17","40","Fast","Polyester","1.25","1.30","2.4","4.5","6.1","11.73","41.8","37.0","51.4","63.3","29.2","","153.2","8.16","19.80","0.64","28.7","72.1","75.0","0.072","0.533","7.4"
"Wilson Spin Cycle 16L","40","Slow","Polyester","1.27","NA","2.4","4.2","5.2","14.88","47.9","23.2","27.6","42.3","12.3","5.9","207.5","7.08","17.73","0.06","24.9","62.7","90.4","0.1","0.42","4.2"
"Wilson Spin Cycle 16L","40","Medium","Polyester","1.27","NA","2.4","4.2","5.2","15.35","42.4","31.0","41.2","56.4","21.9","10.2","174.3","7.08","17.26","0.42","24.7","62.4","84.5","0.1","0.42","4.2"
"Wilson Spin Cycle 16L","40","Fast","Polyester","1.27","NA","2.4","4.2","5.2","15.30","39.8","36.0","50.7","65.9","29.7","13.1","158.9","7.08","17.31","0.50","24.9","62.7","78.7","0.1","0.42","4.2"
"Wilson Spin Cycle 16L","51","Slow","Polyester","1.27","NA","2.4","4.2","5.2","31.05","40.7","19.4","23.8","54.9","13.3","7.1","257.2","6.50","13.17","-0.15","19.6","38.5","96.4","0.1","0.42","4.2"
"Wilson Spin Cycle 16L","51","Medium","Polyester","1.27","NA","2.4","4.2","5.2","31.53","36.4","26.4","40.1","71.7","23.7","11.8","232.6","6.50","12.69","0.22","19.4","38.3","92.0","0.1","0.42","4.2"
"Wilson Spin Cycle 16L","51","Fast","Polyester","1.27","NA","2.4","4.2","5.2","31.55","34.4","31.6","50.5","82.0","32.5","16.2","205.7","6.50","12.67","0.48","19.6","38.7","87.6","0.1","0.42","4.2"
"Wilson Spin Cycle 16L","62","Slow","Polyester","1.27","NA","2.4","4.2","5.2","42.89","37.1","17.7","21.4","64.4","14.2","7.7","278.9","5.51","13.34","-0.26","18.5","30.1","97.4","0.1","0.42","4.2"
"Wilson Spin Cycle 16L","62","Medium","Polyester","1.27","NA","2.4","4.2","5.2","43.35","33.7","24.2","38.1","81.4","24.6","13.1","265.2","5.51","12.88","0.11","18.5","30","92.9","0.1","0.42","4.2"
"Wilson Spin Cycle 16L","62","Fast","Polyester","1.27","NA","2.4","4.2","5.2","43.33","31.9","29.2","49.4","92.6","33.9","17.1","234.3","5.51","12.90","0.46","19.0","30.6","90.2","0.1","0.42","4.2"
"Babolat SpiralTek 17","51","Fast","Nylon","1.25","NA","0.9","1.8","5.2","42.25","34.9","32.4","38.6","80.7","32.7","16.4","149.2","5.51","2.96","0.13","8.6","17","92.7","0.074","0.418","5.6"
"Wilson Stamina 16","62","Slow","Nylon","1.32","1.32","6.4","7.6","8.5","50.96","36.7","16.9","15.2","66.2","14.0","","214.9","7.34","3.44","0.07","10.8","17.6","98.2","0.124","0.372","3"
"Wilson Stamina 16","62","Medium","Nylon","1.32","1.32","6.4","7.6","8.5","50.63","34.0","24.1","32.0","82.5","24.9","","222.9","7.34","3.77","0.05","11.2","18.1","94.7","0.124","0.372","3"
"Wilson Stamina 16","62","Fast","Nylon","1.32","1.32","6.4","7.6","8.5","50.41","32.0","29.5","45.2","95.7","35.3","","210.9","7.34","3.99","0.18","11.5","18.6","94.3","0.124","0.372","3"
"Wilson Stamina 16","51","Slow","Nylon","1.32","1.32","6.4","7.6","8.5","40.55","40.1","18.2","16.3","56.9","13.0","","200.6","6.84","3.33","0.00","10.1","20","95.1","0.124","0.372","3"
"Wilson Stamina 16","51","Medium","Nylon","1.32","1.32","6.4","7.6","8.5","40.33","36.4","26.1","32.9","73.2","23.8","","196.0","6.84","3.55","0.04","10.4","20.6","95.1","0.124","0.372","3"
"Wilson Stamina 16","51","Fast","Nylon","1.32","1.32","6.4","7.6","8.5","40.13","34.2","31.7","45.4","85.6","33.9","","183.5","6.84","3.75","0.18","10.8","21.2","92.4","0.124","0.372","3"
"Wilson Stamina 16","40","Slow","Nylon","1.32","1.32","6.4","7.6","8.5","29.66","44.7","20.8","16.8","46.5","12.1","","157.7","6.62","3.41","0.00","10.1","25.3","98.4","0.124","0.372","3"
"Wilson Stamina 16","40","Medium","Nylon","1.32","1.32","6.4","7.6","8.5","29.55","39.7","29.0","33.3","62.8","22.8","","161.2","6.62","3.52","0.09","10.1","25.8","94.3","0.124","0.372","3"
"Wilson Stamina 16","40","Fast","Nylon","1.32","1.32","6.4","7.6","8.5","29.37","37.0","34.0","44.5","73.9","31.4","","156.6","6.62","3.70","0.11","10.4","26.3","90.8","0.124","0.372","3"
"Poly Star Strike 16 (1.30)","62","Slow","Polyester","1.3","1.30","1.8","3.0","4.5","33.01","39.8","19.0","25.1","58.0","13.8","","281.8","11.29","17.44","-0.48","28.2","45.8","94.9","0.081","0.414","5.1"
"Poly Star Strike 16 (1.30)","62","Medium","Polyester","1.3","1.30","1.8","3.0","4.5","33.80","35.9","26.0","40.8","74.7","24.3","","245.7","11.29","16.65","0.28","28.2","45.7","91.8","0.081","0.414","5.1"
"Poly Star Strike 16 (1.30)","62","Fast","Polyester","1.3","1.30","1.8","3.0","4.5","33.80","34.0","30.7","52.0","85.8","32.9","","224.6","11.29","16.65","0.53","28.4","46.1","85.7","0.081","0.414","5.1"
"Poly Star Strike 16 (1.30)","51","Slow","Polyester","1.3","1.30","1.8","3.0","4.5","25.51","42.4","20.1","26.5","52.0","13.1","","268.0","8.78","16.43","-0.51","24.7","48.7","95.1","0.081","0.414","5.1"
"Poly Star Strike 16 (1.30)","51","Medium","Polyester","1.3","1.30","1.8","3.0","4.5","26.35","38.1","27.3","41.0","67.5","23.0","","223.5","8.78","15.59","0.29","24.7","48.6","88.4","0.081","0.414","5.1"
"Poly Star Strike 16 (1.30)","51","Fast","Polyester","1.3","1.30","1.8","3.0","4.5","26.37","36.2","32.1","50.9","77.4","31.1","","201.2","8.78","15.57","0.57","24.9","49.1","82.8","0.081","0.414","5.1"
"Poly Star Strike 16 (1.30)","40","Slow","Polyester","1.3","1.30","1.8","3.0","4.5","18.61","45.6","22.0","27.3","46.1","12.6","","229.7","6.70","14.38","-0.18","20.9","52.7","89.7","0.081","0.414","5.1"
"Poly Star Strike 16 (1.30)","40","Medium","Polyester","1.3","1.30","1.8","3.0","4.5","19.07","40.6","29.1","41.0","60.2","21.9","","197.7","6.70","13.92","0.37","20.9","52.9","85.6","0.081","0.414","5.1"
"Poly Star Strike 16 (1.30)","40","Fast","Polyester","1.3","1.30","1.8","3.0","4.5","19.10","38.4","34.0","51.4","70.3","30.0","","180.0","6.70","13.89","0.49","21.2","53.1","78.9","0.081","0.414","5.1"
"Poly Star Strike 16L (1.25)","62","Slow","Polyester","1.25","1.27","2.4","3.9","5.2","32.04","40.5","19.6","24.3","56.2","13.8","","254.9","12.17","17.53","-0.31","29.3","47.6","95.1","0.087","0.415","4.8"
"Poly Star Strike 16L (1.25)","62","Medium","Polyester","1.25","1.27","2.4","3.9","5.2","32.55","36.6","26.0","39.7","72.3","23.5","","237.7","12.17","17.02","0.27","29.5","47.7","90.4","0.087","0.415","4.8"
"Poly Star Strike 16L (1.25)","62","Fast","Polyester","1.25","1.27","2.4","3.9","5.2","32.50","34.8","31.4","50.5","83.1","32.6","","208.6","12.17","17.07","0.55","29.8","48.3","85.9","0.087","0.415","4.8"
"Poly Star Strike 16L (1.25)","51","Slow","Polyester","1.25","1.27","2.4","3.9","5.2","24.96","43.2","20.7","25.8","50.7","13.2","","244.0","8.16","17.60","-0.22","25.6","50.3","94.5","0.087","0.415","4.8"
"Poly Star Strike 16L (1.25)","51","Medium","Polyester","1.25","1.27","2.4","3.9","5.2","25.31","39.1","28.0","39.7","65.0","22.7","","205.7","8.16","17.25","0.39","25.8","50.9","88.7","0.087","0.415","4.8"
"Poly Star Strike 16L (1.25)","51","Fast","Polyester","1.25","1.27","2.4","3.9","5.2","25.20","37.0","33.1","49.4","74.7","30.8","","184.0","8.16","17.36","0.55","26.0","51.4","82.1","0.087","0.415","4.8"
"Poly Star Strike 16L (1.25)","40","Slow","Polyester","1.25","1.27","2.4","3.9","5.2","17.79","46.8","22.7","26.0","43.9","12.5","","204.6","6.84","15.06","-0.09","21.8","54.9","91.4","0.087","0.415","4.8"
"Poly Star Strike 16L (1.25)","40","Medium","Polyester","1.25","1.27","2.4","3.9","5.2","18.19","42.0","30.0","38.6","56.9","21.3","","174.9","6.84","14.66","0.40","21.8","55.2","83.2","0.087","0.415","4.8"
"Poly Star Strike 16L (1.25)","40","Fast","Polyester","1.25","1.27","2.4","3.9","5.2","18.13","39.8","35.2","48.7","66.8","29.4","","159.4","6.84","14.72","0.49","22.1","55.6","79.4","0.087","0.415","4.8"
"Babolat Super Fine Play 16","62","Slow","Nylon","1.3","1.34","NA","NA","8.8","50.87","36.6","16.9","15.0","65.9","13.9","","212.0","8.22","2.65","0.02","10.8","17.6","98.2","0.1","0.378","3.8"
"Babolat Super Fine Play 16","62","Medium","Nylon","1.3","1.34","NA","NA","8.8","50.36","33.6","24.0","31.5","82.0","24.6","","222.9","8.22","3.16","0.04","11.5","18.5","98.4","0.1","0.378","3.8"
"Babolat Super Fine Play 16","62","Fast","Nylon","1.3","1.34","NA","NA","8.8","49.99","31.8","29.0","45.4","95.5","34.6","","219.5","8.22","3.53","0.13","11.9","19.2","94.3","0.1","0.378","3.8"
"Babolat Super Fine Play 16","51","Slow","Nylon","1.3","1.34","NA","NA","8.8","40.46","39.7","18.1","15.9","56.4","12.8","","197.2","7.50","2.76","0.02","10.4","20.3","97.4","0.1","0.378","3.8"
"Babolat Super Fine Play 16","51","Medium","Nylon","1.3","1.34","NA","NA","8.8","40.13","36.0","26.0","33.1","73.2","23.8","","198.3","7.50","3.09","0.09","10.6","21","96.2","0.1","0.378","3.8"
"Babolat Super Fine Play 16","51","Fast","Nylon","1.3","1.34","NA","NA","8.8","39.80","33.9","31.0","45.4","85.1","33.1","","191.5","7.50","3.42","0.09","11.0","21.7","94.1","0.1","0.378","3.8"
"Babolat Super Fine Play 16","40","Slow","Nylon","1.3","1.34","NA","NA","8.8","27.85","44.9","21.0","17.2","45.2","11.8","","158.9","8.45","3.39","-0.04","11.9","29.7","96.2","0.1","0.378","3.8"
"Babolat Super Fine Play 16","40","Medium","Nylon","1.3","1.34","NA","NA","8.8","27.74","40.0","29.0","33.5","61.3","22.2","","161.7","8.45","3.50","0.07","11.9","30.3","92.5","0.1","0.378","3.8"
"Babolat Super Fine Play 16","40","Fast","Nylon","1.3","1.34","NA","NA","8.8","27.56","37.5","34.1","44.5","72.1","30.7","","154.9","8.45","3.68","0.15","12.3","30.9","89.1","0.1","0.378","3.8"
"Kirschbaum Super Smash 16/1.30","62","Slow","Polyester","1.3","1.34","1.5","2.3","3.6","34.91","39.0","18.1","26.9","61.7","14.0","","333.2","10.67","16.16","-0.33","26.5","42.9","97.4","0.08","0.424","5.3"
"Kirschbaum Super Smash 16/1.30","62","Medium","Polyester","1.3","1.34","1.5","2.3","3.6","35.54","34.8","25.7","45.9","81.4","26.2","","281.8","10.67","15.53","0.15","26.5","42.7","90.6","0.08","0.424","5.3"
"Kirschbaum Super Smash 16/1.30","62","Fast","Polyester","1.3","1.34","1.5","2.3","3.6","35.61","33.0","30.0","58.2","93.7","35.2","","262.9","10.67","15.46","0.55","26.7","43.2","87.0","0.08","0.424","5.3"
"Kirschbaum Super Smash 16/1.30","51","Slow","Polyester","1.3","1.34","1.5","2.3","3.6","24.81","42.5","20.0","28.4","53.1","13.3","","287.5","8.49","17.42","-0.24","25.6","50.6","92.4","0.08","0.424","5.3"
"Kirschbaum Super Smash 16/1.30","51","Medium","Polyester","1.3","1.34","1.5","2.3","3.6","25.51","37.7","27.7","45.4","71.0","24.6","","240.6","8.49","16.72","0.33","25.6","50.3","87.4","0.08","0.424","5.3"
"Kirschbaum Super Smash 16/1.30","51","Fast","Polyester","1.3","1.34","1.5","2.3","3.6","25.51","35.8","32.0","56.0","81.4","32.6","","221.7","8.49","16.72","0.48","25.6","50.7","80.8","0.08","0.424","5.3"
"Kirschbaum Super Smash 16/1.30","40","Slow","Polyester","1.3","1.34","1.5","2.3","3.6","17.93","45.3","22.0","29.8","47.8","13.1","","251.5","4.63","17.13","-0.15","21.6","54.4","90.6","0.08","0.424","5.3"
"Kirschbaum Super Smash 16/1.30","40","Medium","Polyester","1.3","1.34","1.5","2.3","3.6","18.52","40.0","29.0","46.5","65.0","23.6","","224.6","4.63","16.54","0.33","21.6","54.2","84.3","0.08","0.424","5.3"
"Kirschbaum Super Smash 16/1.30","40","Fast","Polyester","1.3","1.34","1.5","2.3","3.6","18.52","37.8","34.0","55.1","73.6","31.3","","193.7","4.63","16.54","0.33","21.6","54.2","76.4","0.08","0.424","5.3"
"Kirschbaum Super Smash 17 (1.25)","62","Slow","Polyester","1.25","1.25","1.8","2.7","4.8","37.15","37.9","18.0","24.9","62.0","14.0","","311.5","9.50","15.09","-0.38","24.3","39.2","95.6","0.08","0.453","5.7"
"Kirschbaum Super Smash 17 (1.25)","62","Medium","Polyester","1.25","1.25","1.8","2.7","4.8","37.90","34.3","24.5","42.1","80.0","24.5","","285.8","9.50","14.34","0.15","24.0","38.9","92.7","0.08","0.453","5.7"
"Kirschbaum Super Smash 17 (1.25)","62","Fast","Polyester","1.25","1.25","1.8","2.7","4.8","37.90","32.5","29.2","54.0","91.9","33.6","","256.6","9.50","14.34","0.55","24.5","39.5","87.6","0.08","0.453","5.7"
"Kirschbaum Super Smash 17 (1.25)","51","Slow","Polyester","1.25","1.25","1.8","2.7","4.8","26.20","41.5","20.0","26.7","52.9","13.2","","271.5","8.07","16.45","-0.35","24.3","47.7","95.1","0.08","0.453","5.7"
"Kirschbaum Super Smash 17 (1.25)","51","Medium","Polyester","1.25","1.25","1.8","2.7","4.8","26.88","37.3","27.0","42.1","69.0","23.3","","234.3","8.07","15.77","0.27","24.0","47.5","88.4","0.08","0.453","5.7"
"Kirschbaum Super Smash 17 (1.25)","51","Fast","Polyester","1.25","1.25","1.8","2.7","4.8","26.86","35.3","31.9","52.9","79.8","31.9","","210.9","8.07","15.79","0.51","24.5","48","83.2","0.08","0.453","5.7"
"Kirschbaum Super Smash 17 (1.25)","40","Slow","Polyester","1.25","1.25","1.8","2.7","4.8","18.85","44.3","21.8","28.4","47.2","12.9","","241.7","5.36","15.48","-0.05","20.7","52.4","92.4","0.08","0.453","5.7"
"Kirschbaum Super Smash 17 (1.25)","40","Medium","Polyester","1.25","1.25","1.8","2.7","4.8","19.16","39.8","28.2","43.2","62.2","21.9","","220.6","5.36","15.17","0.42","20.9","52.8","84.6","0.08","0.453","5.7"
"Kirschbaum Super Smash 17 (1.25)","40","Fast","Polyester","1.25","1.25","1.8","2.7","4.8","19.10","37.6","33.9","53.4","72.5","30.7","","189.7","5.36","15.23","0.38","20.9","52.8","80.1","0.08","0.453","5.7"
"Kirschbaum Super Smash Spiky 1.20","62","Slow","Polyester","1.2","1.20","2.4","3.9","5.5","35.10","39.1","18.3","24.7","59.8","13.7","","298.3","10.54","16.10","-0.27","26.5","42.7","96.4","0.095","0.48","5.1"
"Kirschbaum Super Smash Spiky 1.20","62","Medium","Polyester","1.2","1.20","2.4","3.9","5.5","35.68","35.3","25.8","41.7","77.4","24.9","","254.9","10.54","15.52","0.18","26.2","42.5","91.0","0.095","0.48","5.1"
"Kirschbaum Super Smash Spiky 1.20","62","Fast","Polyester","1.2","1.20","2.4","3.9","5.5","35.70","33.4","30.0","53.6","89.3","33.5","","241.2","10.54","15.50","0.55","26.7","43.1","89.1","0.095","0.48","5.1"
"Kirschbaum Super Smash Spiky 1.20","51","Slow","Polyester","1.2","1.20","2.4","3.9","5.5","24.41","42.7","20.2","27.3","51.8","13.1","","272.6","9.88","16.43","-0.11","26.2","51.7","92.9","0.095","0.48","5.1"
"Kirschbaum Super Smash Spiky 1.20","51","Medium","Polyester","1.2","1.20","2.4","3.9","5.5","24.67","38.5","28.0","42.1","66.8","23.4","","218.9","9.88","16.17","0.30","26.2","52","89.3","0.095","0.48","5.1"
"Kirschbaum Super Smash Spiky 1.20","51","Fast","Polyester","1.2","1.20","2.4","3.9","5.5","24.67","36.3","32.4","52.9","77.6","31.5","","205.2","9.88","16.17","0.66","26.7","52.7","83.7","0.095","0.48","5.1"
"Kirschbaum Super Smash Spiky 1.20","40","Slow","Polyester","1.2","1.20","2.4","3.9","5.5","13.54","48.1","23.8","28.7","42.1","12.5","","205.2","7.67","18.48","-0.06","26.0","65.7","89.7","0.095","0.48","5.1"
"Kirschbaum Super Smash Spiky 1.20","40","Medium","Polyester","1.2","1.20","2.4","3.9","5.5","14.02","43.0","30.4","41.5","55.6","21.1","","182.9","7.67","18.00","0.37","26.0","65.6","81.7","0.095","0.48","5.1"
"Kirschbaum Super Smash Spiky 1.20","40","Fast","Polyester","1.2","1.20","2.4","3.9","5.5","14.00","40.5","36.0","52.5","66.4","29.9","","164.6","7.67","18.02","0.62","26.2","66.3","76.6","0.095","0.48","5.1"
"Kirschbaum Super Smash Spiky 16/1.30","62","Slow","Polyester","1.3","1.32","1.5","2.4","4.2","35.06","39.0","18.1","26.5","61.5","13.9","","328.6","11.11","15.57","-0.35","26.2","42.6","95.6","0.09","0.446","5"
"Kirschbaum Super Smash Spiky 16/1.30","62","Medium","Polyester","1.3","1.32","1.5","2.4","4.2","35.68","34.7","25.6","45.9","81.4","26.1","","283.5","11.11","14.95","0.27","26.2","42.6","91.6","0.09","0.446","5"
"Kirschbaum Super Smash Spiky 16/1.30","62","Fast","Polyester","1.3","1.32","1.5","2.4","4.2","35.70","32.9","30.0","58.2","93.7","35.2","","262.3","11.11","14.93","0.53","26.7","43","87.0","0.09","0.446","5"
"Kirschbaum Super Smash Spiky 16/1.30","51","Slow","Polyester","1.3","1.32","1.5","2.4","4.2","22.93","43.2","20.2","28.4","51.4","13.0","","281.8","10.10","17.69","-0.24","27.6","54.3","93.9","0.09","0.446","5"
"Kirschbaum Super Smash Spiky 16/1.30","51","Medium","Polyester","1.3","1.32","1.5","2.4","4.2","23.57","38.3","28.0","45.9","69.2","24.3","","237.2","10.10","17.05","0.31","27.3","54.1","86.7","0.09","0.446","5"
"Kirschbaum Super Smash Spiky 16/1.30","51","Fast","Polyester","1.3","1.32","1.5","2.4","4.2","23.57","36.1","32.4","56.0","79.6","32.2","","216.6","10.10","17.05","0.53","27.8","54.6","80.6","0.09","0.446","5"
"Kirschbaum Super Smash Spiky 16/1.30","40","Slow","Polyester","1.3","1.32","1.5","2.4","4.2","14.35","47.1","22.8","30.6","45.2","12.8","","240.6","6.73","18.61","0.06","25.4","64","90.4","0.09","0.446","5"
"Kirschbaum Super Smash Spiky 16/1.30","40","Medium","Polyester","1.3","1.32","1.5","2.4","4.2","14.75","41.5","30.0","46.3","61.1","22.9","","208.6","6.73","18.21","0.40","25.4","63.8","82.6","0.09","0.446","5"
"Kirschbaum Super Smash Spiky 16/1.30","40","Fast","Polyester","1.3","1.32","1.5","2.4","4.2","14.77","39.2","35.0","56.2","71.0","31.1","","185.7","6.73","18.19","0.53","25.4","64.1","76.6","0.09","0.446","5"
"Kirschbaum Super Smash Spiky 17 (1.25)","62","Slow","Polyester","1.25","1.29","1.5","3.0","4.5","36.34","38.0","18.0","25.4","61.7","13.9","","318.3","10.65","14.75","-0.35","25.1","40.6","98.2","0.074","0.386","5.2"
"Kirschbaum Super Smash Spiky 17 (1.25)","62","Medium","Polyester","1.25","1.29","1.5","3.0","4.5","36.98","34.4","24.6","42.6","79.4","24.4","","286.3","10.65","14.11","0.18","24.9","40.4","92.5","0.074","0.386","5.2"
"Kirschbaum Super Smash Spiky 17 (1.25)","62","Fast","Polyester","1.25","1.29","1.5","3.0","4.5","36.96","32.5","29.6","54.7","91.5","33.9","","253.2","10.65","14.13","0.56","25.4","41","88.4","0.074","0.386","5.2"
"Kirschbaum Super Smash Spiky 17 (1.25)","51","Slow","Polyester","1.25","1.29","1.5","3.0","4.5","24.37","42.0","20.0","27.3","51.8","12.9","","277.7","9.26","17.09","-0.63","25.8","50.7","93.5","0.074","0.386","5.2"
"Kirschbaum Super Smash Spiky 17 (1.25)","51","Medium","Polyester","1.25","1.29","1.5","3.0","4.5","25.40","37.5","27.0","43.4","69.0","23.3","","242.3","9.26","16.06","0.40","25.8","50.7","88.4","0.074","0.386","5.2"
"Kirschbaum Super Smash Spiky 17 (1.25)","51","Fast","Polyester","1.25","1.29","1.5","3.0","4.5","25.42","35.5","32.0","54.0","79.4","31.8","","214.3","9.26","16.04","0.55","25.8","51","82.8","0.074","0.386","5.2"
"Kirschbaum Super Smash Spiky 17 (1.25)","40","Slow","Polyester","1.25","1.29","1.5","3.0","4.5","14.82","46.2","22.1","30.0","44.8","12.4","","248.6","6.35","18.52","-0.35","24.5","61.8","90.4","0.074","0.386","5.2"
"Kirschbaum Super Smash Spiky 17 (1.25)","40","Medium","Polyester","1.25","1.29","1.5","3.0","4.5","15.59","41.0","29.8","44.1","59.5","22.2","","201.2","6.35","17.75","0.33","24.5","61.6","83.2","0.074","0.386","5.2"
"Kirschbaum Super Smash Spiky 17 (1.25)","40","Fast","Polyester","1.25","1.29","1.5","3.0","4.5","15.59","38.8","34.1","54.2","69.9","29.8","","189.7","6.35","17.75","0.51","24.7","62","78.7","0.074","0.386","5.2"
"Toroline Super Toro 17 (1.23)","51","Fast","Polyester","1.23","1.26","1.5","2.4","4.8","33.30","35.1","32.0","47.8","81.1","32.5","15.4","189.7","4.87","12.55","0.18","17.6","34.7","85.2","0.076","0.594","7.8"
"LaserFibre Supernatural Gut Pro Stock 16","51","Slow","Nylon","1.3","1.32","NA","NA","10.0","37.71","41.0","19.0","15.4","53.1","12.6","","173.2","8.95","4.06","-0.08","13.0","25.5","95.8","NA","NA","NA"
"LaserFibre Supernatural Gut Pro Stock 16","51","Medium","Nylon","1.3","1.32","NA","NA","10.0","37.42","37.4","27.1","30.2","67.7","22.9","","168.0","8.95","4.35","0.09","13.5","26.4","95.1","NA","NA","NA"
"LaserFibre Supernatural Gut Pro Stock 16","51","Fast","Nylon","1.3","1.32","NA","NA","10.0","37.20","35.2","32.1","41.0","78.3","31.3","","162.3","8.95","4.57","0.24","13.7","27.1","91.2","NA","NA","NA"
"LaserFibre Supernatural Gut Pro Stock 16","40","Slow","Nylon","1.3","1.32","NA","NA","10.0","28.27","45.3","21.0","15.2","43.4","11.4","","140.0","7.54","3.88","-0.04","11.5","28.7","94.9","NA","NA","NA"
"LaserFibre Supernatural Gut Pro Stock 16","40","Medium","Nylon","1.3","1.32","NA","NA","10.0","28.20","40.7","29.7","29.8","58.0","21.5","","137.7","7.54","3.95","0.11","11.7","29.2","93.9","NA","NA","NA"
"LaserFibre Supernatural Gut Pro Stock 16","40","Fast","Nylon","1.3","1.32","NA","NA","10.0","28.00","38.4","35.0","39.7","67.7","29.7","","131.4","7.54","4.15","0.19","11.9","29.9","88.7","NA","NA","NA"
"LaserFibre Supernatural Gut Pro Stock 16","62","Slow","Nylon","1.3","1.32","NA","NA","10.0","48.25","37.6","17.2","14.3","62.6","13.5","","196.0","9.04","4.45","0.05","13.5","21.9","96.4","NA","NA","NA"
"LaserFibre Supernatural Gut Pro Stock 16","62","Medium","Nylon","1.3","1.32","NA","NA","10.0","47.83","34.6","25.0","29.8","77.6","24.3","","194.3","9.04","4.87","0.16","14.1","22.8","97.0","NA","NA","NA"
"LaserFibre Supernatural Gut Pro Stock 16","62","Fast","Nylon","1.3","1.32","NA","NA","10.0","47.47","32.8","30.0","41.7","89.3","33.5","","188.6","9.04","5.23","0.28","14.6","23.6","95.1","NA","NA","NA"
"LaserFibre Supreme 2.0 16 (1.30)","51","Fast","Nylon/Polyurethane","1.3","1.32","NA","NA","10.0","40.73","34.8","32.0","37.0","77.6","31.1","16.1","146.3","4.48","5.51","0.16","10.1","20","94.5","NA","NA","NA"
"LaserFibre Supreme 2.0 17 (1.25)","51","Fast","Nylon/Polyurethane","1.25","1.25","1.8","4.5","5.5","40.97","35.0","32.1","36.2","77.2","30.9","16.2","142.9","4.50","5.25","0.24","9.9","19.7","94.5","NA","NA","NA"
"Forten Sweet 16","62","Slow","Nylon","1.3","NA","7.6","9.1","10.0","49.79","36.5","17.0","16.1","65.9","14.0","","226.3","7.10","4.85","-0.11","11.9","19.2","97.8","0.122","0.412","3.4"
"Forten Sweet 16","62","Medium","Nylon","1.3","NA","7.6","9.1","10.0","49.61","33.6","24.0","31.8","81.4","24.4","","224.6","7.10","5.03","0.04","12.1","19.7","95.3","0.122","0.412","3.4"
"Forten Sweet 16","62","Fast","Nylon","1.3","NA","7.6","9.1","10.0","49.39","31.9","28.8","45.0","94.4","34.0","","221.2","7.10","5.25","0.39","12.8","20.6","94.1","0.122","0.412","3.4"
"Forten Sweet 16","51","Slow","Nylon","1.3","NA","7.6","9.1","10.0","39.73","39.9","18.7","16.3","56.0","13.1","","190.3","6.48","4.51","0.00","11.0","21.7","99.0","0.122","0.412","3.4"
"Forten Sweet 16","51","Medium","Nylon","1.3","NA","7.6","9.1","10.0","39.60","36.1","26.0","31.8","71.2","23.2","","190.9","6.48","4.64","0.09","11.2","22.1","94.7","0.122","0.412","3.4"
"Forten Sweet 16","51","Fast","Nylon","1.3","NA","7.6","9.1","10.0","39.43","34.0","31.0","44.5","84.0","32.6","","188.6","6.48","4.81","0.18","11.5","22.6","92.7","0.122","0.412","3.4"
"Forten Sweet 16","40","Slow","Nylon","1.3","NA","7.6","9.1","10.0","30.45","43.4","20.1","16.3","46.7","11.8","","165.2","5.62","3.62","0.00","9.3","23.3","95.6","0.122","0.412","3.4"
"Forten Sweet 16","40","Medium","Nylon","1.3","NA","7.6","9.1","10.0","30.32","39.2","28.0","32.0","62.4","21.9","","165.7","5.62","3.75","0.09","9.5","23.8","93.7","0.122","0.412","3.4"
"Forten Sweet 16","40","Fast","Nylon","1.3","NA","7.6","9.1","10.0","30.14","36.7","33.7","43.4","73.6","31.1","","155.4","5.62","3.93","0.17","9.7","24.5","88.9","0.122","0.412","3.4"
"Prince Syn Gut Original 16","62","Slow","Nylon","1.3","1.3","6.7","7.6","8.5","51.02","36.7","17.1","15.4","66.4","14.2","","214.9","6.28","4.44","-0.11","10.6","17.2","97.6","0.124","0.358","2.9"
"Prince Syn Gut Original 16","62","Medium","Nylon","1.3","1.3","6.7","7.6","8.5","50.87","33.2","26.0","35.7","86.4","28.1","","214.3","6.28","4.59","0.29","11.2","18.1","95.6","0.124","0.358","2.9"
"Prince Syn Gut Original 16","62","Fast","Nylon","1.3","1.3","6.7","7.6","8.5","50.47","31.6","30.2","47.8","98.3","37.1","","214.3","6.28","4.99","0.26","11.5","18.7","94.1","0.124","0.358","2.9"
"Prince Syn Gut Original 16","51","Slow","Nylon","1.3","1.3","6.7","7.6","8.5","40.77","40.1","18.5","16.3","57.1","13.3","","193.7","5.71","4.24","0.02","9.9","19.7","96.6","0.124","0.358","2.9"
"Prince Syn Gut Original 16","51","Medium","Nylon","1.3","1.3","6.7","7.6","8.5","40.64","35.4","28.0","36.6","77.2","27.0","","189.7","5.71","4.37","0.11","10.1","20.1","96.4","0.124","0.358","2.9"
"Prince Syn Gut Original 16","51","Fast","Nylon","1.3","1.3","6.7","7.6","8.5","40.46","33.5","32.2","48.7","89.1","35.8","","191.5","5.71","4.55","0.22","10.6","20.7","92.0","0.124","0.358","2.9"
"Prince Syn Gut Original 16","40","Slow","Nylon","1.3","1.3","6.7","7.6","8.5","29.68","44.3","21.0","17.2","47.0","12.3","","159.4","5.71","4.30","0.04","10.1","25.3","98.0","0.124","0.358","2.9"
"Prince Syn Gut Original 16","40","Medium","Nylon","1.3","1.3","6.7","7.6","8.5","29.52","38.7","30.9","37.3","66.8","25.8","","158.3","5.71","4.46","0.08","10.1","25.8","92.5","0.124","0.358","2.9"
"Prince Syn Gut Original 16","40","Fast","Nylon","1.3","1.3","6.7","7.6","8.5","29.41","36.5","35.2","47.8","77.2","34.0","","157.2","5.71","4.57","0.19","10.6","26.4","89.3","0.124","0.358","2.9"
"Prince Syn Gut Original 17","62","Slow","Nylon","1.25","1.24","7.3","8.5","9.4","52.59","36.3","16.9","14.3","67.0","14.2","","204.6","5.29","3.86","-0.07","9.0","14.7","95.8","0.112","0.421","3.8"
"Prince Syn Gut Original 17","62","Medium","Nylon","1.25","1.24","7.3","8.5","9.4","52.30","33.8","24.0","29.3","81.8","24.5","","207.5","5.29","4.15","-0.05","9.5","15.2","97.0","0.112","0.421","3.8"
"Prince Syn Gut Original 17","62","Fast","Nylon","1.25","1.24","7.3","8.5","9.4","52.13","32.0","29.0","42.3","94.4","34.2","","204.6","5.29","4.32","0.38","9.9","16.2","95.1","0.112","0.421","3.8"
"Prince Syn Gut Original 17","51","Slow","Nylon","1.25","1.24","7.3","8.5","9.4","42.91","39.1","18.0","15.4","58.4","13.2","","193.2","4.65","3.16","-0.09","7.7","15.2","95.1","0.112","0.421","3.8"
"Prince Syn Gut Original 17","51","Medium","Nylon","1.25","1.24","7.3","8.5","9.4","42.78","35.9","25.9","30.2","73.0","23.7","","182.9","4.65","3.29","0.00","7.9","15.7","94.9","0.112","0.421","3.8"
"Prince Syn Gut Original 17","51","Fast","Nylon","1.25","1.24","7.3","8.5","9.4","42.60","33.9","30.9","42.6","85.1","32.9","","180.6","4.65","3.47","0.26","8.4","16.5","92.7","0.112","0.421","3.8"
"Prince Syn Gut Original 17","40","Slow","Nylon","1.25","1.24","7.3","8.5","9.4","31.18","43.7","20.2","15.7","46.7","11.9","","155.4","5.14","3.37","0.00","8.6","21.4","94.7","0.112","0.421","3.8"
"Prince Syn Gut Original 17","40","Medium","Nylon","1.25","1.24","7.3","8.5","9.4","31.07","39.4","28.1","31.1","62.2","21.8","","160.0","5.14","3.48","0.02","8.6","21.8","93.7","0.112","0.421","3.8"
"Prince Syn Gut Original 17","40","Fast","Nylon","1.25","1.24","7.3","8.5","9.4","30.96","37.0","33.9","42.3","73.4","31.1","","149.7","5.14","3.59","0.11","8.8","22.3","91.0","0.112","0.421","3.8"
"Head Synthetic Gut 16","51","Slow","Nylon","1.3","1.31","NA","NA","9.1","39.34","40.1","18.1","15.7","55.1","12.5","","194.9","7.41","3.97","-0.02","11.2","22.4","96.6","0.11","0.394","3.6"
"Head Synthetic Gut 16","51","Medium","Nylon","1.3","1.31","NA","NA","9.1","39.16","36.5","26.1","31.5","70.6","23.0","","188.0","7.41","4.15","0.07","11.7","22.9","96.2","0.11","0.394","3.6"
"Head Synthetic Gut 16","51","Fast","Nylon","1.3","1.31","NA","NA","9.1","38.98","34.4","31.8","44.1","83.1","33.0","","177.2","7.41","4.33","0.22","11.9","23.6","92.9","0.11","0.394","3.6"
"Head Synthetic Gut 16","40","Slow","Nylon","1.3","1.31","NA","NA","9.1","29.79","43.9","20.1","16.5","46.5","11.6","","168.0","5.95","3.95","-0.04","9.9","24.8","94.7","0.11","0.394","3.6"
"Head Synthetic Gut 16","40","Medium","Nylon","1.3","1.31","NA","NA","9.1","29.75","39.4","28.7","32.6","62.4","22.4","","160.6","5.95","3.99","0.11","10.1","25.3","92.9","0.11","0.394","3.6"
"Head Synthetic Gut 16","40","Fast","Nylon","1.3","1.31","NA","NA","9.1","29.59","37.1","34.0","43.4","73.2","31.1","","152.6","5.95","4.15","0.20","10.4","25.9","90.4","0.11","0.394","3.6"
"Klip Synthetic Gut 16","62","Slow","Nylon","1.29","1.31","NA","NA","11.8","48.60","37.6","17.1","13.7","62.4","13.3","","191.5","8.73","4.41","0.00","13.2","21.3","96.4","0.085","0.358","4.2"
"Klip Synthetic Gut 16","62","Medium","Nylon","1.29","1.31","NA","NA","11.8","48.22","34.6","25.0","29.8","77.8","24.3","","193.7","8.73","4.79","0.11","13.7","22.1","95.3","0.085","0.358","4.2"
"Klip Synthetic Gut 16","62","Fast","Nylon","1.29","1.31","NA","NA","11.8","47.89","32.8","30.0","41.7","89.5","33.6","","188.0","8.73","5.12","0.22","14.1","22.8","95.1","0.085","0.358","4.2"
"Klip Synthetic Gut 16","51","Slow","Nylon","1.29","1.31","NA","NA","11.8","38.68","40.9","19.0","15.0","53.8","12.7","","169.7","7.61","4.43","-0.08","11.9","23.6","97.6","0.085","0.358","4.2"
"Klip Synthetic Gut 16","51","Medium","Nylon","1.29","1.31","NA","NA","11.8","38.54","37.1","27.0","29.8","68.4","23.0","","165.7","7.61","4.57","0.06","12.1","24.1","94.7","0.085","0.358","4.2"
"Klip Synthetic Gut 16","51","Fast","Nylon","1.29","1.31","NA","NA","11.8","38.32","35.0","32.0","41.7","80.0","32.0","","165.7","7.61","4.79","0.20","12.6","24.8","91.6","0.085","0.358","4.2"
"Klip Synthetic Gut 16","40","Slow","Nylon","1.29","1.31","NA","NA","11.8","29.00","45.1","21.0","15.7","44.5","11.7","","143.4","6.84","3.85","-0.02","10.6","26.9","96.2","0.085","0.358","4.2"
"Klip Synthetic Gut 16","40","Medium","Nylon","1.29","1.31","NA","NA","11.8","28.89","40.4","29.2","30.2","59.1","21.6","","143.4","6.84","3.96","0.09","10.8","27.4","93.9","0.085","0.358","4.2"
"Klip Synthetic Gut 16","40","Fast","Nylon","1.29","1.31","NA","NA","11.8","28.71","37.9","34.8","40.8","69.7","30.2","","137.2","6.84","4.14","0.16","11.2","28.1","89.1","0.085","0.358","4.2"
"Head Synthetic Gut 16","62","Fast","Nylon","1.3","1.31","NA","NA","9.1","49.68","32.2","29.3","43.0","92.8","34.0","","204.0","7.61","4.45","0.22","12.3","19.9","94.9","0.11","0.394","3.6"
"Head Synthetic Gut 16","62","Medium","Nylon","1.3","1.31","NA","NA","9.1","49.94","33.9","24.1","30.9","80.9","24.3","","217.2","7.61","4.19","0.06","11.9","19.2","94.7","0.11","0.394","3.6"
"Head Synthetic Gut 16","62","Slow","Nylon","1.3","1.31","NA","NA","9.1","50.23","37.1","17.1","14.8","65.0","13.9","","205.7","7.61","3.90","-0.04","11.5","18.6","98.2","0.11","0.394","3.6"
"Gamma Synthetic Gut 16","62","Slow","Nylon","1.3","1.32","NA","NA","7.9","50.85","36.3","17.0","15.4","66.4","14.1","","218.9","7.39","3.50","0.09","11.0","17.8","98.2","0.113","0.402","3.6"
"Gamma Synthetic Gut 16","62","Medium","Nylon","1.3","1.32","NA","NA","7.9","50.52","33.5","24.0","32.2","82.7","24.8","","228.0","7.39","3.83","0.05","11.2","18.3","97.0","0.113","0.402","3.6"
"Gamma Synthetic Gut 16","62","Fast","Nylon","1.3","1.32","NA","NA","7.9","50.32","31.7","29.0","45.6","95.9","34.8","","220.6","7.39","4.03","0.16","11.5","18.8","95.8","0.113","0.402","3.6"
"Gamma Synthetic Gut 16","51","Slow","Nylon","1.3","1.32","NA","NA","7.9","39.65","40.0","18.5","16.5","56.2","13.0","","196.0","7.43","3.64","0.03","11.0","21.9","98.2","0.113","0.402","3.6"
"Gamma Synthetic Gut 16","51","Medium","Nylon","1.3","1.32","NA","NA","7.9","39.36","36.2","26.0","33.5","72.8","23.7","","200.6","7.43","3.93","0.09","11.5","22.6","95.5","0.113","0.402","3.6"
"Gamma Synthetic Gut 16","51","Fast","Nylon","1.3","1.32","NA","NA","7.9","39.12","34.1","31.7","46.1","85.1","33.8","","185.7","7.43","4.17","0.18","11.7","23.2","92.9","0.113","0.402","3.6"
"Gamma Synthetic Gut 16","40","Slow","Nylon","1.3","1.32","NA","NA","7.9","29.79","44.0","20.3","17.0","46.7","11.9","","166.3","6.17","3.73","0.00","9.9","24.9","95.5","0.113","0.402","3.6"
"Gamma Synthetic Gut 16","40","Medium","Nylon","1.3","1.32","NA","NA","7.9","29.66","39.3","28.8","33.5","63.1","22.7","","164.6","6.17","3.86","0.05","10.1","25.4","94.5","0.113","0.402","3.6"
"Gamma Synthetic Gut 16","40","Fast","Nylon","1.3","1.32","NA","NA","7.9","29.55","36.7","34.0","45.2","74.7","31.7","","158.9","6.17","3.97","0.18","10.4","26","88.9","0.113","0.402","3.6"
"Dunlop Synthetic Gut 16","62","Slow","Nylon","1.3","1.34","NA","NA","10.3","49.81","37.2","17.0","14.6","64.4","13.7","","206.3","8.60","3.33","0.07","11.9","19.4","95.6","0.111","0.431","3.9"
"Dunlop Synthetic Gut 16","62","Medium","Nylon","1.3","1.34","NA","NA","10.3","49.19","34.2","24.3","30.9","80.0","24.3","","213.2","8.60","3.95","0.04","12.6","20.4","95.3","0.111","0.431","3.9"
"Dunlop Synthetic Gut 16","62","Fast","Nylon","1.3","1.34","NA","NA","10.3","48.84","32.3","29.5","44.1","93.1","34.4","","205.7","8.60","4.30","0.20","13.0","21.2","94.5","0.111","0.431","3.9"
"Dunlop Synthetic Gut 16","51","Slow","Nylon","1.3","1.34","NA","NA","10.3","39.84","40.3","18.5","14.8","54.5","12.6","","173.7","7.63","3.25","0.00","10.8","21.4","97.0","0.111","0.431","3.9"
"Dunlop Synthetic Gut 16","51","Medium","Nylon","1.3","1.34","NA","NA","10.3","39.51","36.7","26.2","30.4","69.9","22.8","","180.0","7.63","3.58","0.04","11.2","22.2","94.7","0.111","0.431","3.9"
"Dunlop Synthetic Gut 16","51","Fast","Nylon","1.3","1.34","NA","NA","10.3","39.25","34.5","31.9","43.2","82.5","32.9","","172.6","7.63","3.84","0.16","11.7","22.9","92.9","0.111","0.431","3.9"
"Dunlop Synthetic Gut 16","40","Slow","Nylon","1.3","1.34","NA","NA","10.3","30.14","44.8","20.9","15.4","45.6","11.9","","143.4","6.24","3.31","0.00","9.5","24.1","96.2","0.111","0.431","3.9"
"Dunlop Synthetic Gut 16","40","Medium","Nylon","1.3","1.34","NA","NA","10.3","29.81","40.0","29.0","30.9","60.6","22.0","","149.2","6.24","3.64","0.04","9.9","25","94.7","0.111","0.431","3.9"
"Dunlop Synthetic Gut 16","40","Fast","Nylon","1.3","1.34","NA","NA","10.3","29.66","37.4","34.1","41.5","71.2","30.4","","145.2","6.24","3.79","0.11","10.1","25.6","89.7","0.111","0.431","3.9"
"Ashaway Synthetic Gut 16","62","Slow","Nylon","1.3","1.33","NA","NA","10.9","48.58","37.7","17.3","14.3","62.8","13.6","","193.7","9.00","4.16","0.03","13.2","21.4","97.2","0.097","0.446","4.6"
"Ashaway Synthetic Gut 16","62","Medium","Nylon","1.3","1.33","NA","NA","10.9","47.91","34.7","25.0","29.8","77.6","24.3","","193.7","9.00","4.83","0.02","13.9","22.4","95.6","0.097","0.446","4.6"
"Ashaway Synthetic Gut 16","62","Fast","Nylon","1.3","1.33","NA","NA","10.9","47.72","32.8","30.0","41.9","89.5","33.6","","188.6","9.00","5.02","0.20","14.3","23","95.5","0.097","0.446","4.6"
"Ashaway Synthetic Gut 16","51","Slow","Nylon","1.3","1.33","NA","NA","10.9","39.01","40.7","19.0","15.2","54.2","12.9","","171.5","7.36","4.35","0.00","11.7","23.1","97.6","0.097","0.446","4.6"
"Ashaway Synthetic Gut 16","51","Medium","Nylon","1.3","1.33","NA","NA","10.9","38.76","37.0","26.9","30.9","69.7","23.4","","173.2","7.36","4.60","0.04","11.9","23.7","95.1","0.097","0.446","4.6"
"Ashaway Synthetic Gut 16","51","Fast","Nylon","1.3","1.33","NA","NA","10.9","38.54","34.9","32.0","42.1","80.7","32.3","","166.9","7.36","4.82","0.17","12.3","24.3","92.2","0.097","0.446","4.6"
"Ashaway Synthetic Gut 16","40","Slow","Nylon","1.3","1.33","NA","NA","10.9","27.65","45.9","21.4","15.9","43.4","11.7","","140.0","7.34","4.70","-0.07","11.9","30.2","95.1","0.097","0.446","4.6"
"Ashaway Synthetic Gut 16","40","Medium","Nylon","1.3","1.33","NA","NA","10.9","27.63","41.0","30.0","30.6","58.2","21.8","","138.3","7.34","4.72","0.07","12.1","30.6","92.5","0.097","0.446","4.6"
"Ashaway Synthetic Gut 16","40","Fast","Nylon","1.3","1.33","NA","NA","10.9","27.50","38.5","35.1","40.8","68.4","29.9","","134.3","7.34","4.85","0.16","12.3","31.1","89.1","0.097","0.446","4.6"
"Volkl Synthetic Gut 16","62","Slow","Nylon","1.3","1.30","7.6","9.4","10.6","50.96","36.4","17.0","14.1","65.3","13.9","","200.0","7.12","3.66","-0.09","10.8","17.3","96.8","0.087","0.446","5.1"
"Volkl Synthetic Gut 16","62","Medium","Nylon","1.3","1.30","7.6","9.4","10.6","50.72","33.8","24.0","28.9","79.6","23.9","","204.0","7.12","3.90","0.03","11.0","17.9","94.5","0.087","0.446","5.1"
"Volkl Synthetic Gut 16","62","Fast","Nylon","1.3","1.30","7.6","9.4","10.6","50.52","32.1","29.0","40.6","91.1","33.0","","195.5","7.12","4.10","0.38","11.7","18.8","94.1","0.087","0.446","5.1"
"Volkl Synthetic Gut 16","51","Slow","Nylon","1.3","1.30","7.6","9.4","10.6","41.06","39.5","18.1","14.6","55.6","12.6","","180.6","5.84","3.82","0.05","9.7","19.1","94.3","0.087","0.446","5.1"
"Volkl Synthetic Gut 16","51","Medium","Nylon","1.3","1.30","7.6","9.4","10.6","40.79","36.2","26.0","29.5","70.3","22.8","","177.7","5.84","4.09","0.04","9.9","19.7","93.3","0.087","0.446","5.1"
"Volkl Synthetic Gut 16","51","Fast","Nylon","1.3","1.30","7.6","9.4","10.6","40.62","34.2","31.0","41.0","81.8","31.7","","173.7","5.84","4.26","0.18","10.4","20.3","92.0","0.087","0.446","5.1"
"Volkl Synthetic Gut 16","40","Slow","Nylon","1.3","1.30","7.6","9.4","10.6","34.42","42.0","19.9","14.8","49.2","12.3","","151.4","5.12","0.15","0.11","5.3","13.6","96.4","0.087","0.446","5.1"
"Volkl Synthetic Gut 16","40","Medium","Nylon","1.3","1.30","7.6","9.4","10.6","33.36","38.7","27.9","28.4","62.0","21.6","","148.6","5.12","1.21","0.13","6.4","16.3","92.4","0.087","0.446","5.1"
"Volkl Synthetic Gut 16","40","Fast","Nylon","1.3","1.30","7.6","9.4","10.6","32.99","36.8","33.1","38.1","71.2","29.4","","142.3","5.12","1.58","0.53","7.3","18.2","90.2","0.087","0.446","5.1"
"Babolat Synthetic Gut 16 (1.30)","51","Fast","Nylon","1.3","1.24","7.6","9.4","5.5","42.01","34.2","32.0","42.6","84.5","33.8","16.9","169.2","5.29","3.42","0.18","8.8","17.5","92.5","0.074","0.43","5.8"
"Prince Synthetic Gut 16 Duraflex","62","Slow","Nylon","1.3","1.30","7.0","8.5","9.4","51.44","36.5","17.2","14.3","65.9","14.2","","198.3","6.37","3.93","-0.25","10.1","16.3","97.8","NA","NA","NA"
"Prince Synthetic Gut 16 Duraflex","62","Medium","Nylon","1.3","1.30","7.0","8.5","9.4","51.35","33.9","24.0","29.1","80.5","24.2","","205.7","6.37","4.02","0.04","10.4","16.9","94.5","NA","NA","NA"
"Prince Synthetic Gut 16 Duraflex","62","Fast","Nylon","1.3","1.30","7.0","8.5","9.4","51.09","32.2","29.0","41.9","93.1","33.7","","202.3","6.37","4.28","0.53","11.2","18.1","92.9","NA","NA","NA"
"Prince Synthetic Gut 16 Duraflex","51","Slow","Nylon","1.3","1.30","7.0","8.5","9.4","41.08","39.7","19.4","15.7","56.7","13.7","","168.6","6.15","3.49","0.00","9.7","19","97.0","NA","NA","NA"
"Prince Synthetic Gut 16 Duraflex","51","Medium","Nylon","1.3","1.30","7.0","8.5","9.4","40.84","36.4","26.0","30.2","71.0","23.1","","181.7","6.15","3.73","0.05","9.9","19.6","93.3","NA","NA","NA"
"Prince Synthetic Gut 16 Duraflex","51","Fast","Nylon","1.3","1.30","7.0","8.5","9.4","40.64","34.4","31.2","42.6","83.1","32.4","","177.7","6.15","3.93","0.27","10.4","20.4","93.9","NA","NA","NA"
"Prince Synthetic Gut 16 Duraflex","40","Slow","Nylon","1.3","1.30","7.0","8.5","9.4","31.09","43.7","20.3","15.7","46.7","11.9","","154.9","5.16","3.44","0.00","8.6","21.7","96.4","NA","NA","NA"
"Prince Synthetic Gut 16 Duraflex","40","Medium","Nylon","1.3","1.30","7.0","8.5","9.4","30.98","39.5","28.2","31.1","62.2","21.9","","158.9","5.16","3.55","0.11","8.8","22.2","93.3","NA","NA","NA"
"Prince Synthetic Gut 16 Duraflex","40","Fast","Nylon","1.3","1.30","7.0","8.5","9.4","30.78","37.0","34.0","42.3","73.0","31.0","","149.2","5.16","3.75","0.13","9.0","22.8","89.5","NA","NA","NA"
"Volkl Synthetic Gut 17","62","Slow","Nylon","1.25","1.28","7.9","9.4","10.6","49.59","37.0","17.1","13.2","62.8","13.4","","184.0","7.01","5.14","0.02","12.1","19.7","97.0","0.082","0.43","5.2"
"Volkl Synthetic Gut 17","62","Medium","Nylon","1.25","1.28","7.9","9.4","10.6","49.33","34.3","24.1","27.6","77.0","23.1","","193.7","7.01","5.40","0.07","12.6","20.2","96.0","0.082","0.43","5.2"
"Volkl Synthetic Gut 17","62","Fast","Nylon","1.25","1.28","7.9","9.4","10.6","49.11","32.6","29.7","39.2","88.2","32.7","","181.2","7.01","5.62","0.45","13.0","21.2","93.9","0.082","0.43","5.2"
"Volkl Synthetic Gut 17","51","Slow","Nylon","1.25","1.28","7.9","9.4","10.6","40.04","40.2","18.8","14.3","54.5","12.8","","164.6","6.39","4.29","0.02","10.8","21.1","95.5","0.082","0.43","5.2"
"Volkl Synthetic Gut 17","51","Medium","Nylon","1.25","1.28","7.9","9.4","10.6","39.82","36.8","26.0","28.4","68.4","22.2","","170.9","6.39","4.51","0.06","11.0","21.6","95.1","0.082","0.43","5.2"
"Volkl Synthetic Gut 17","51","Fast","Nylon","1.25","1.28","7.9","9.4","10.6","39.65","34.7","31.8","39.5","79.2","31.5","","158.9","6.39","4.68","0.20","11.2","22.2","92.2","0.082","0.43","5.2"
"Volkl Synthetic Gut 17","40","Slow","Nylon","1.25","1.28","7.9","9.4","10.6","29.50","44.8","21.0","15.0","44.5","11.7","","137.7","6.33","3.86","0.00","10.1","25.7","97.4","0.082","0.43","5.2"
"Volkl Synthetic Gut 17","40","Medium","Nylon","1.25","1.28","7.9","9.4","10.6","29.39","40.3","29.0","28.7","58.0","21.1","","138.3","6.33","3.97","0.06","10.4","26.1","95.8","0.082","0.43","5.2"
"Volkl Synthetic Gut 17","40","Fast","Nylon","1.25","1.28","7.9","9.4","10.6","29.26","37.9","34.0","39.0","68.4","29.1","","137.2","6.33","4.10","0.13","10.6","26.6","89.1","0.082","0.43","5.2"
"Babolat Synthetic Gut 17 (1.25)","51","Fast","Nylon","1.25","1.21","7.9","3.0","5.8","42.09","34.5","32.1","41.2","83.3","33.4","16.5","162.3","4.54","4.09","0.19","8.8","17.4","92.4","0.07","0.422","6"
"Gamma Synthetic Gut 17 (1.25)","51","Fast","Nylon","1.25","1.31","NA","NA","10.6","44.59","33.9","31.8","40.1","84.7","33.7","16.6","160.6","3.55","2.58","0.12","6.2","12.3","94.1","0.086","0.435","5.1"
"Prince Synthetic Gut 17 Duraflex","62","Slow","Nylon","1.22","315","6.7","7.9","95.5","50.56","36.8","17.2","15.7","66.2","14.2","","214.3","694.58","-683.40","-0.18","11.0","17.8","96.8","NA","NA","NA"
"Prince Synthetic Gut 17 Duraflex","62","Medium","Nylon","1.22","315","6.7","7.9","95.5","50.43","33.2","26.0","36.2","86.7","28.2","","217.2","694.58","-683.27","0.22","11.5","18.7","94.7","NA","NA","NA"
"Prince Synthetic Gut 17 Duraflex","62","Fast","Nylon","1.22","315","6.7","7.9","95.5","50.05","32.0","29.2","44.5","94.6","34.6","","212.0","694.58","-682.89","0.22","11.9","19.3","94.7","NA","NA","NA"
"Prince Synthetic Gut 17 Duraflex","51","Slow","Nylon","1.22","315","6.7","7.9","95.5","40.62","39.8","20.4","16.3","56.9","14.5","","160.0","6.55","3.55","-0.06","9.9","19.8","96.0","NA","NA","NA"
"Prince Synthetic Gut 17 Duraflex","51","Medium","Nylon","1.22","315","6.7","7.9","95.5","40.46","36.2","26.0","32.0","72.5","23.6","","192.6","6.55","3.71","0.06","10.4","20.3","96.2","NA","NA","NA"
"Prince Synthetic Gut 17 Duraflex","51","Fast","Nylon","1.22","315","6.7","7.9","95.5","40.29","34.1","31.0","44.5","84.9","32.9","","188.0","6.55","3.88","0.25","10.6","21","93.3","NA","NA","NA"
"Prince Synthetic Gut 17 Duraflex","40","Slow","Nylon","1.22","315","6.7","7.9","95.5","29.55","44.3","21.0","17.0","46.5","12.2","","156.6","6.28","3.86","-0.04","10.1","25.4","96.6","NA","NA","NA"
"Prince Synthetic Gut 17 Duraflex","40","Medium","Nylon","1.22","315","6.7","7.9","95.5","29.48","39.7","28.5","32.4","61.7","22.0","","162.3","6.28","3.93","0.09","10.4","25.9","94.1","NA","NA","NA"
"Prince Synthetic Gut 17 Duraflex","40","Fast","Nylon","1.22","315","6.7","7.9","95.5","29.35","37.2","34.0","44.1","73.4","31.2","","154.9","6.28","4.06","0.16","10.6","26.4","90.1","NA","NA","NA"
"Gamma Synthetic Gut 17 W/wearguard (1.22)","51","Fast","Nylon","1.22","1.3","6.7","8.8","8.5","43.55","34.3","32.0","40.4","84.0","33.6","16.3","160.6","3.57","3.60","0.16","7.3","14.4","93.7","0.089","0.442","5"
"Gamma Synthetic Gut 18 (1.18)","51","Fast","Nylon","1.18","1.29","1.8","2.7","9.7","43.15","34.1","32.0","41.5","84.7","33.9","16.4","164.6","3.81","3.76","0.15","7.7","15.2","92.7","0.082","0.463","5.6"
"Prince Synthetic Gut 18 Duraflex","62","Slow","Nylon","1.17","1.2","6.7","7.9","8.8","51.31","37.0","17.0","13.9","65.3","13.9","","195.5","5.82","4.61","-0.13","10.4","16.7","97.0","0.104","0.374","3.6"
"Prince Synthetic Gut 18 Duraflex","62","Medium","Nylon","1.17","1.2","6.7","7.9","8.8","51.33","34.2","24.0","27.8","79.2","23.8","","195.5","5.82","4.59","0.17","10.6","17.1","95.5","0.104","0.374","3.6"
"Prince Synthetic Gut 18 Duraflex","62","Fast","Nylon","1.17","1.2","6.7","7.9","8.8","50.98","32.6","29.5","39.7","90.6","33.5","","184.6","5.82","4.94","0.40","11.2","18.1","94.1","0.104","0.374","3.6"
"Prince Synthetic Gut 18 Duraflex","51","Slow","Nylon","1.17","1.2","6.7","7.9","8.8","41.26","40.0","18.6","14.3","55.6","12.9","","166.3","5.58","3.88","-0.11","9.3","18.4","98.0","0.104","0.374","3.6"
"Prince Synthetic Gut 18 Duraflex","51","Medium","Nylon","1.17","1.2","6.7","7.9","8.8","41.19","36.7","26.0","28.4","69.7","22.6","","170.9","5.58","3.95","0.00","9.5","18.8","94.5","0.104","0.374","3.6"
"Prince Synthetic Gut 18 Duraflex","51","Fast","Nylon","1.17","1.2","6.7","7.9","8.8","41.06","34.7","31.6","39.7","80.9","32.0","","161.7","5.58","4.08","0.20","9.9","19.4","92.0","0.104","0.374","3.6"
"Prince Synthetic Gut 18 Duraflex","40","Slow","Nylon","1.17","1.2","6.7","7.9","8.8","30.34","44.3","21.0","15.4","45.6","12.0","","141.7","4.94","4.41","-0.02","9.3","23.5","99.8","0.104","0.374","3.6"
"Prince Synthetic Gut 18 Duraflex","40","Medium","Nylon","1.17","1.2","6.7","7.9","8.8","30.32","40.1","28.9","29.1","59.5","21.5","","141.7","4.94","4.43","0.02","9.5","23.7","93.3","0.104","0.374","3.6"
"Prince Synthetic Gut 18 Duraflex","40","Fast","Nylon","1.17","1.2","6.7","7.9","8.8","30.25","37.8","34.0","39.7","69.9","29.7","","138.9","4.94","4.50","0.15","9.7","24.2","90.1","0.104","0.374","3.6"
"Tourna Synthetic Gut Armor 16","51","Fast","Nylon/Polyester","1.3","1.27","6.7","3.3","3.0","43.73","33.9","31.5","41.9","85.6","33.6","16.7","172.0","4.19","2.80","0.27","7.3","14.3","92.5","0.081","0.475","5.9"
"Tourna Synthetic Gut Armor 17","51","Fast","Nylon/Polyester","1.25","1.30","6.7","8.2","8.2","43.00","34.5","32.0","39.7","82.7","33.1","16.6","157.2","4.23","3.49","0.16","7.9","15.5","94.1","0.081","0.496","6.1"
"Wilson Synthetic Gut Control 17 (1.25)","51","Fast","Nylon","1.25","1.28","5.8","7.6","9.4","42.34","34.4","32.0","39.9","82.2","32.9","16.1","158.3","3.79","4.59","0.20","8.6","16.9","92.9","0.086","0.417","4.8"
"Wilson Synthetic Gut Extreme 17","62","Slow","Nylon","1.25","1.26","7.6","8.5","9.7","51.80","36.5","17.0","14.6","66.4","14.1","","205.7","6.84","3.10","-0.06","9.9","16","97.8","0.131","0.361","2.8"
"Wilson Synthetic Gut Extreme 17","62","Medium","Nylon","1.25","1.26","7.6","8.5","9.7","51.51","34.0","24.0","30.2","81.8","24.5","","212.6","6.84","3.39","-0.02","10.1","16.5","94.9","0.131","0.361","2.8"
"Wilson Synthetic Gut Extreme 17","62","Fast","Nylon","1.25","1.26","7.6","8.5","9.7","51.31","32.1","29.0","42.8","94.2","34.1","","206.9","6.84","3.59","0.35","10.8","17.5","94.7","0.131","0.361","2.8"
"Wilson Synthetic Gut Extreme 17","51","Slow","Nylon","1.25","1.26","7.6","8.5","9.7","41.63","39.8","18.5","15.7","57.3","13.2","","185.7","5.95","3.14","0.02","9.0","18","98.0","0.131","0.361","2.8"
"Wilson Synthetic Gut Extreme 17","51","Medium","Nylon","1.25","1.26","7.6","8.5","9.7","41.39","36.3","26.0","31.3","72.8","23.7","","188.6","5.95","3.38","0.02","9.3","18.4","94.7","0.131","0.361","2.8"
"Wilson Synthetic Gut Extreme 17","51","Fast","Nylon","1.25","1.26","7.6","8.5","9.7","41.21","34.2","31.1","43.9","85.1","33.1","","185.2","5.95","3.56","0.24","9.7","19.2","93.9","0.131","0.361","2.8"
"Wilson Synthetic Gut Extreme 17","40","Slow","Nylon","1.25","1.26","7.6","8.5","9.7","31.33","43.7","20.8","15.9","47.2","12.2","","148.6","5.31","3.05","-0.03","8.4","21","96.4","0.131","0.361","2.8"
"Wilson Synthetic Gut Extreme 17","40","Medium","Nylon","1.25","1.26","7.6","8.5","9.7","31.20","39.4","28.1","31.5","62.6","22.0","","162.3","5.31","3.18","0.00","8.6","21.4","92.7","0.131","0.361","2.8"
"Wilson Synthetic Gut Extreme 17","40","Fast","Nylon","1.25","1.26","7.6","8.5","9.7","31.09","36.9","33.9","43.2","74.3","31.5","","152.0","5.31","3.29","0.11","8.6","21.9","90.8","0.131","0.361","2.8"
"Prince Synthetic Gut Multifilament 16","62","Slow","Nylon","1.3","1.33","7.0","8.5","9.1","49.70","37.1","17.3","13.9","63.5","13.7","","189.2","7.61","4.43","-0.09","11.9","19.4","97.8","0.141","0.376","2.7"
"Prince Synthetic Gut Multifilament 16","62","Medium","Nylon","1.3","1.33","7.0","8.5","9.1","49.33","34.5","24.1","28.9","78.3","23.6","","202.9","7.61","4.80","0.05","12.3","20.2","97.2","0.141","0.376","2.7"
"Prince Synthetic Gut Multifilament 16","62","Fast","Nylon","1.3","1.33","7.0","8.5","9.1","49.13","32.6","29.8","41.2","90.4","33.7","","188.6","7.61","5.00","0.51","13.2","21.3","93.1","0.141","0.376","2.7"
"Prince Synthetic Gut Multifilament 16","51","Slow","Nylon","1.3","1.33","7.0","8.5","9.1","41.17","39.9","18.3","14.3","55.6","12.7","","173.7","5.36","4.19","0.00","9.5","18.8","97.0","0.141","0.376","2.7"
"Prince Synthetic Gut Multifilament 16","51","Medium","Nylon","1.3","1.33","7.0","8.5","9.1","40.92","36.5","26.0","29.5","70.6","22.9","","177.7","5.36","4.44","0.06","9.9","19.4","94.7","0.141","0.376","2.7"
"Prince Synthetic Gut Multifilament 16","51","Fast","Nylon","1.3","1.33","7.0","8.5","9.1","40.73","34.5","31.2","41.2","82.0","32.0","","172.6","5.36","4.63","0.22","10.1","20.1","92.4","0.141","0.376","2.7"
"Prince Synthetic Gut Multifilament 16","40","Slow","Nylon","1.3","1.33","7.0","8.5","9.1","30.89","44.1","20.6","15.4","46.3","11.9","","147.4","4.67","4.13","-0.02","8.8","22.1","96.4","0.141","0.376","2.7"
"Prince Synthetic Gut Multifilament 16","40","Medium","Nylon","1.3","1.33","7.0","8.5","9.1","30.80","39.9","28.3","30.2","60.9","21.5","","153.7","4.67","4.22","0.02","8.8","22.4","93.9","0.141","0.376","2.7"
"Prince Synthetic Gut Multifilament 16","40","Fast","Nylon","1.3","1.33","7.0","8.5","9.1","30.69","37.4","34.0","40.4","71.0","30.2","","141.7","4.67","4.33","0.15","9.0","23.1","88.5","0.141","0.376","2.7"
"Prince Synthetic Gut Multifilament 17","62","Slow","Nylon","1.24","1.27","7.6","8.8","9.7","50.12","37.2","17.1","13.7","63.9","13.6","","190.9","6.81","4.81","-0.13","11.5","18.6","99.0","0.126","0.389","3.1"
"Prince Synthetic Gut Multifilament 17","62","Medium","Nylon","1.24","1.27","7.6","8.8","9.7","49.90","34.5","24.1","28.0","78.1","23.5","","196.0","6.81","5.03","0.07","11.9","19.3","96.0","0.126","0.389","3.1"
"Prince Synthetic Gut Multifilament 17","62","Fast","Nylon","1.24","1.27","7.6","8.8","9.7","49.68","32.7","29.9","40.1","89.7","33.5","","182.9","6.81","5.25","0.44","12.6","20.3","94.1","0.126","0.389","3.1"
"Prince Synthetic Gut Multifilament 17","51","Slow","Nylon","1.24","1.27","7.6","8.8","9.7","39.84","40.3","19.0","14.6","54.2","12.9","","163.4","6.28","4.60","0.00","10.8","21.4","99.0","0.126","0.389","3.1"
"Prince Synthetic Gut Multifilament 17","51","Medium","Nylon","1.24","1.27","7.6","8.8","9.7","39.65","37.0","26.1","29.1","68.8","22.4","","173.7","6.28","4.79","0.05","11.0","21.9","93.3","0.126","0.389","3.1"
"Prince Synthetic Gut Multifilament 17","51","Fast","Nylon","1.24","1.27","7.6","8.8","9.7","39.47","35.0","32.0","40.6","80.0","31.9","","161.2","6.28","4.97","0.22","11.5","22.6","92.0","0.126","0.389","3.1"
"Prince Synthetic Gut Multifilament 17","40","Slow","Nylon","1.24","1.27","7.6","8.8","9.7","30.30","44.5","21.0","15.4","45.6","12.0","","141.7","5.14","4.25","0.00","9.5","23.7","98.4","0.126","0.389","3.1"
"Prince Synthetic Gut Multifilament 17","40","Medium","Nylon","1.24","1.27","7.6","8.8","9.7","30.23","40.3","29.0","29.1","59.3","21.5","","140.0","5.14","4.32","0.04","9.5","23.9","93.9","0.126","0.389","3.1"
"Prince Synthetic Gut Multifilament 17","40","Fast","Nylon","1.24","1.27","7.6","8.8","9.7","30.14","37.8","34.0","39.2","69.2","29.5","","137.7","5.14","4.41","0.17","9.7","24.5","90.6","0.126","0.389","3.1"
"Wilson Synthetic Gut Power 16 (1.30)","51","Fast","Nylon","1.3","1.24","7.6","3.0","4.5","43.17","34.2","32.0","39.2","82.5","33.0","16.0","156.0","4.19","3.36","0.15","7.7","15.2","92.0","0.087","0.427","4.9"
"Wilson Synthetic Gut Power 17 (1.25)","51","Fast","Nylon","1.25","NA","7.6","3.3","3.6","43.26","34.2","32.0","39.9","83.1","33.3","16.5","158.3","3.66","3.80","0.17","7.7","15","94.5","0.085","0.466","5.5"
"Head Synthetic Gut PPS 16","62","Slow","Nylon","1.34","1.35","NA","NA","10.0","48.58","37.5","17.2","14.1","62.6","13.5","","193.2","8.82","4.34","0.00","13.2","21.3","97.2","0.108","0.42","3.9"
"Head Synthetic Gut PPS 16","62","Medium","Nylon","1.34","1.35","NA","NA","10.0","48.20","34.5","25.0","29.5","77.6","24.3","","191.5","8.82","4.72","0.06","13.7","22","97.0","0.108","0.42","3.9"
"Head Synthetic Gut PPS 16","51","Slow","Nylon","1.34","1.35","NA","NA","10.0","39.40","40.4","18.7","14.8","54.2","12.7","","173.2","7.23","4.09","-0.11","11.2","22.1","95.8","0.108","0.42","3.9"
"Head Synthetic Gut PPS 16","62","Fast","Nylon","1.34","1.35","NA","NA","10.0","47.56","32.8","30.0","42.3","89.7","33.7","","190.9","8.82","5.36","0.17","14.3","23.3","93.1","0.108","0.42","3.9"
"Head Synthetic Gut PPS 16","51","Medium","Nylon","1.34","1.35","NA","NA","10.0","39.27","36.7","26.2","30.9","70.1","23.0","","182.3","7.23","4.22","0.07","11.5","22.7","95.5","0.108","0.42","3.9"
"Head Synthetic Gut PPS 16","51","Fast","Nylon","1.34","1.35","NA","NA","10.0","39.05","34.7","31.9","42.3","81.4","32.5","","169.7","7.23","4.44","0.18","11.9","23.3","91.2","0.108","0.42","3.9"
"Head Synthetic Gut PPS 16","40","Slow","Nylon","1.34","1.35","NA","NA","10.0","29.26","44.7","21.0","16.3","45.6","12.0","","150.9","6.33","4.10","0.00","10.4","26.3","95.5","0.108","0.42","3.9"
"Head Synthetic Gut PPS 16","40","Medium","Nylon","1.34","1.35","NA","NA","10.0","29.17","39.9","29.1","31.3","60.4","22.0","","150.3","6.33","4.19","0.09","10.6","26.7","92.7","0.108","0.42","3.9"
"Head Synthetic Gut PPS 16","40","Fast","Nylon","1.34","1.35","NA","NA","10.0","29.04","37.7","34.3","41.7","70.6","30.3","","143.4","6.33","4.32","0.18","10.8","27.3","88.9","0.108","0.42","3.9"
"Head Synthetic Gut PPS 17 (1.25)","51","Fast","Nylon","1.25","1.41","NA","NA","9.1","43.46","34.5","32.0","37.9","81.6","32.6","16.2","150.9","3.31","3.95","0.13","7.5","14.6","92.5","0.074","0.46","6.2"
"Gamma Synthtic Gut 15L W/wearguard (1.38)","51","Fast","Nylon","1.38","1.30","1.5","2.3","4.2","42.29","34.0","32.0","42.3","84.5","33.8","16.4","167.4","4.50","3.93","0.17","8.6","17","92.9","0.099","0.468","4.7"
"Polyfibre TCS 16/1.30","62","Slow","Polyester","1.3","1.30","1.8","3.6","6.1","27.61","42.2","20.0","26.5","54.0","13.5","","268.0","14.51","19.62","-0.64","33.5","54.2","93.7","0.088","0.387","4.4"
"Polyfibre TCS 16/1.30","62","Medium","Polyester","1.3","1.30","1.8","3.6","6.1","28.55","37.7","27.5","42.3","71.0","24.4","","226.9","14.51","18.68","0.28","33.5","54.2","88.9","0.088","0.387","4.4"
"Polyfibre TCS 16/1.30","62","Fast","Polyester","1.3","1.30","1.8","3.6","6.1","28.60","35.7","32.0","52.9","81.4","32.6","","209.2","14.51","18.63","0.79","34.0","55","80.8","0.088","0.387","4.4"
"Polyfibre TCS 16/1.30","51","Slow","Polyester","1.3","1.30","1.8","3.6","6.1","20.29","45.5","22.0","26.7","47.0","12.9","","224.6","10.17","20.26","-0.44","30.0","59.1","92.7","0.088","0.387","4.4"
"Polyfibre TCS 16/1.30","51","Medium","Polyester","1.3","1.30","1.8","3.6","6.1","21.15","40.6","29.6","40.6","61.7","22.9","","188.6","10.17","19.40","0.51","30.0","59.3","84.8","0.088","0.387","4.4"
"Polyfibre TCS 16/1.30","51","Fast","Polyester","1.3","1.30","1.8","3.6","6.1","21.17","38.6","34.1","49.4","70.6","30.1","","173.2","10.17","19.38","0.66","30.2","59.6","78.3","0.088","0.387","4.4"
"Polyfibre TCS 16/1.30","40","Slow","Polyester","1.3","1.30","1.8","3.6","6.1","14.64","48.8","23.7","26.7","41.2","12.3","","192.0","7.03","18.02","-0.18","24.9","62.7","90.2","0.088","0.387","4.4"
"Polyfibre TCS 16/1.30","40","Medium","Polyester","1.3","1.30","1.8","3.6","6.1","15.21","43.5","31.1","39.7","54.9","21.3","","165.7","7.03","17.45","0.50","24.9","62.9","81.4","0.088","0.387","4.4"
"Polyfibre TCS 16/1.30","40","Fast","Polyester","1.3","1.30","1.8","3.6","6.1","15.17","41.4","36.3","48.3","63.5","28.7","","149.2","7.03","17.49","0.51","24.9","63.1","74.1","0.088","0.387","4.4"
"Polyfibre TCS 16L","62","Slow","Polyester","1.25","1.23","2.4","4.2","7.3","29.68","41.2","20.0","25.1","54.9","13.7","","257.2","13.43","18.63","0.00","32.0","51.9","94.3","0.098","0.377","3.8"
"Polyfibre TCS 16L","62","Medium","Polyester","1.25","1.23","2.4","4.2","7.3","30.01","37.2","26.7","40.8","70.8","23.6","","231.5","13.43","18.30","0.35","32.2","52","90.1","0.098","0.377","3.8"
"Polyfibre TCS 16L","62","Fast","Polyester","1.25","1.23","2.4","4.2","7.3","29.97","35.3","32.0","51.8","81.8","32.7","","205.7","13.43","18.34","0.64","32.4","52.5","85.7","0.098","0.377","3.8"
"Polyfibre TCS 16L","51","Slow","Polyester","1.25","1.23","2.4","4.2","7.3","19.40","45.7","22.0","26.0","45.4","12.5","","218.9","11.03","20.29","-0.09","31.3","61.6","92.0","0.098","0.377","3.8"
"Polyfibre TCS 16L","51","Medium","Polyester","1.25","1.23","2.4","4.2","7.3","19.89","41.2","29.7","39.5","59.3","22.0","","181.7","11.03","19.80","0.49","31.3","61.7","85.2","0.098","0.377","3.8"
"Polyfibre TCS 16L","51","Fast","Polyester","1.25","1.23","2.4","4.2","7.3","19.87","39.1","34.4","48.5","68.4","29.4","","166.9","11.03","19.82","0.64","31.5","62.1","79.2","0.098","0.377","3.8"
"Polyfibre TCS 16L","40","Slow","Polyester","1.25","1.23","2.4","4.2","7.3","13.87","49.2","24.0","26.0","39.9","12.0","","183.5","7.43","18.39","0.07","25.8","65.2","88.5","0.098","0.377","3.8"
"Polyfibre TCS 16L","40","Medium","Polyester","1.25","1.23","2.4","4.2","7.3","14.31","44.2","31.1","38.4","52.5","20.4","","160.6","7.43","17.95","0.51","25.8","65.2","80.3","0.098","0.377","3.8"
"Polyfibre TCS 16L","40","Fast","Polyester","1.25","1.23","2.4","4.2","7.3","14.29","42.0","37.0","46.1","60.4","27.9","","137.2","7.43","17.97","0.64","26.0","65.6","75.7","0.098","0.377","3.8"
"Polyfibre TCS 17","62","Slow","Polyester","1.2","1.21","3.0","5.8","8.8","30.47","41.1","20.0","23.6","54.0","13.5","","241.2","13.56","17.71","-0.25","31.1","50.2","97.4","0.1","0.418","4.2"
"Polyfibre TCS 17","62","Medium","Polyester","1.2","1.21","3.0","5.8","8.8","30.98","37.2","26.7","39.7","70.8","23.6","","226.9","13.56","17.20","0.33","31.1","50.4","91.8","0.1","0.418","4.2"
"Polyfibre TCS 17","62","Fast","Polyester","1.2","1.21","3.0","5.8","8.8","30.96","35.2","32.0","50.5","81.4","32.6","","200.0","13.56","17.22","0.64","31.3","50.9","86.5","0.1","0.418","4.2"
"Polyfibre TCS 17","51","Slow","Polyester","1.2","1.21","3.0","5.8","8.8","18.48","46.7","22.2","24.9","43.4","12.0","","206.9","11.38","20.86","-0.09","32.2","63.4","91.4","0.1","0.418","4.2"
"Polyfibre TCS 17","51","Medium","Polyester","1.2","1.21","3.0","5.8","8.8","19.05","41.8","30.0","38.1","57.3","21.5","","172.6","11.38","20.29","0.53","32.2","63.5","84.8","0.1","0.418","4.2"
"Polyfibre TCS 17","51","Fast","Polyester","1.2","1.21","3.0","5.8","8.8","19.01","39.5","35.1","48.1","67.3","29.5","","158.9","11.38","20.33","0.44","32.2","63.4","78.7","0.1","0.418","4.2"
"Polyfibre TCS 17","40","Slow","Polyester","1.2","1.21","3.0","5.8","8.8","12.39","51.0","24.3","26.2","38.8","11.8","","181.2","8.38","18.92","0.06","27.3","68.9","88.9","0.1","0.418","4.2"
"Polyfibre TCS 17","40","Medium","Polyester","1.2","1.21","3.0","5.8","8.8","12.70","45.9","32.1","37.5","50.3","20.1","","148.0","8.38","18.61","0.57","27.6","69.4","78.1","0.1","0.418","4.2"
"Polyfibre TCS 17","40","Fast","Polyester","1.2","1.21","3.0","5.8","8.8","12.74","43.7","38.0","45.0","57.8","27.4","","126.3","8.38","18.57","0.44","27.3","69","74.3","0.1","0.418","4.2"
"Polyfibre TCS 18 (1.15)","62","Slow","Polyester","1.15","1.16","3.6","7.3","9.7","31.53","41.2","19.9","22.9","54.5","13.6","","234.3","13.45","16.76","-0.46","29.8","48.2","95.3","NA","NA","NA"
"Polyfibre TCS 18 (1.15)","62","Medium","Polyester","1.15","1.16","3.6","7.3","9.7","32.28","37.0","26.5","37.9","70.1","23.3","","218.3","13.45","16.01","0.24","29.8","48.1","91.8","NA","NA","NA"
"Polyfibre TCS 18 (1.15)","62","Fast","Polyester","1.15","1.16","3.6","7.3","9.7","32.30","35.0","31.0","49.0","81.4","31.5","","206.9","13.45","15.99","0.57","30.0","48.6","85.6","NA","NA","NA"
"Polyfibre TCS 18 (1.15)","51","Slow","Polyester","1.15","1.16","3.6","7.3","9.7","19.84","46.2","22.1","24.0","43.9","12.1","","200.6","11.47","19.41","-0.23","30.6","60.4","93.3","NA","NA","NA"
"Polyfibre TCS 18 (1.15)","51","Medium","Polyester","1.15","1.16","3.6","7.3","9.7","20.35","41.4","29.9","37.9","58.4","21.8","","172.6","11.47","18.90","0.42","30.9","60.7","85.0","NA","NA","NA"
"Polyfibre TCS 18 (1.15)","51","Fast","Polyester","1.15","1.16","3.6","7.3","9.7","20.31","39.1","35.0","47.2","67.5","29.5","","156.0","11.47","18.94","0.60","31.1","61.1","81.4","NA","NA","NA"
"Polyfibre TCS 18 (1.15)","40","Slow","Polyester","1.15","1.16","3.6","7.3","9.7","11.82","51.6","25.0","25.4","37.3","11.6","","165.2","8.09","19.78","0.09","28.0","70.4","87.2","NA","NA","NA"
"Polyfibre TCS 18 (1.15)","40","Medium","Polyester","1.15","1.16","3.6","7.3","9.7","12.04","46.6","33.0","35.7","47.8","19.7","","133.7","8.09","19.56","0.02","27.8","69.7","79.7","NA","NA","NA"
"Polyfibre TCS 18 (1.15)","40","Fast","Polyester","1.15","1.16","3.6","7.3","9.7","12.19","44.2","38.3","43.4","55.6","26.6","","120.6","8.09","19.41","0.61","28.2","70.8","72.8","NA","NA","NA"
"Polyfibre TCS Rapid 16L/1.25","62","Slow","Polyester","1.25","1.25","2.4","5.2","8.5","30.76","41.2","20.0","24.5","55.1","13.8","","247.5","12.90","18.08","-0.29","30.6","49.7","96.6","0.089","0.385","4.3"
"Polyfibre TCS Rapid 16L/1.25","62","Medium","Polyester","1.25","1.25","2.4","5.2","8.5","31.36","37.0","26.8","39.9","71.2","23.9","","225.7","12.90","17.48","0.34","30.6","49.8","91.2","0.089","0.385","4.3"
"Polyfibre TCS Rapid 16L/1.25","62","Fast","Polyester","1.25","1.25","2.4","5.2","8.5","31.38","35.0","31.9","51.6","82.9","33.1","","205.7","12.90","17.46","0.73","31.1","50.4","86.1","0.089","0.385","4.3"
"Polyfibre TCS Rapid 16L/1.25","51","Slow","Polyester","1.25","1.25","2.4","5.2","8.5","18.26","46.7","22.7","26.5","44.8","12.7","","209.7","11.53","20.93","-0.11","32.4","63.8","91.6","0.089","0.385","4.3"
"Polyfibre TCS Rapid 16L/1.25","51","Medium","Polyester","1.25","1.25","2.4","5.2","8.5","18.76","42.1","30.0","39.0","57.8","21.7","","176.0","11.53","20.43","0.59","32.6","64.2","85.6","0.089","0.385","4.3"
"Polyfibre TCS Rapid 16L/1.25","51","Fast","Polyester","1.25","1.25","2.4","5.2","8.5","18.74","39.8","35.0","48.3","67.0","29.4","","160.0","11.53","20.45","0.66","32.6","64.3","78.7","0.089","0.385","4.3"
"Polyfibre TCS Rapid 16L/1.25","40","Slow","Polyester","1.25","1.25","2.4","5.2","8.5","12.59","50.8","24.5","26.2","39.0","11.9","","178.9","7.12","19.98","-0.04","27.1","68.2","87.8","0.089","0.385","4.3"
"Polyfibre TCS Rapid 16L/1.25","40","Medium","Polyester","1.25","1.25","2.4","5.2","8.5","13.08","45.6","32.0","37.0","50.1","20.0","","146.9","7.12","19.49","0.47","27.1","68.2","80.6","0.089","0.385","4.3"
"Polyfibre TCS Rapid 16L/1.25","40","Fast","Polyester","1.25","1.25","2.4","5.2","8.5","13.05","43.4","38.0","44.8","57.8","27.5","","125.7","7.12","19.52","0.81","27.3","69.2","73.3","0.089","0.385","4.3"
"Gosen Tecflex 16 (1.30)","51","Fast","Nylon","1.3","1.24","2.4","10.0","8.2","40.95","34.6","32.0","38.1","78.9","31.6","16.3","150.9","4.15","5.62","0.14","9.9","19.5","92.2","0.089","0.405","4.6"
"Gosen TecGut Remplir 16","62","Slow","Nylon/Polyurethane","1.29","1.32","NA","NA","13.0","42.12","39.7","18.0","14.6","56.7","12.8","","181.7","9.39","10.23","-0.06","19.6","31.7","99.2","0.104","0.478","4.6"
"Gosen TecGut Remplir 16","62","Medium","Nylon/Polyurethane","1.29","1.32","NA","NA","13.0","42.05","36.4","26.0","29.8","71.7","23.3","","178.3","9.39","10.30","0.18","19.8","32.2","95.8","0.104","0.478","4.6"
"Gosen TecGut Remplir 16","62","Fast","Nylon/Polyurethane","1.29","1.32","NA","NA","13.0","41.78","34.4","31.7","40.8","82.5","32.7","","164.6","9.39","10.57","0.55","20.5","33.2","92.4","0.104","0.478","4.6"
"Gosen TecGut Remplir 16","51","Slow","Nylon/Polyurethane","1.29","1.32","NA","NA","13.0","35.57","42.3","19.9","15.0","50.5","12.6","","153.2","7.92","7.23","-0.13","15.0","29.6","95.3","0.104","0.478","4.6"
"Gosen TecGut Remplir 16","51","Medium","Nylon/Polyurethane","1.29","1.32","NA","NA","13.0","35.57","38.4","28.0","29.8","65.3","22.8","","154.3","7.92","7.23","0.16","15.2","30.2","93.1","0.104","0.478","4.6"
"Gosen TecGut Remplir 16","51","Fast","Nylon/Polyurethane","1.29","1.32","NA","NA","13.0","35.28","36.3","33.0","40.6","75.9","31.3","","150.9","7.92","7.52","0.33","15.7","31.1","90.6","0.104","0.478","4.6"
"Gosen TecGut Remplir 16","40","Slow","Nylon/Polyurethane","1.29","1.32","NA","NA","13.0","26.90","46.6","22.0","15.4","42.3","11.6","","130.9","7.03","5.76","-0.13","12.6","31.9","95.1","0.104","0.478","4.6"
"Gosen TecGut Remplir 16","40","Medium","Nylon/Polyurethane","1.29","1.32","NA","NA","13.0","26.97","41.7","30.1","28.9","55.8","21.0","","130.3","7.03","5.69","0.11","12.8","32.3","90.6","0.104","0.478","4.6"
"Gosen TecGut Remplir 16","40","Fast","Nylon/Polyurethane","1.29","1.32","NA","NA","13.0","26.81","39.3","36.0","38.8","65.5","29.5","","121.7","7.03","5.85","0.17","13.0","32.9","88.9","0.104","0.478","4.6"
"Tecnifibre Tecni-power 17 (1.24)","51","Fast","Polyester","1.24","1.31","NA","NA","10.6","35.99","34.2","31.8","50.3","86.2","34.3","15.8","201.2","4.72","10.01","0.25","15.0","29.5","86.9","0.072","0.489","6.8"
"Tecnifibre Tecni-spin 16 (1.28)","51","Fast","Polyester","1.28","1.32","1.5","10.0","3.6","37.22","33.4","32.0","52.3","89.5","35.8","16.2","207.5","3.97","9.53","0.18","13.7","27","88.4","0.073","0.475","6.5"
"Tecnifibre TGV 16","62","Slow","Nylon/Polyurethane","1.3","1.35","7.6","9.1","10.6","48.55","37.3","17.6","13.5","62.0","13.7","","176.6","7.01","6.18","-0.05","13.2","21.3","97.2","0.153","0.469","3.1"
"Tecnifibre TGV 16","62","Medium","Nylon/Polyurethane","1.3","1.35","7.6","9.1","10.6","48.33","34.7","24.2","28.0","76.3","23.1","","194.3","7.01","6.40","0.00","13.5","21.7","95.1","0.153","0.469","3.1"
"Tecnifibre TGV 16","62","Fast","Nylon/Polyurethane","1.3","1.35","7.6","9.1","10.6","48.11","32.9","30.0","38.6","86.7","32.5","","174.9","7.01","6.62","0.20","13.9","22.4","92.4","0.153","0.469","3.1"
"Tecnifibre TGV 16","51","Slow","Nylon/Polyurethane","1.3","1.35","7.6","9.1","10.6","38.54","40.8","19.1","15.4","54.0","12.9","","172.6","6.37","5.81","-0.03","12.1","24","97.4","0.153","0.469","3.1"
"Tecnifibre TGV 16","51","Medium","Nylon/Polyurethane","1.3","1.35","7.6","9.1","10.6","38.41","37.3","26.4","28.7","67.0","22.1","","167.4","6.37","5.94","0.00","12.3","24.3","94.7","0.153","0.469","3.1"
"Tecnifibre TGV 16","51","Fast","Nylon/Polyurethane","1.3","1.35","7.6","9.1","10.6","38.30","35.2","32.0","39.5","77.8","31.1","","157.2","6.37","6.05","0.18","12.6","24.8","89.7","0.153","0.469","3.1"
"Tecnifibre TGV 16","40","Slow","Nylon/Polyurethane","1.3","1.35","7.6","9.1","10.6","28.71","45.0","21.2","15.2","43.9","11.7","","137.2","5.20","5.78","-0.04","11.0","27.6","97.0","0.153","0.469","3.1"
"Tecnifibre TGV 16","40","Medium","Nylon/Polyurethane","1.3","1.35","7.6","9.1","10.6","28.62","40.7","29.3","28.9","57.3","21.0","","136.6","5.20","5.87","0.04","11.0","28","92.2","0.153","0.469","3.1"
"Tecnifibre TGV 16","40","Fast","Nylon/Polyurethane","1.3","1.35","7.6","9.1","10.6","28.55","38.5","34.5","38.6","67.0","29.0","","131.4","5.20","5.94","0.15","11.2","28.4","90.1","0.153","0.469","3.1"
"Tecnifibre TGV 17/1.25","62","Slow","Nylon/Polyurethane","1.25","1.28","7.3","8.5","9.7","50.80","36.4","17.0","13.7","64.6","13.7","","193.7","5.49","5.45","-0.18","10.8","17.4","97.0","0.149","0.454","3"
"Tecnifibre TGV 17/1.25","62","Medium","Nylon/Polyurethane","1.25","1.28","7.3","8.5","9.7","50.74","33.9","24.0","28.2","78.9","23.7","","198.9","5.49","5.51","-0.02","11.0","17.8","97.0","0.149","0.454","3"
"Tecnifibre TGV 17/1.25","62","Fast","Nylon/Polyurethane","1.25","1.28","7.3","8.5","9.7","50.56","32.2","29.0","39.9","90.4","32.8","","192.6","5.49","5.69","0.40","11.5","18.8","94.9","0.149","0.454","3"
"Tecnifibre TGV 17/1.25","51","Slow","Nylon/Polyurethane","1.25","1.28","7.3","8.5","9.7","40.35","39.9","18.7","14.6","54.9","12.8","","170.3","5.25","5.12","-0.20","10.1","20","96.2","0.149","0.454","3"
"Tecnifibre TGV 17/1.25","51","Medium","Nylon/Polyurethane","1.25","1.28","7.3","8.5","9.7","40.37","36.5","26.0","29.1","69.5","22.6","","174.3","5.25","5.10","-0.03","10.4","20.3","94.3","0.149","0.454","3"
"Tecnifibre TGV 17/1.25","51","Fast","Nylon/Polyurethane","1.25","1.28","7.3","8.5","9.7","40.29","34.5","31.2","39.7","79.8","31.2","","165.2","5.25","5.18","0.31","10.8","21.2","92.5","0.149","0.454","3"
"Tecnifibre TGV 17/1.25","40","Slow","Nylon/Polyurethane","1.25","1.28","7.3","8.5","9.7","29.33","44.5","21.1","16.1","45.4","11.9","","146.9","5.34","5.02","0.00","10.4","26.1","96.6","0.149","0.454","3"
"Tecnifibre TGV 17/1.25","40","Medium","Nylon/Polyurethane","1.25","1.28","7.3","8.5","9.7","29.28","40.1","29.0","30.0","59.1","21.4","","144.6","5.34","5.07","0.04","10.4","26.3","94.1","0.149","0.454","3"
"Tecnifibre TGV 17/1.25","40","Fast","Nylon/Polyurethane","1.25","1.28","7.3","8.5","9.7","29.22","37.8","34.1","39.7","68.8","29.4","","137.7","5.34","5.13","0.16","10.6","26.8","88.0","0.149","0.454","3"
"Gamma TNT2 15L (1.40)","51","Fast","Nylon","1.4","1.28","7.3","2.7","8.2","42.98","33.4","31.1","43.0","86.0","33.5","16.6","180.6","4.85","2.89","0.16","7.9","15.6","92.7","0.078","0.447","5.7"
"Gamma TNT2 16","62","Slow","Nylon","1.32","1.29","7.6","8.5","9.7","50.43","36.9","17.0","13.7","64.2","13.6","","193.7","7.74","3.57","0.02","11.2","18.4","99.2","0.125","0.399","3.2"
"Gamma TNT2 16","62","Medium","Nylon","1.32","1.29","7.6","8.5","9.7","50.08","34.1","24.2","29.8","79.8","24.2","","206.3","7.74","3.92","0.11","11.7","19.1","95.6","0.125","0.399","3.2"
"Gamma TNT2 16","62","Fast","Nylon","1.32","1.29","7.6","8.5","9.7","49.79","32.3","29.8","42.1","91.9","34.2","","193.2","7.74","4.21","0.18","12.1","19.6","93.9","0.125","0.399","3.2"
"Gamma TNT2 16","51","Slow","Nylon","1.32","1.29","7.6","8.5","9.7","40.66","40.0","18.1","14.3","55.1","12.4","","178.9","6.73","3.33","0.02","10.1","19.9","97.6","0.125","0.399","3.2"
"Gamma TNT2 16","51","Medium","Nylon","1.32","1.29","7.6","8.5","9.7","40.04","36.5","26.1","30.9","71.0","23.1","","185.2","6.73","3.95","0.02","10.8","21.1","94.3","0.125","0.399","3.2"
"Gamma TNT2 16","51","Fast","Nylon","1.32","1.29","7.6","8.5","9.7","39.93","34.4","31.9","42.8","82.7","33.0","","170.9","6.73","4.06","0.15","11.0","21.6","91.6","0.125","0.399","3.2"
"Gamma TNT2 16","40","Slow","Nylon","1.32","1.29","7.6","8.5","9.7","30.80","44.3","20.2","15.7","46.5","11.7","","155.4","5.69","3.20","0.04","9.0","22.5","96.2","0.125","0.399","3.2"
"Gamma TNT2 16","40","Medium","Nylon","1.32","1.29","7.6","8.5","9.7","30.63","39.7","29.0","31.3","62.0","22.5","","152.0","5.69","3.37","0.11","9.3","23.1","93.7","0.125","0.399","3.2"
"Gamma TNT2 16","40","Fast","Nylon","1.32","1.29","7.6","8.5","9.7","30.45","37.2","34.1","42.3","72.8","31.0","","148.6","5.69","3.55","0.15","9.5","23.7","91.2","0.125","0.399","3.2"
"Gamma TNT2 17 (1.27)","51","Fast","Nylon","1.27","1.31","7.6","8.5","10.3","44.12","34.3","32.0","39.7","83.8","33.6","16.4","157.7","3.24","3.36","0.11","6.6","13.2","94.9","0.087","0.46","5.3"
"Gamma TNT2 18 (1.17)","51","Fast","Nylon","1.17","1.29","6.4","7.6","4.5","42.69","33.9","31.9","41.5","84.2","33.6","16.3","165.7","4.41","3.62","0.18","8.2","16.2","92.9","0.081","0.455","5.6"
"Gamma TNT2 Pro Plus 16","62","Slow","Nylon","1.3","1.37","NA","NA","12.4","48.16","37.4","17.1","13.5","61.5","13.1","","186.9","8.38","5.20","0.11","13.7","22.2","96.4","0.141","0.441","3.1"
"Gamma TNT2 Pro Plus 16","62","Medium","Nylon","1.3","1.37","NA","NA","12.4","47.61","34.7","24.9","28.2","75.9","23.6","","185.2","8.38","5.75","0.11","14.3","23.1","96.2","0.141","0.441","3.1"
"Gamma TNT2 Pro Plus 16","62","Fast","Nylon","1.3","1.37","NA","NA","12.4","47.25","32.9","30.0","40.4","87.5","32.9","","182.3","8.38","6.11","0.31","14.8","24","94.9","0.141","0.441","3.1"
"Gamma TNT2 Pro Plus 16","51","Slow","Nylon","1.3","1.37","NA","NA","12.4","38.50","40.7","18.7","13.9","52.5","12.2","","161.7","8.11","4.11","0.13","12.3","24.3","97.6","0.141","0.441","3.1"
"Gamma TNT2 Pro Plus 16","51","Medium","Nylon","1.3","1.37","NA","NA","12.4","38.10","37.2","26.8","29.1","67.3","22.5","","164.6","8.11","4.51","0.11","12.8","25.1","94.7","0.141","0.441","3.1"
"Gamma TNT2 Pro Plus 16","51","Fast","Nylon","1.3","1.37","NA","NA","12.4","37.79","35.1","32.0","39.9","77.6","31.1","","158.3","8.11","4.82","0.19","13.2","25.9","94.3","0.141","0.441","3.1"
"Gamma TNT2 Pro Plus 16","40","Slow","Nylon","1.3","1.37","NA","NA","12.4","29.00","44.8","19.9","14.6","43.4","10.8","","148.0","6.95","3.74","0.00","10.8","26.9","96.4","0.141","0.441","3.1"
"Gamma TNT2 Pro Plus 16","40","Medium","Nylon","1.3","1.37","NA","NA","12.4","28.78","40.4","29.1","28.7","57.6","20.9","","137.7","6.95","3.96","0.09","11.0","27.7","93.5","0.141","0.441","3.1"
"Gamma TNT2 Pro Plus 16","40","Fast","Nylon","1.3","1.37","NA","NA","12.4","28.51","38.0","34.3","39.0","67.5","28.9","","134.3","6.95","4.23","0.15","11.2","28.6","89.3","0.141","0.441","3.1"
"Gamma TNT2 Pro Plus 17L (1.24)","51","Fast","Nylon","1.24","1.31","NA","NA","9.7","42.05","34.6","32.0","37.7","79.6","31.9","16.1","149.2","4.34","4.33","0.29","9.0","17.7","93.5","0.11","0.505","4.6"
"Gamma TNT2 Rx 16","62","Slow","Nylon","1.34","1.35","NA","NA","9.7","49.22","37.2","17.0","13.5","62.6","13.3","","187.5","7.96","4.56","0.20","12.8","20.6","97.4","0.105","0.471","4.5"
"Gamma TNT2 Rx 16","62","Medium","Nylon","1.34","1.35","NA","NA","9.7","48.73","34.2","25.1","29.1","77.8","24.5","","188.0","7.96","5.05","0.07","13.0","21.2","96.0","0.105","0.471","4.5"
"Gamma TNT2 Rx 16","62","Fast","Nylon","1.34","1.35","NA","NA","9.7","48.44","32.4","29.9","41.5","89.7","33.6","","187.5","7.96","5.34","0.24","13.5","21.9","93.3","0.105","0.471","4.5"
"Gamma TNT2 Rx 16","51","Slow","Nylon","1.34","1.35","NA","NA","9.7","39.49","39.9","18.1","14.8","54.2","12.3","","182.9","7.12","4.11","0.00","11.2","22.1","96.6","0.105","0.471","4.5"
"Gamma TNT2 Rx 16","51","Medium","Nylon","1.34","1.35","NA","NA","9.7","39.23","36.6","26.1","30.0","69.2","22.6","","179.5","7.12","4.37","0.09","11.5","22.8","94.7","0.105","0.471","4.5"
"Gamma TNT2 Rx 16","51","Fast","Nylon","1.34","1.35","NA","NA","9.7","38.98","34.5","31.4","42.1","81.1","31.9","","173.2","7.12","4.62","0.15","11.9","23.4","93.7","0.105","0.471","4.5"
"Gamma TNT2 Rx 16","40","Slow","Nylon","1.34","1.35","NA","NA","9.7","29.75","44.3","20.5","15.0","44.8","11.5","","146.3","6.46","3.48","0.29","10.1","25.8","97.8","0.105","0.471","4.5"
"Gamma TNT2 Rx 16","40","Medium","Nylon","1.34","1.35","NA","NA","9.7","29.22","39.6","28.9","30.9","60.2","21.7","","150.9","6.46","4.01","0.05","10.6","26.5","93.3","0.105","0.471","4.5"
"Gamma TNT2 Rx 16","40","Fast","Nylon","1.34","1.35","NA","NA","9.7","29.08","37.2","33.0","41.7","70.6","29.2","","154.9","6.46","4.15","0.13","10.8","27.1","91.2","0.105","0.471","4.5"
"Gamma TNT2 Rx 17 (1.25)","51","Fast","Nylon","1.25","1.31","NA","NA","10.6","43.02","34.8","32.1","37.5","80.5","32.3","15.9","148.0","3.88","3.82","0.18","7.9","15.5","93.3","0.088","0.461","5.2"
"Gamma TNT2 Touch 16","40","Slow","Nylon","1.32","NA","6.4","8.2","9.7","25.84","45.9","22.0","16.8","42.8","11.7","","141.7","6.44","7.41","-0.05","13.9","34.8","97.6","0.125","0.42","3.4"
"Gamma TNT2 Touch 16","40","Medium","Nylon","1.32","NA","6.4","8.2","9.7","25.89","41.4","30.0","29.5","55.3","20.7","","133.2","6.44","7.36","0.11","13.9","35.1","92.0","0.125","0.42","3.4"
"Gamma TNT2 Touch 16","40","Fast","Nylon","1.32","NA","6.4","8.2","9.7","25.82","38.9","35.3","38.4","64.2","28.3","","125.2","6.44","7.43","0.24","14.1","35.6","87.8","0.125","0.42","3.4"
"Gamma TNT2 Touch 16","51","Slow","Nylon","1.32","NA","6.4","8.2","9.7","37.90","40.6","19.0","15.7","53.6","12.7","","176.0","6.09","6.73","-0.05","12.8","25.2","98.2","0.125","0.42","3.4"
"Gamma TNT2 Touch 16","51","Medium","Nylon","1.32","NA","6.4","8.2","9.7","37.82","37.1","26.2","29.5","67.5","22.1","","174.3","6.09","6.81","0.07","13.0","25.6","93.9","0.125","0.42","3.4"
"Gamma TNT2 Touch 16","51","Fast","Nylon","1.32","NA","6.4","8.2","9.7","37.68","35.1","32.0","38.8","76.5","30.6","","153.7","6.09","6.95","0.22","13.2","26.1","92.7","0.125","0.42","3.4"
"Gamma TNT2 Touch 16","62","Slow","Nylon","1.32","NA","6.4","8.2","9.7","48.66","37.0","17.1","14.3","62.8","13.4","","198.3","5.98","7.10","0.00","13.0","21.2","95.3","0.125","0.42","3.4"
"Gamma TNT2 Touch 16","62","Medium","Nylon","1.32","NA","6.4","8.2","9.7","48.40","34.3","24.1","28.4","76.7","23.1","","198.9","5.98","7.36","0.07","13.5","21.7","95.1","0.125","0.42","3.4"
"Gamma TNT2 Touch 16","62","Fast","Nylon","1.32","NA","6.4","8.2","9.7","48.18","32.6","29.8","38.8","87.1","32.4","","178.3","5.98","7.58","0.33","13.9","22.5","94.7","0.125","0.42","3.4"
"Gamma TNT2 Touch 17 (1.27)","51","Fast","Nylon","1.27","NA","1.8","3.6","9.7","36.63","36.1","33.7","36.8","73.4","30.9","15.2","132.0","5.40","8.69","0.20","14.3","28.2","92.4","0.124","0.424","3.4"
"Gamma TNT2 Tour 16 (1.32)","51","Fast","Nylon","1.32","1.32","7.6","8.8","8.5","41.12","34.4","32.0","39.7","80.7","32.3","15.9","157.2","4.19","5.41","0.11","9.7","19.1","92.9","0.092","0.481","5.2"
"Gamma TNT2 Tour 17 (1.27)","51","Fast","Nylon","1.27","NA","7.0","8.5","2.7","40.90","34.6","32.0","39.2","80.0","32.0","16.0","155.4","3.86","5.96","0.15","9.9","19.7","92.2","0.1","0.454","4.5"
"Babolat Tonic + Natural Gut 16","62","Slow","Gut","1.35","NA","3.3","6.1","8.2","54.40","37.4","17.0","7.5","61.7","13.1","","104.0","5.23","2.11","0.02","7.3","11.9","96.4","NA","NA","NA"
"Babolat Tonic + Natural Gut 16","62","Medium","Gut","1.35","NA","3.3","6.1","8.2","54.18","35.7","25.1","15.7","69.9","21.9","","101.7","5.23","2.33","0.20","7.7","12.6","96.8","NA","NA","NA"
"Babolat Tonic + Natural Gut 16","62","Fast","Gut","1.35","NA","3.3","6.1","8.2","53.87","34.4","31.1","22.9","77.0","29.9","","96.6","5.23","2.64","0.22","8.2","13.1","97.0","NA","NA","NA"
"Babolat Tonic + Natural Gut 16","51","Slow","Gut","1.35","NA","3.3","6.1","8.2","43.86","40.6","18.7","8.6","52.5","12.2","","99.4","5.07","1.79","0.02","6.8","13.6","98.2","NA","NA","NA"
"Babolat Tonic + Natural Gut 16","51","Medium","Gut","1.35","NA","3.3","6.1","8.2","43.57","38.2","27.2","18.7","62.4","21.2","","103.4","5.07","2.08","0.11","7.3","14.3","96.6","NA","NA","NA"
"Babolat Tonic + Natural Gut 16","51","Fast","Gut","1.35","NA","3.3","6.1","8.2","43.33","36.6","33.0","26.5","69.9","28.8","","98.9","5.07","2.32","0.16","7.5","14.9","96.0","NA","NA","NA"
"Babolat Tonic + Natural Gut 16","40","Slow","Gut","1.35","NA","3.3","6.1","8.2","32.44","45.1","20.8","10.1","42.8","11.1","","96.0","4.98","2.27","0.03","7.3","18.3","97.8","NA","NA","NA"
"Babolat Tonic + Natural Gut 16","40","Fast","Gut","1.35","NA","3.3","6.1","8.2","32.06","39.3","36.0","28.9","61.1","27.4","","90.9","4.98","2.65","0.11","7.7","19.5","93.3","NA","NA","NA"
"Babolat Tonic + Natural Gut 16","40","Medium","Gut","1.35","NA","3.3","6.1","8.2","32.26","41.4","30.0","21.2","53.4","20.0","","96.0","4.98","2.45","0.09","7.5","18.9","95.6","NA","NA","NA"
"Prince Topspin Plus 16","62","Slow","Nylon","1.3","1.33","7.0","8.5","9.4","51.33","36.9","17.1","13.9","65.3","13.9","","194.9","6.17","4.24","-0.16","10.1","16.6","97.8","0.097","0.512","5.3"
"Prince Topspin Plus 16","62","Medium","Nylon","1.3","1.33","7.0","8.5","9.4","51.18","34.2","24.0","28.2","79.4","23.9","","198.9","6.17","4.39","0.07","10.6","17.2","93.9","0.097","0.512","5.3"
"Prince Topspin Plus 16","62","Fast","Nylon","1.3","1.33","7.0","8.5","9.4","50.94","32.4","29.7","40.4","91.3","33.8","","186.3","6.17","4.63","0.36","11.2","18.1","93.5","0.097","0.512","5.3"
"Prince Topspin Plus 16","51","Slow","Nylon","1.3","1.33","7.0","8.5","9.4","40.95","40.1","18.9","14.8","55.8","13.2","","168.0","5.56","4.21","0.00","9.7","19.3","97.0","0.097","0.512","5.3"
"Prince Topspin Plus 16","51","Medium","Nylon","1.3","1.33","7.0","8.5","9.4","40.57","36.8","26.1","29.5","70.1","22.9","","177.2","5.56","4.59","-0.02","10.1","20","95.3","0.097","0.512","5.3"
"Prince Topspin Plus 16","51","Fast","Nylon","1.3","1.33","7.0","8.5","9.4","40.48","34.8","31.9","41.5","82.0","32.7","","165.7","5.56","4.68","0.15","10.4","20.5","92.9","0.097","0.512","5.3"
"Prince Topspin Plus 16","40","Slow","Nylon","1.3","1.33","7.0","8.5","9.4","31.02","43.9","20.4","15.9","46.7","12.0","","153.7","5.76","2.91","-0.03","8.6","21.8","96.4","0.097","0.512","5.3"
"Prince Topspin Plus 16","40","Medium","Nylon","1.3","1.33","7.0","8.5","9.4","30.94","39.7","28.3","30.4","61.3","21.6","","154.3","5.76","2.99","0.05","8.8","22.2","93.3","0.097","0.512","5.3"
"Prince Topspin Plus 16","40","Fast","Nylon","1.3","1.33","7.0","8.5","9.4","30.85","37.4","34.0","41.0","71.9","30.6","","144.6","5.76","3.08","0.11","9.0","22.6","91.0","0.097","0.512","5.3"
"Prince Topspin W/ Duraflex 15L","62","Slow","Nylon","1.38","1.41","7.3","8.2","9.4","52.79","36.0","16.3","13.9","66.8","13.6","","214.3","5.87","3.08","-0.22","8.8","14.1","96.6","0.126","0.437","3.5"
"Prince Topspin W/ Duraflex 15L","62","Medium","Nylon","1.38","1.41","7.3","8.2","9.4","52.57","33.5","24.0","29.3","82.0","24.6","","208.0","5.87","3.30","0.07","9.3","15","96.6","0.126","0.437","3.5"
"Prince Topspin W/ Duraflex 15L","62","Fast","Nylon","1.38","1.41","7.3","8.2","9.4","52.24","31.7","28.4","41.9","94.2","33.5","","210.3","5.87","3.63","0.38","9.9","16","95.6","0.126","0.437","3.5"
"Prince Topspin W/ Duraflex 15L","51","Slow","Nylon","1.38","1.41","7.3","8.2","9.4","42.42","39.2","18.0","15.7","58.0","13.1","","195.5","5.42","2.88","0.00","8.4","16.3","96.0","0.126","0.437","3.5"
"Prince Topspin W/ Duraflex 15L","51","Medium","Nylon","1.38","1.41","7.3","8.2","9.4","42.16","36.0","25.9","30.6","72.8","23.6","","185.2","5.42","3.14","0.02","8.6","16.9","94.7","0.126","0.437","3.5"
"Prince Topspin W/ Duraflex 15L","51","Fast","Nylon","1.38","1.41","7.3","8.2","9.4","42.01","33.9","30.9","43.0","84.9","32.8","","182.3","5.42","3.29","0.11","8.8","17.4","93.9","0.126","0.437","3.5"
"Prince Topspin W/ Duraflex 15L","40","Slow","Nylon","1.38","1.41","7.3","8.2","9.4","31.99","43.2","20.0","15.9","48.1","12.0","","161.7","4.67","3.03","0.02","7.7","19.4","95.6","0.126","0.437","3.5"
"Prince Topspin W/ Duraflex 15L","40","Medium","Nylon","1.38","1.41","7.3","8.2","9.4","31.77","39.1","28.0","31.5","63.3","22.1","","163.4","4.67","3.25","0.00","7.9","19.9","96.0","0.126","0.437","3.5"
"Prince Topspin W/ Duraflex 15L","40","Fast","Nylon","1.38","1.41","7.3","8.2","9.4","31.62","36.8","33.3","42.3","73.9","30.8","","155.4","4.67","3.40","0.11","8.2","20.6","91.8","0.126","0.437","3.5"
"Signum Pro Tornado 16","62","Slow","Polyester","1.29","1.33","1.8","3.3","4.2","40.15","37.5","17.9","23.8","63.9","14.4","","301.2","9.00","12.59","-0.25","21.4","34.6","97.4","0.085","0.434","5.1"
"Signum Pro Tornado 16","62","Medium","Polyester","1.29","1.33","1.8","3.3","4.2","40.62","34.0","24.0","41.0","81.8","24.6","","288.6","9.00","12.12","0.22","21.4","34.6","93.7","0.085","0.434","5.1"
"Signum Pro Tornado 16","62","Fast","Polyester","1.29","1.33","1.8","3.3","4.2","40.57","32.2","29.1","53.6","94.2","34.2","","256.6","9.00","12.17","0.48","21.6","35.1","89.7","0.085","0.434","5.1"
"Signum Pro Tornado 16","51","Slow","Polyester","1.29","1.33","1.8","3.3","4.2","26.59","41.7","20.0","26.7","53.1","13.3","","270.3","9.46","14.67","-0.09","24.0","47.4","96.6","0.085","0.434","5.1"
"Signum Pro Tornado 16","51","Medium","Polyester","1.29","1.33","1.8","3.3","4.2","27.03","37.3","27.0","43.4","70.6","23.8","","242.3","9.46","14.23","0.35","24.0","47.4","90.4","0.085","0.434","5.1"
"Signum Pro Tornado 16","51","Fast","Polyester","1.29","1.33","1.8","3.3","4.2","26.99","35.1","32.0","54.2","81.4","32.5","","215.5","9.46","14.27","0.49","24.3","47.7","86.1","0.085","0.434","5.1"
"Signum Pro Tornado 16","40","Slow","Polyester","1.29","1.33","1.8","3.3","4.2","14.82","46.9","23.0","29.1","43.9","12.6","","224.0","6.57","18.30","0.00","24.9","62.7","91.6","0.085","0.434","5.1"
"Signum Pro Tornado 16","40","Medium","Polyester","1.29","1.33","1.8","3.3","4.2","15.15","41.7","30.0","43.9","59.1","22.1","","197.7","6.57","17.97","0.38","24.9","62.8","84.6","0.085","0.434","5.1"
"Signum Pro Tornado 16","40","Fast","Polyester","1.29","1.33","1.8","3.3","4.2","15.15","39.0","35.1","54.7","69.7","30.6","","180.6","6.57","17.97","0.51","25.1","63.1","80.1","0.085","0.434","5.1"
"Signum Pro Tornado 17 (1.23)","62","Slow","Polyester","1.23","1.30","2.4","2.7","3.3","40.26","37.8","18.0","23.4","63.7","14.3","","293.2","7.83","13.65","-0.27","21.2","34.4","95.5","0.091","0.441","4.8"
"Signum Pro Tornado 17 (1.23)","62","Medium","Polyester","1.23","1.30","2.4","2.7","3.3","40.73","34.2","24.5","40.4","80.9","24.8","","272.6","7.83","13.18","0.16","21.2","34.3","92.9","0.091","0.441","4.8"
"Signum Pro Tornado 17 (1.23)","62","Fast","Polyester","1.23","1.30","2.4","2.7","3.3","40.70","32.4","29.3","52.9","93.7","34.3","","250.3","7.83","13.21","0.55","21.6","35","90.1","0.091","0.441","4.8"
"Signum Pro Tornado 17 (1.23)","51","Slow","Polyester","1.23","1.30","2.4","2.7","3.3","28.25","41.4","20.0","25.8","54.0","13.5","","262.9","7.72","14.75","-0.19","22.3","43.9","91.8","0.091","0.441","4.8"
"Signum Pro Tornado 17 (1.23)","51","Medium","Polyester","1.23","1.30","2.4","2.7","3.3","28.71","37.1","26.9","42.1","70.8","23.8","","235.5","7.72","14.29","0.27","22.3","43.9","91.0","0.091","0.441","4.8"
"Signum Pro Tornado 17 (1.23)","51","Fast","Polyester","1.23","1.30","2.4","2.7","3.3","28.69","35.0","32.0","53.8","82.7","33.0","","214.3","7.72","14.31","0.47","22.5","44.3","85.2","0.091","0.441","4.8"
"Signum Pro Tornado 17 (1.23)","40","Slow","Polyester","1.23","1.30","2.4","2.7","3.3","18.59","45.4","22.0","28.4","47.0","12.9","","238.9","5.38","15.72","-0.02","21.2","53.1","90.4","0.091","0.441","4.8"
"Signum Pro Tornado 17 (1.23)","40","Medium","Polyester","1.23","1.30","2.4","2.7","3.3","19.01","40.3","29.0","43.4","62.4","22.7","","209.2","5.38","15.30","0.27","20.9","52.8","85.2","0.091","0.441","4.8"
"Signum Pro Tornado 17 (1.23)","40","Fast","Polyester","1.23","1.30","2.4","2.7","3.3","19.01","37.7","34.0","54.9","73.9","31.4","","193.2","5.38","15.30","0.62","21.4","53.7","79.9","0.091","0.441","4.8"
"Signum Pro Tornado 18 (1.17)","51","Fast","Polyester","1.17","1.26","2.4","2.4","3.9","31.27","36.4","33.9","47.4","78.5","33.3","14.9","167.4","4.41","15.04","0.40","19.8","39.1","86.1","0.092","0.546","5.9"
"Kirschbaum Touch Multifibre 16","62","Slow","Nylon","1.3","1.31","NA","NA","10.6","49.33","39.6","17.0","13.5","62.8","13.4","","189.2","8.27","4.14","0.03","12.3","20.1","99.8","0.114","0.468","4.1"
"Kirschbaum Touch Multifibre 16","62","Medium","Nylon","1.3","1.31","NA","NA","10.6","48.95","34.7","25.0","28.4","77.4","24.2","","185.2","8.27","4.52","0.11","13.0","20.9","95.6","0.114","0.468","4.1"
"Kirschbaum Touch Multifibre 16","62","Fast","Nylon","1.3","1.31","NA","NA","10.6","48.62","32.8","30.0","40.8","89.5","33.6","","184.6","8.27","4.85","0.20","13.2","21.6","93.1","0.114","0.468","4.1"
"Kirschbaum Touch Multifibre 16","51","Slow","Nylon","1.3","1.31","NA","NA","10.6","39.51","40.7","18.9","14.1","53.8","12.7","","161.7","6.88","4.33","-0.09","11.0","21.9","97.6","0.114","0.468","4.1"
"Kirschbaum Touch Multifibre 16","51","Medium","Nylon","1.3","1.31","NA","NA","10.6","39.32","37.1","26.9","29.5","68.8","23.2","","165.2","6.88","4.52","0.07","11.5","22.6","94.7","0.114","0.468","4.1"
"Kirschbaum Touch Multifibre 16","51","Fast","Nylon","1.3","1.31","NA","NA","10.6","39.12","35.0","32.0","40.8","79.8","31.9","","161.7","6.88","4.72","0.20","11.9","23.3","97.2","0.114","0.468","4.1"
"Kirschbaum Touch Multifibre 16","40","Slow","Nylon","1.3","1.31","NA","NA","10.6","29.35","45.2","21.0","15.0","44.3","11.6","","137.7","6.09","4.25","-0.06","10.4","25.9","97.0","0.114","0.468","4.1"
"Kirschbaum Touch Multifibre 16","40","Medium","Nylon","1.3","1.31","NA","NA","10.6","29.33","40.5","29.6","29.5","58.9","21.8","","136.6","6.09","4.27","0.11","10.6","26.4","92.7","0.114","0.468","4.1"
"Kirschbaum Touch Multifibre 16","40","Fast","Nylon","1.3","1.31","NA","NA","10.6","29.11","38.1","34.9","39.9","69.0","30.2","","133.2","6.09","4.49","0.18","10.8","27.1","89.1","0.114","0.468","4.1"
"Kirschbaum Touch Multifibre 17 (1.25)","62","Slow","Nylon","1.25","1.28","7.3","8.5","9.7","49.83","36.7","17.0","13.7","63.5","13.5","","191.5","7.45","4.46","-0.16","11.7","19","96.0","0.117","0.411","3.5"
"Kirschbaum Touch Multifibre 17 (1.25)","62","Medium","Nylon","1.25","1.28","7.3","8.5","9.7","49.63","34.1","24.0","28.4","78.1","23.4","","200.0","7.45","4.66","-0.03","12.1","19.6","96.0","0.117","0.411","3.5"
"Kirschbaum Touch Multifibre 17 (1.25)","62","Fast","Nylon","1.25","1.28","7.3","8.5","9.7","49.46","32.3","29.2","39.9","89.5","32.7","","190.3","7.45","4.83","0.31","12.6","20.4","94.9","0.117","0.411","3.5"
"Kirschbaum Touch Multifibre 17 (1.25)","51","Slow","Nylon","1.25","1.28","7.3","8.5","9.7","40.26","40.0","18.2","14.1","54.5","12.4","","174.3","6.02","4.44","-0.05","10.4","20.5","95.3","0.117","0.411","3.5"
"Kirschbaum Touch Multifibre 17 (1.25)","51","Medium","Nylon","1.25","1.28","7.3","8.5","9.7","40.02","36.6","26.0","28.2","68.4","22.2","","170.3","6.02","4.68","0.04","10.8","21.2","92.7","0.117","0.411","3.5"
"Kirschbaum Touch Multifibre 17 (1.25)","51","Fast","Nylon","1.25","1.28","7.3","8.5","9.7","39.87","34.5","31.3","39.9","79.8","31.2","","165.7","6.02","4.83","0.22","11.0","21.8","92.5","0.117","0.411","3.5"
"Kirschbaum Touch Multifibre 17 (1.25)","40","Slow","Nylon","1.25","1.28","7.3","8.5","9.7","30.23","44.1","20.8","15.2","45.4","11.8","","142.9","5.51","3.95","-0.11","9.3","23.6","96.6","0.117","0.411","3.5"
"Kirschbaum Touch Multifibre 17 (1.25)","40","Medium","Nylon","1.25","1.28","7.3","8.5","9.7","30.23","39.8","28.2","29.1","59.3","20.9","","148.0","5.51","3.95","0.02","9.5","23.9","92.2","0.117","0.411","3.5"
"Kirschbaum Touch Multifibre 17 (1.25)","40","Fast","Nylon","1.25","1.28","7.3","8.5","9.7","30.14","37.3","34.0","39.0","69.2","29.4","","137.2","5.51","4.04","0.17","9.7","24.5","89.5","0.117","0.411","3.5"
"Kirschbaum Touch Turbo 1.30","62","Slow","Polyester","1.3","1.30","1.4","2.4","3.3","35.19","38.5","18.0","25.6","60.6","13.7","","320.0","10.39","16.16","-0.42","26.2","42.3","94.1","0.085","0.45","5.3"
"Kirschbaum Touch Turbo 1.30","62","Medium","Polyester","1.3","1.30","1.4","2.4","3.3","35.83","34.7","25.2","44.1","79.8","25.2","","281.2","10.39","15.52","0.22","26.2","42.3","92.5","0.085","0.45","5.3"
"Kirschbaum Touch Turbo 1.30","62","Fast","Polyester","1.3","1.30","1.4","2.4","3.3","35.85","33.0","30.0","54.7","90.6","34.0","","247.5","10.39","15.50","0.57","26.5","42.9","85.7","0.085","0.45","5.3"
"Kirschbaum Touch Turbo 1.30","51","Slow","Polyester","1.3","1.30","1.4","2.4","3.3","27.96","40.9","19.6","27.3","55.3","13.5","","289.8","7.65","15.11","-0.07","22.7","44.7","95.8","0.085","0.45","5.3"
"Kirschbaum Touch Turbo 1.30","51","Medium","Polyester","1.3","1.30","1.4","2.4","3.3","28.22","36.8","26.3","44.5","72.8","24.0","","261.7","7.65","14.85","0.30","22.7","45","89.1","0.085","0.45","5.3"
"Kirschbaum Touch Turbo 1.30","51","Fast","Polyester","1.3","1.30","1.4","2.4","3.3","28.14","35.0","31.8","54.5","82.5","32.8","","218.3","7.65","14.93","0.58","23.2","45.7","82.8","0.085","0.45","5.3"
"Kirschbaum Touch Turbo 1.30","40","Slow","Polyester","1.3","1.30","1.4","2.4","3.3","18.50","44.8","21.8","29.1","47.4","12.9","","248.6","6.28","14.91","-0.20","20.9","52.9","91.4","0.085","0.45","5.3"
"Kirschbaum Touch Turbo 1.30","40","Medium","Polyester","1.3","1.30","1.4","2.4","3.3","19.01","39.8","29.0","45.2","64.2","23.3","","218.3","6.28","14.40","0.42","21.2","53.2","85.0","0.085","0.45","5.3"
"Kirschbaum Touch Turbo 1.30","40","Fast","Polyester","1.3","1.30","1.4","2.4","3.3","18.99","37.6","34.0","55.3","74.5","31.6","","194.9","6.28","14.42","0.47","21.2","53.3","79.4","0.085","0.45","5.3"
"Kirschbaum Touch Turbo 16L (1.275)","62","Slow","Polyester","1.275","1.26","1.8","3.0","3.9","33.60","39.3","19.0","24.5","58.0","13.8","","276.0","11.03","17.11","-0.51","27.6","44.7","96.0","0.075","0.403","5.4"
"Kirschbaum Touch Turbo 16L (1.275)","62","Medium","Polyester","1.275","1.26","1.8","3.0","3.9","34.38","35.5","25.6","39.9","74.3","23.8","","248.0","11.03","16.33","0.18","27.6","44.6","91.8","0.075","0.403","5.4"
"Kirschbaum Touch Turbo 16L (1.275)","62","Fast","Polyester","1.275","1.26","1.8","3.0","3.9","34.40","33.8","30.3","50.3","84.7","32.0","","222.9","11.03","16.31","0.62","28.0","45.3","86.9","0.075","0.403","5.4"
"Kirschbaum Touch Turbo 16L (1.275)","51","Slow","Polyester","1.275","1.26","1.8","3.0","3.9","25.93","43.1","21.0","25.6","51.4","13.5","","235.5","8.00","16.79","-0.42","24.5","48","96.4","0.075","0.403","5.4"
"Kirschbaum Touch Turbo 16L (1.275)","51","Medium","Polyester","1.275","1.26","1.8","3.0","3.9","26.77","37.8","27.1","40.1","66.8","22.6","","222.3","8.00","15.95","0.27","24.3","47.7","87.6","0.075","0.403","5.4"
"Kirschbaum Touch Turbo 16L (1.275)","51","Fast","Polyester","1.275","1.26","1.8","3.0","3.9","26.70","35.9","32.0","49.4","76.1","30.5","","196.0","8.00","16.02","0.59","24.7","48.5","84.5","0.075","0.403","5.4"
"Kirschbaum Touch Turbo 16L (1.275)","40","Slow","Polyester","1.275","1.26","1.8","3.0","3.9","17.38","45.9","22.0","26.9","44.1","12.2","","224.6","5.95","16.36","-0.19","22.1","55.7","92.9","0.075","0.403","5.4"
"Kirschbaum Touch Turbo 16L (1.275)","40","Medium","Polyester","1.275","1.26","1.8","3.0","3.9","17.93","41.0","29.6","40.4","58.4","21.6","","186.9","5.95","15.81","0.38","22.1","55.8","84.6","0.075","0.403","5.4"
"Kirschbaum Touch Turbo 16L (1.275)","40","Fast","Polyester","1.275","1.26","1.8","3.0","3.9","17.82","38.9","34.3","49.8","67.7","29.0","","172.0","5.95","15.92","0.40","22.3","56.1","79.6","0.075","0.403","5.4"
"Kirschbaum Touch Turbo 17 (1.25)","62","Slow","Polyester","1.25","1.34","1.5","2.7","2.4","36.05","38.5","18.0","23.8","59.8","13.5","","297.8","9.83","15.86","-0.40","25.4","41","95.1","0.084","0.44","5.2"
"Kirschbaum Touch Turbo 17 (1.25)","62","Medium","Polyester","1.25","1.34","1.5","2.7","2.4","36.69","34.8","25.0","40.8","77.4","24.2","","264.6","9.83","15.22","0.18","25.1","40.9","91.2","0.084","0.44","5.2"
"Kirschbaum Touch Turbo 17 (1.25)","62","Fast","Polyester","1.25","1.34","1.5","2.7","2.4","36.65","33.1","30.0","50.9","87.5","32.8","","230.9","9.83","15.26","0.55","25.6","41.5","85.6","0.084","0.44","5.2"
"Kirschbaum Touch Turbo 17 (1.25)","51","Slow","Polyester","1.25","1.34","1.5","2.7","2.4","27.54","41.3","20.0","26.0","53.6","13.4","","264.6","7.74","15.44","-0.46","22.7","44.8","93.7","0.084","0.44","5.2"
"Kirschbaum Touch Turbo 17 (1.25)","51","Medium","Polyester","1.25","1.34","1.5","2.7","2.4","28.29","37.0","26.6","41.2","69.5","23.2","","236.0","7.74","14.69","0.37","22.7","45","88.9","0.084","0.44","5.2"
"Kirschbaum Touch Turbo 17 (1.25)","51","Fast","Polyester","1.25","1.34","1.5","2.7","2.4","28.27","35.2","31.9","50.9","79.2","31.6","","203.5","7.74","14.71","0.51","22.9","45.3","84.3","0.084","0.44","5.2"
"Kirschbaum Touch Turbo 17 (1.25)","40","Slow","Polyester","1.25","1.34","1.5","2.7","2.4","17.95","44.8","22.0","28.7","46.5","12.8","","240.6","5.73","16.01","-0.11","21.6","54.5","91.8","0.084","0.44","5.2"
"Kirschbaum Touch Turbo 17 (1.25)","40","Medium","Polyester","1.25","1.34","1.5","2.7","2.4","18.30","40.2","29.0","43.0","61.3","22.2","","208.6","5.73","15.66","0.33","21.8","54.7","84.5","0.084","0.44","5.2"
"Kirschbaum Touch Turbo 17 (1.25)","40","Fast","Polyester","1.25","1.34","1.5","2.7","2.4","18.26","40.2","29.0","43.2","61.3","22.2","","208.6","5.73","15.70","-0.04","21.4","53.9","84.8","0.084","0.44","5.2"
"Pacific Tough Gut 16","62","Slow","Gut","1.34","1.39","4.2","6.7","7.9","52.17","37.5","17.3","8.6","60.6","13.1","","114.9","6.48","3.09","0.04","9.7","15.6","98.0","0.18","0.32","1.8"
"Pacific Tough Gut 16","62","Medium","Gut","1.34","1.39","4.2","6.7","7.9","51.77","35.7","25.0","17.0","68.8","21.5","","110.3","6.48","3.49","0.39","10.4","16.8","97.8","0.18","0.32","1.8"
"Pacific Tough Gut 16","62","Fast","Gut","1.34","1.39","4.2","6.7","7.9","51.24","34.1","30.8","18.3","69.7","26.8","","78.3","6.48","4.02","0.39","10.8","17.6","97.8","0.18","0.32","1.8"
"Pacific Tough Gut 16","51","Slow","Gut","1.34","1.39","4.2","6.7","7.9","41.19","41.2","19.1","10.1","51.4","12.2","","113.7","8.07","1.46","0.02","9.5","18.8","98.2","0.18","0.32","1.8"
"Pacific Tough Gut 16","51","Medium","Gut","1.34","1.39","4.2","6.7","7.9","41.06","38.5","27.2","20.9","62.0","21.1","","115.4","8.07","1.59","0.16","9.9","19.3","94.5","0.18","0.32","1.8"
"Pacific Tough Gut 16","51","Fast","Gut","1.34","1.39","4.2","6.7","7.9","40.70","36.7","33.0","28.7","69.5","28.6","","106.9","8.07","1.95","0.37","10.4","20.5","94.7","0.18","0.32","1.8"
"Pacific Tough Gut 16","40","Slow","Gut","1.34","1.39","4.2","6.7","7.9","29.55","45.5","21.4","13.2","42.8","11.4","","117.2","6.57","3.57","-0.13","9.9","25.2","96.6","0.18","0.32","1.8"
"Pacific Tough Gut 16","40","Medium","Gut","1.34","1.39","4.2","6.7","7.9","29.46","41.6","30.0","24.9","54.2","20.3","","112.0","6.57","3.66","0.07","10.4","25.9","93.3","0.18","0.32","1.8"
"Pacific Tough Gut 16","40","Fast","Gut","1.34","1.39","4.2","6.7","7.9","29.22","39.4","36.0","32.6","61.7","27.8","","102.3","6.57","3.90","0.14","10.6","26.7","92.4","0.18","0.32","1.8"
"Pacific Tough Gut 16L","62","Slow","Gut","1.28","1.28","1.8","6.7","7.9","54.90","36.7","16.2","6.8","61.7","12.6","","106.3","5.40","1.44","-0.56","6.4","10.2","97.6","NA","NA","NA"
"Pacific Tough Gut 16L","62","Medium","Gut","1.28","1.28","1.8","6.7","7.9","55.17","35.2","25.0","15.2","70.3","22.0","","98.9","5.40","1.17","0.60","7.1","11.6","97.6","NA","NA","NA"
"Pacific Tough Gut 16L","62","Fast","Gut","1.28","1.28","1.8","6.7","7.9","54.40","34.0","30.1","23.2","77.6","29.2","","104.0","5.40","1.94","0.44","7.7","12.6","96.8","NA","NA","NA"
"Pacific Tough Gut 16L","51","Slow","Gut","1.28","1.28","1.8","6.7","7.9","43.53","40.3","18.1","9.0","52.5","11.9","","112.0","5.12","2.07","-0.17","7.1","13.8","96.8","NA","NA","NA"
"Pacific Tough Gut 16L","51","Medium","Gut","1.28","1.28","1.8","6.7","7.9","43.46","37.9","27.0","18.7","62.2","21.0","","104.0","5.12","2.14","0.31","7.5","14.9","98.8","NA","NA","NA"
"Pacific Tough Gut 16L","51","Fast","Gut","1.28","1.28","1.8","6.7","7.9","42.98","36.5","33.0","25.8","68.8","28.4","","96.0","5.12","2.62","0.27","7.9","15.8","97.0","NA","NA","NA"
"Pacific Tough Gut 16L","40","Slow","Gut","1.28","1.28","1.8","6.7","7.9","32.08","45.0","20.5","10.6","42.8","10.9","","102.3","5.34","2.27","-0.11","7.5","18.9","98.2","NA","NA","NA"
"Pacific Tough Gut 16L","40","Medium","Gut","1.28","1.28","1.8","6.7","7.9","32.06","41.3","30.0","21.2","53.1","19.9","","96.0","5.34","2.29","0.04","7.7","19.3","95.8","NA","NA","NA"
"Pacific Tough Gut 16L","40","Fast","Gut","1.28","1.28","1.8","6.7","7.9","31.97","39.3","35.9","28.9","60.9","27.3","","90.9","5.34","2.38","0.13","7.9","19.8","94.1","NA","NA","NA"
"Prince Tour 16","62","Slow","Polyester","1.3","1.33","1.8","2.4","4.2","33.69","39.1","18.5","26.7","60.4","14.0","","317.2","11.42","16.63","-0.29","27.8","45","97.0","0.108","0.332","3.1"
"Prince Tour 16","62","Medium","Polyester","1.3","1.33","1.8","2.4","4.2","34.29","35.3","25.8","44.5","78.9","25.4","","272.0","11.42","16.03","0.22","27.8","44.8","92.0","0.108","0.332","3.1"
"Prince Tour 16","62","Fast","Polyester","1.3","1.33","1.8","2.4","4.2","34.35","33.4","30.0","56.2","90.6","34.0","","254.3","11.42","15.97","0.55","28.0","45.3","87.4","0.108","0.332","3.1"
"Prince Tour 16","51","Slow","Polyester","1.3","1.33","1.8","2.4","4.2","23.70","42.8","20.2","28.2","52.0","13.2","","281.2","8.73","18.29","-0.33","26.7","52.6","94.5","0.108","0.332","3.1"
"Prince Tour 16","51","Medium","Polyester","1.3","1.33","1.8","2.4","4.2","24.32","38.3","27.8","44.8","69.0","24.0","","234.9","8.73","17.67","0.20","26.7","52.4","87.2","0.108","0.332","3.1"
"Prince Tour 16","51","Fast","Polyester","1.3","1.33","1.8","2.4","4.2","24.34","36.3","32.1","54.5","78.9","31.6","","214.9","8.73","17.65","0.50","26.9","53","81.4","0.108","0.332","3.1"
"Prince Tour 16","40","Slow","Polyester","1.3","1.33","1.8","2.4","4.2","15.94","46.1","22.1","30.2","46.3","12.8","","252.0","5.58","18.17","-0.13","23.6","59.5","91.8","0.108","0.332","3.1"
"Prince Tour 16","40","Medium","Polyester","1.3","1.33","1.8","2.4","4.2","16.41","41.1","29.9","44.8","61.3","22.9","","204.0","5.58","17.70","0.34","23.6","59.5","82.6","0.108","0.332","3.1"
"Prince Tour 16","40","Fast","Polyester","1.3","1.33","1.8","2.4","4.2","16.43","39.0","34.2","54.2","70.8","30.3","","188.6","5.58","17.68","0.42","23.6","59.7","76.9","0.108","0.332","3.1"
"Prince Tour 17","62","Slow","Polyester","1.25","1.28","1.8","3.3","4.8","34.40","45.5","18.9","24.9","59.3","14.0","","281.8","11.14","16.20","-0.31","27.1","43.8","95.8","0.114","0.387","3.4"
"Prince Tour 17","62","Medium","Polyester","1.25","1.28","1.8","3.3","4.8","34.99","35.5","25.9","42.3","77.4","25.1","","256.6","11.14","15.61","0.15","26.9","43.6","91.6","0.114","0.387","3.4"
"Prince Tour 17","62","Fast","Polyester","1.25","1.28","1.8","3.3","4.8","34.99","33.6","30.1","54.2","89.3","33.6","","242.9","11.14","15.61","0.53","27.3","44.2","88.4","0.114","0.387","3.4"
"Prince Tour 17","51","Slow","Polyester","1.25","1.28","1.8","3.3","4.8","22.51","43.6","21.0","27.8","50.3","13.2","","255.5","9.57","18.64","-0.31","27.8","55","97.2","0.114","0.387","3.4"
"Prince Tour 17","51","Medium","Polyester","1.25","1.28","1.8","3.3","4.8","23.11","39.1","28.0","43.0","66.2","23.2","","222.9","9.57","18.04","0.33","28.0","55.1","88.9","0.114","0.387","3.4"
"Prince Tour 17","51","Fast","Polyester","1.25","1.28","1.8","3.3","4.8","23.04","37.0","33.0","53.6","76.5","31.6","","198.9","9.57","18.11","0.50","28.2","55.6","81.7","0.114","0.387","3.4"
"Prince Tour 17","40","Slow","Polyester","1.25","1.28","1.8","3.3","4.8","14.20","48.0","23.6","28.7","42.8","12.6","","208.0","6.39","19.10","-0.13","25.4","63.9","89.9","0.114","0.387","3.4"
"Prince Tour 17","40","Medium","Polyester","1.25","1.28","1.8","3.3","4.8","14.71","42.7","30.3","43.0","57.8","21.9","","190.3","6.39","18.59","0.27","25.1","63.6","82.4","0.114","0.387","3.4"
"Prince Tour 17","40","Fast","Polyester","1.25","1.28","1.8","3.3","4.8","14.73","40.4","35.9","52.0","66.8","30.0","","163.4","6.39","18.57","0.40","25.4","63.9","76.6","0.114","0.387","3.4"
"Solinco Tour Bite 15L (1.35)","51","Fast","Polyester","1.35","1.28","1.8","8.5","6.4","39.03","32.8","30.9","56.0","95.0","36.7","17.0","238.9","3.57","8.12","0.33","12.1","23.7","88.2","0.092","0.471","5.1"
"Solinco Tour Bite 16","62","Slow","Polyester","1.3","1.34","1.8","3.3","4.2","36.47","38.9","18.8","23.8","60.4","14.2","","276.0","10.41","14.86","-0.31","24.9","40.4","95.3","0.085","0.573","6.7"
"Solinco Tour Bite 16","62","Medium","Polyester","1.3","1.34","1.8","3.3","4.2","37.02","35.4","25.5","40.4","77.4","24.7","","252.6","10.41","14.31","0.22","24.9","40.4","92.0","0.085","0.573","6.7"
"Solinco Tour Bite 16","62","Fast","Polyester","1.3","1.34","1.8","3.3","4.2","37.02","33.5","30.1","51.6","88.6","33.4","","231.5","10.41","14.31","0.64","25.4","41.1","88.4","0.085","0.573","6.7"
"Solinco Tour Bite 16","51","Slow","Polyester","1.3","1.34","1.8","3.3","4.2","26.97","41.9","20.0","26.2","53.1","13.3","","266.3","9.46","14.29","-0.17","23.6","46.5","93.7","0.085","0.573","6.7"
"Solinco Tour Bite 16","51","Medium","Polyester","1.3","1.34","1.8","3.3","4.2","27.45","37.7","27.0","41.7","69.0","23.3","","232.0","9.46","13.81","0.31","23.6","46.5","89.7","0.085","0.573","6.7"
"Solinco Tour Bite 16","51","Fast","Polyester","1.3","1.34","1.8","3.3","4.2","27.39","35.8","32.0","51.2","78.5","31.4","","202.9","9.46","13.87","0.56","23.8","47.1","85.0","0.085","0.573","6.7"
"Solinco Tour Bite 16","40","Slow","Polyester","1.3","1.34","1.8","3.3","4.2","15.90","46.8","22.7","28.7","44.5","12.6","","225.7","6.81","16.98","-0.04","23.8","59.8","91.2","0.085","0.573","6.7"
"Solinco Tour Bite 16","40","Medium","Polyester","1.3","1.34","1.8","3.3","4.2","16.25","41.9","30.0","42.3","58.7","22.0","","191.5","6.81","16.63","0.40","23.8","60.1","84.5","0.085","0.573","6.7"
"Solinco Tour Bite 16","40","Fast","Polyester","1.3","1.34","1.8","3.3","4.2","16.21","39.4","35.0","52.5","68.8","30.1","","174.3","6.81","16.67","0.51","24.0","60.4","79.6","0.085","0.573","6.7"
"Solinco Tour Bite 16 Soft","40","Slow","Polyester","1.3","NA","2.4","4.5","5.8","14.33","48.5","23.5","26.5","40.8","12.0","5.8","193.7","7.56","17.80","-0.05","25.4","63.8","89.7","0.08","0.549","6.9"
"Solinco Tour Bite 16 Soft","40","Medium","Polyester","1.3","NA","2.4","4.5","5.8","14.95","43.2","31.1","39.0","54.0","20.9","9.9","164.6","7.56","17.18","0.53","25.4","63.7","81.7","0.08","0.549","6.9"
"Solinco Tour Bite 16 Soft","40","Fast","Polyester","1.3","NA","2.4","4.5","5.8","14.99","40.8","36.0","47.6","62.6","28.1","12.7","148.6","7.56","17.14","0.66","25.4","63.9","76.4","0.08","0.549","6.9"
"Solinco Tour Bite 16 Soft","51","Slow","Polyester","1.3","NA","2.4","4.5","5.8","25.00","42.8","20.1","25.1","50.3","12.6","6.7","253.7","7.06","18.66","-0.45","25.4","49.8","92.5","0.08","0.549","6.9"
"Solinco Tour Bite 16 Soft","51","Medium","Polyester","1.3","NA","2.4","4.5","5.8","25.82","38.2","28.0","39.9","65.7","23.0","11.6","207.5","7.06","17.84","0.35","25.1","49.8","90.4","0.08","0.549","6.9"
"Solinco Tour Bite 16 Soft","51","Fast","Polyester","1.3","NA","2.4","4.5","5.8","25.82","36.2","33.0","49.2","75.0","31.0","14.8","184.0","7.06","17.84","0.62","25.6","50.3","83.7","0.08","0.549","6.9"
"Solinco Tour Bite 16 Soft","62","Slow","Polyester","1.3","NA","2.4","4.5","5.8","36.16","38.4","18.1","22.9","59.1","13.3","7.0","285.2","7.94","17.64","-0.33","25.4","40.9","93.1","0.08","0.549","6.9"
"Solinco Tour Bite 16 Soft","62","Medium","Polyester","1.3","NA","2.4","4.5","5.8","36.78","35.9","25.6","39.5","76.3","24.4","18.1","245.2","7.94","17.02","0.22","25.1","40.8","82.6","0.08","0.549","6.9"
"Solinco Tour Bite 16 Soft","62","Fast","Polyester","1.3","NA","2.4","4.5","5.8","36.78","33.1","30.0","50.1","86.9","32.6","16.4","225.7","7.94","17.02","0.62","25.6","41.4","86.3","0.08","0.549","6.9"
"Solinco Tour Bite 16L (1.25)","62","Fast","Polyester","1.25","NA","1.5","2.7","3.3","48.91","30.9","28.0","49.0","97.9","34.3","","254.3","3.42","9.41","0.42","13.2","21.5","91.8","0.085","0.505","5.9"
"Solinco Tour Bite 16L (1.25)","62","Medium","Polyester","1.25","NA","1.5","2.7","3.3","48.93","32.4","23.1","37.5","86.4","24.9","","285.2","3.42","9.39","0.13","13.0","21","93.9","0.085","0.505","5.9"
"Solinco Tour Bite 16L (1.25)","62","Slow","Polyester","1.25","NA","1.5","2.7","3.3","48.60","35.4","16.6","20.9","69.5","14.4","","308.6","3.42","9.72","-0.22","13.0","20.9","96.4","0.085","0.505","5.9"
"Solinco Tour Bite 16L (1.25)","51","Fast","Polyester","1.25","NA","1.5","2.7","3.3","38.37","32.4","29.5","50.9","89.3","33.0","","237.7","3.75","8.60","0.42","12.8","25.2","88.4","0.085","0.505","5.9"
"Solinco Tour Bite 16L (1.25)","51","Medium","Polyester","1.25","NA","1.5","2.7","3.3","38.37","34.4","24.9","39.7","78.1","24.4","","259.5","3.75","8.60","0.18","12.6","24.7","92.5","0.085","0.505","5.9"
"Solinco Tour Bite 16L (1.25)","51","Slow","Polyester","1.25","NA","1.5","2.7","3.3","37.97","37.9","18.0","24.5","62.4","14.0","","306.3","3.75","9.00","-0.18","12.6","24.8","99.0","0.085","0.505","5.9"
"Solinco Tour Bite 16L (1.25)","40","Fast","Polyester","1.25","NA","1.5","2.7","3.3","23.37","35.5","32.1","55.3","78.7","31.6","","219.5","4.72","11.60","0.17","16.5","41.6","85.2","0.085","0.505","5.9"
"Solinco Tour Bite 16L (1.25)","40","Medium","Polyester","1.25","NA","1.5","2.7","3.3","23.70","37.7","27.6","43.4","67.3","23.2","","232.6","4.72","11.27","0.33","16.3","41.1","90.4","0.085","0.505","5.9"
"Solinco Tour Bite 16L (1.25)","40","Slow","Polyester","1.25","NA","1.5","2.7","3.3","23.37","42.4","20.3","28.0","51.4","13.1","","277.2","4.72","11.60","-0.05","16.3","41","93.1","0.085","0.505","5.9"
"Solinco Tour Bite 17","62","Slow","Polyester","1.2","1.23","2.4","4.5","5.8","35.15","39.9","19.0","22.9","58.0","13.8","","258.3","9.37","17.22","-0.44","26.2","42.4","97.0","0.079","0.499","6.3"
"Solinco Tour Bite 17","62","Medium","Polyester","1.2","1.23","2.4","4.5","5.8","35.88","36.2","26.0","37.7","73.6","23.9","","226.9","9.37","16.49","0.36","26.2","42.5","91.6","0.079","0.499","6.3"
"Solinco Tour Bite 17","62","Fast","Polyester","1.2","1.23","2.4","4.5","5.8","35.79","34.3","31.0","48.5","84.2","32.7","","205.2","9.37","16.58","0.58","26.5","43","88.4","0.079","0.499","6.3"
"Solinco Tour Bite 17","51","Slow","Polyester","1.2","1.23","2.4","4.5","5.8","26.28","43.2","20.5","24.3","50.5","13.0","","234.3","8.31","16.13","-0.14","24.3","47.9","93.9","0.079","0.499","6.3"
"Solinco Tour Bite 17","51","Medium","Polyester","1.2","1.23","2.4","4.5","5.8","26.75","38.9","28.0","38.6","65.3","22.9","","200.0","8.31","15.66","0.38","24.3","48","88.2","0.079","0.499","6.3"
"Solinco Tour Bite 17","51","Fast","Polyester","1.2","1.23","2.4","4.5","5.8","26.72","36.8","33.0","48.7","75.4","31.1","","181.2","8.31","15.69","0.66","24.7","48.6","85.2","0.079","0.499","6.3"
"Solinco Tour Bite 17","40","Slow","Polyester","1.2","1.23","2.4","4.5","5.8","16.65","47.9","23.2","25.8","42.6","12.3","","196.0","7.34","15.70","-0.11","22.9","57.8","90.6","0.079","0.499","6.3"
"Solinco Tour Bite 17","40","Medium","Polyester","1.2","1.23","2.4","4.5","5.8","17.13","42.9","30.4","38.1","55.1","21.0","","166.9","7.34","15.22","0.59","23.2","58.3","83.7","0.079","0.499","6.3"
"Solinco Tour Bite 17","40","Fast","Polyester","1.2","1.23","2.4","4.5","5.8","17.04","40.4","36.0","47.6","64.8","29.1","","149.7","7.34","15.31","0.57","23.2","58.5","78.0","0.079","0.499","6.3"
"Solinco Tour Bite 18 (1.15)","62","Slow","Polyester","1.15","1.18","3.6","5.2","6.7","33.71","40.4","19.2","21.4","55.1","13.2","","234.9","9.79","18.24","-0.38","27.6","44.8","95.6","0.097","0.563","5.8"
"Solinco Tour Bite 18 (1.15)","62","Medium","Polyester","1.15","1.18","3.6","5.2","6.7","34.40","36.6","26.0","36.4","70.8","23.0","","218.3","9.79","17.55","0.31","27.6","44.8","91.2","0.097","0.563","5.8"
"Solinco Tour Bite 18 (1.15)","62","Fast","Polyester","1.15","1.18","3.6","5.2","6.7","34.40","34.8","31.4","47.0","81.4","31.9","","193.7","9.79","17.55","0.55","27.8","45.2","87.8","0.097","0.563","5.8"
"Solinco Tour Bite 18 (1.15)","51","Slow","Polyester","1.15","1.18","3.6","5.2","6.7","24.98","44.0","21.0","22.5","47.4","12.5","","206.9","8.56","17.18","-0.33","25.4","50.1","93.7","0.097","0.563","5.8"
"Solinco Tour Bite 18 (1.15)","51","Medium","Polyester","1.15","1.18","3.6","5.2","6.7","25.60","39.6","28.1","36.4","62.0","21.8","","187.5","8.56","16.56","0.33","25.4","50.2","89.3","0.097","0.563","5.8"
"Solinco Tour Bite 18 (1.15)","51","Fast","Polyester","1.15","1.18","3.6","5.2","6.7","25.67","37.3","33.8","45.6","71.2","30.2","","161.7","8.56","16.49","0.62","25.6","50.6","84.8","0.097","0.563","5.8"
"Solinco Tour Bite 18 (1.15)","40","Slow","Polyester","1.15","1.18","3.6","5.2","6.7","16.47","48.3","23.7","24.0","40.6","12.0","","174.9","7.39","15.83","-0.33","22.9","57.7","92.2","0.097","0.563","5.8"
"Solinco Tour Bite 18 (1.15)","40","Medium","Polyester","1.15","1.18","3.6","5.2","6.7","17.18","43.3","31.0","36.2","53.1","20.6","","152.6","7.39","15.12","0.47","22.9","57.9","83.2","0.097","0.563","5.8"
"Solinco Tour Bite 18 (1.15)","40","Fast","Polyester","1.15","1.18","3.6","5.2","6.7","17.09","40.7","36.0","45.9","62.8","28.3","","143.4","7.39","15.21","0.44","22.9","58.1","79.2","0.097","0.563","5.8"
"Solinco Tour Bite 19 (1.10)","51","Fast","Polyester","1.1","1.27","3.6","7.3","3.3","34.73","35.7","33.0","46.1","80.7","33.3","16.1","171.5","3.31","12.68","0.33","16.3","32.2","89.9","0.09","0.649","7.2"
"Solinco Tour Bite 20 (1.05)","51","Fast","Polyester","1.05","1.30","7.0","8.8","3.6","27.23","38.5","36.0","43.4","70.6","31.8","14.3","136.0","4.83","18.66","0.51","24.0","47.3","87.2","0.093","0.543","5.8"
"Solinco Tour Bite Diamond Rough 16 (1.30)","40","Slow","Polyester","1.3","NA","2.4","5.2","7.0","10.14","51.8","25.8","29.8","39.9","12.9","5.6","181.2","7.72","21.83","0.04","29.5","74.6","87.0","0.111","0.54","4.9"
"Solinco Tour Bite Diamond Rough 16 (1.30)","40","Medium","Polyester","1.3","NA","2.4","5.2","7.0","10.61","46.1","33.3","41.0","51.6","21.5","9.0","149.7","7.72","21.36","0.62","29.8","74.8","77.6","0.111","0.54","4.9"
"Solinco Tour Bite Diamond Rough 16 (1.30)","40","Fast","Polyester","1.3","NA","2.4","5.2","7.0","10.67","43.6","38.3","48.5","59.1","28.3","11.6","134.3","7.72","21.30","0.97","30.0","75.6","71.2","0.111","0.54","4.9"
"Solinco Tour Bite Diamond Rough 16 (1.30)","51","Slow","Polyester","1.3","NA","2.4","5.2","7.0","26.02","44.2","21.2","25.1","51.2","13.6","6.6","229.2","8.82","15.88","1.46","26.2","51.6","93.7","0.111","0.54","4.9"
"Solinco Tour Bite Diamond Rough 16 (1.30)","51","Medium","Polyester","1.3","NA","2.4","5.2","7.0","25.03","38.9","28.6","42.1","67.3","24.0","11.2","209.7","8.82","16.87","0.44","26.2","51.5","88.5","0.111","0.54","4.9"
"Solinco Tour Bite Diamond Rough 16 (1.30)","51","Fast","Polyester","1.3","NA","2.4","5.2","7.0","25.03","36.6","33.1","51.8","76.7","31.8","14.8","192.6","8.82","16.87","0.66","26.2","52","82.1","0.111","0.54","4.9"
"Solinco Tour Bite Diamond Rough 16 (1.30)","62","Slow","Polyester","1.3","NA","2.4","5.2","7.0","37.46","39.8","19.6","24.0","61.5","15.0","7.3","254.3","9.00","15.28","-0.38","23.8","38.7","96.8","0.111","0.54","4.9"
"Solinco Tour Bite Diamond Rough 16 (1.30)","62","Medium","Polyester","1.3","NA","2.4","5.2","7.0","38.17","35.3","26.0","40.6","78.9","25.7","12.4","244.0","9.00","14.57","0.18","23.8","38.5","96.2","0.111","0.54","4.9"
"Solinco Tour Bite Diamond Rough 16 (1.30)","62","Fast","Polyester","1.3","NA","2.4","5.2","7.0","38.12","33.3","31.0","51.6","89.7","34.7","16.5","217.7","9.00","14.62","0.50","24.0","39.1","90.4","0.111","0.54","4.9"
"Solinco Tour Bite Diamond Rough 16L (1.25)","40","Slow","Polyester","1.25","NA","2.7","5.2","6.4","11.03","51.7","25.7","28.4","39.5","12.7","5.5","175.5","7.94","20.72","0.27","28.9","72.9","87.2","0.095","0.516","5.4"
"Solinco Tour Bite Diamond Rough 16L (1.25)","40","Medium","Polyester","1.25","NA","2.7","5.2","6.4","11.62","45.1","32.6","41.2","52.9","21.6","9.2","158.3","7.94","20.13","0.73","28.9","72.6","79.0","0.095","0.516","5.4"
"Solinco Tour Bite Diamond Rough 16L (1.25)","40","Fast","Polyester","1.25","NA","2.7","5.2","6.4","11.42","42.7","38.0","49.6","61.1","29.0","11.9","139.4","7.94","20.33","0.90","29.1","73.5","73.3","0.095","0.516","5.4"
"Solinco Tour Bite Diamond Rough 16L (1.25)","51","Slow","Polyester","1.25","NA","2.7","5.2","6.4","26.90","43.6","21.1","25.8","52.7","13.8","6.7","235.5","8.62","15.20","-0.16","23.6","46.7","96.6","0.095","0.516","5.4"
"Solinco Tour Bite Diamond Rough 16L (1.25)","51","Medium","Polyester","1.25","NA","2.7","5.2","6.4","27.47","38.1","28.0","42.3","69.9","24.5","11.6","218.9","8.62","14.63","0.22","23.4","46.3","92.4","0.095","0.516","5.4"
"Solinco Tour Bite Diamond Rough 16L (1.25)","51","Fast","Polyester","1.25","NA","2.7","5.2","6.4","27.50","35.9","33.3","52.3","79.6","33.2","14.9","191.5","8.62","14.60","0.60","23.8","47","85.7","0.095","0.516","5.4"
"Solinco Tour Bite Diamond Rough 16L (1.25)","62","Slow","Polyester","1.25","NA","2.7","5.2","6.4","40.46","39.2","18.5","22.5","63.1","14.6","7.5","268.6","7.41","13.87","-0.22","20.9","34.1","97.4","0.095","0.516","5.4"
"Solinco Tour Bite Diamond Rough 16L (1.25)","62","Medium","Polyester","1.25","NA","2.7","5.2","6.4","40.97","34.9","26.0","39.9","80.9","26.2","12.5","240.6","7.41","13.36","0.13","20.9","33.9","93.3","0.095","0.516","5.4"
"Solinco Tour Bite Diamond Rough 16L (1.25)","62","Fast","Polyester","1.25","NA","2.7","5.2","6.4","40.92","32.9","30.2","50.9","91.7","34.6","16.5","226.9","7.41","13.41","0.57","21.4","34.6","91.2","0.095","0.516","5.4"
"Solinco Tour Bite Diamond Rough 17 (1.20)","40","Slow","Polyester","1.2","NA","3.6","6.1","7.0","11.80","51.9","25.8","27.1","38.8","12.5","5.4","165.2","9.13","18.76","0.16","28.0","70.7","88.7","0.119","0.516","4.3"
"Solinco Tour Bite Diamond Rough 17 (1.20)","40","Medium","Polyester","1.2","NA","3.6","6.1","7.0","12.11","45.9","33.5","38.8","50.9","21.4","9.1","140.0","9.13","18.45","0.64","28.2","71.1","78.9","0.119","0.516","4.3"
"Solinco Tour Bite Diamond Rough 17 (1.20)","40","Fast","Polyester","1.2","NA","3.6","6.1","7.0","12.15","42.9","38.3","48.1","60.2","28.8","11.9","133.7","9.13","18.41","0.88","28.4","71.6","74.3","0.119","0.516","4.3"
"Solinco Tour Bite Diamond Rough 17 (1.20)","51","Slow","Polyester","1.2","NA","3.6","6.1","7.0","29.77","43.2","20.8","22.9","52.7","13.7","6.8","216.0","6.46","14.49","0.84","21.8","43","95.3","0.119","0.516","4.3"
"Solinco Tour Bite Diamond Rough 17 (1.20)","51","Medium","Polyester","1.2","NA","3.6","6.1","7.0","29.35","38.1","28.0","39.2","68.8","24.1","11.3","203.5","6.46","14.91","0.35","21.8","42.8","91.0","0.119","0.516","4.3"
"Solinco Tour Bite Diamond Rough 17 (1.20)","51","Fast","Polyester","1.2","NA","3.6","6.1","7.0","29.33","35.9","33.3","49.6","78.9","32.9","14.9","181.7","6.46","14.93","0.67","22.1","43.5","87.0","0.119","0.516","4.3"
"Solinco Tour Bite Diamond Rough 17 (1.20)","62","Slow","Polyester","1.2","NA","3.6","6.1","7.0","39.25","39.8","19.1","21.6","60.6","14.5","7.4","238.3","6.73","15.76","-0.20","22.3","36.1","97.2","0.119","0.516","4.3"
"Solinco Tour Bite Diamond Rough 17 (1.20)","62","Medium","Polyester","1.2","NA","3.6","6.1","7.0","39.80","35.5","26.0","37.7","77.6","25.2","12.4","225.7","6.73","15.21","0.11","22.1","35.7","93.9","0.119","0.516","4.3"
"Solinco Tour Bite Diamond Rough 17 (1.20)","62","Fast","Polyester","1.2","NA","3.6","6.1","7.0","39.40","33.6","31.5","48.3","87.8","34.5","16.1","197.7","6.73","15.61","0.26","22.5","36.6","90.4","0.119","0.516","4.3"
"Solinco Tour Bite Soft 16L (1.25)","51","Fast","Polyester","1.25","NA","1.5","3.6","7.0","36.05","34.7","32.2","48.7","84.9","34.1","16.3","192.0","3.51","11.16","0.22","15.0","29.3","88.5","0.088","0.507","5.8"
"Solinco Tour Bite Soft 17 (1.20)","51","Fast","Polyester","1.2","1.33","1.8","8.5","4.2","36.16","34.9","32.3","47.6","83.8","33.8","15.8","186.3","3.46","11.10","0.26","14.8","29.2","87.0","0.092","0.526","5.7"
"Solinco Tour Bite Soft 18 (1.15)","51","Fast","Polyester","1.15","1.33","1.5","3.0","9.4","35.17","35.5","33.0","46.1","81.4","33.5","15.9","172.0","3.18","12.37","0.33","15.9","31.3","88.4","0.092","0.674","7.3"
"Grapplesnake Tour M8 17 (1.25)","51","Fast","Polyester","1.25","1.30","1.5","2.4","9.4","33.63","34.1","31.9","52.7","86.2","34.4","15.7","210.3","5.62","11.47","0.33","17.4","34.3","87.0","0.066","0.544","8.2"
"Dunlop Tour Performance 16","51","Fast","Nylon","1.3","1.34","9.1","10.3","11.5","39.54","35.0","32.0","40.4","79.8","31.9","","160.0","7.01","4.17","0.16","11.2","22.3","94.5","0.101","0.412","4.1"
"Dunlop Tour Performance 16","40","Slow","Nylon","1.3","1.34","9.1","10.3","11.5","30.56","45.0","20.8","13.7","44.3","11.5","","128.6","6.11","3.02","0.02","9.0","23.1","97.0","0.101","0.412","4.1"
"Dunlop Tour Performance 16","40","Medium","Nylon","1.3","1.34","9.1","10.3","11.5","30.38","40.4","29.3","28.2","58.7","21.5","","133.2","6.11","3.20","0.08","9.5","23.7","93.9","0.101","0.412","4.1"
"Dunlop Tour Performance 16","40","Fast","Nylon","1.3","1.34","9.1","10.3","11.5","30.23","38.0","34.7","39.2","69.7","30.2","","133.2","6.11","3.35","0.13","9.7","24.2","90.6","0.101","0.412","4.1"
"Dunlop Tour Performance 16","62","Slow","Nylon","1.3","1.34","9.1","10.3","11.5","49.63","37.6","17.3","13.0","62.6","13.5","","176.6","7.98","4.13","0.04","12.1","19.7","98.2","0.101","0.412","4.1"
"Dunlop Tour Performance 16","62","Medium","Nylon","1.3","1.34","9.1","10.3","11.5","49.08","34.7","25.0","28.0","77.2","24.1","","182.3","7.98","4.68","0.04","12.8","20.6","96.6","0.101","0.412","4.1"
"Dunlop Tour Performance 16","62","Fast","Nylon","1.3","1.34","9.1","10.3","11.5","48.80","32.8","30.0","40.1","88.9","33.4","","181.2","7.98","4.96","0.16","13.0","21.2","90.2","0.101","0.412","4.1"
"Dunlop Tour Performance 16","51","Slow","Nylon","1.3","1.34","9.1","10.3","11.5","40.09","40.7","18.7","13.7","53.8","12.6","","157.7","7.01","3.62","0.03","10.6","21","99.2","0.101","0.412","4.1"
"Dunlop Tour Performance 16","51","Medium","Nylon","1.3","1.34","9.1","10.3","11.5","39.73","37.2","26.8","29.1","68.8","23.0","","165.2","7.01","3.98","0.04","11.0","21.7","95.5","0.101","0.412","4.1"
"Super String Tour Players V3 17 (1.20)","62","Slow","Polyester","1.2","1.21","2.4","3.3","4.5","37.00","38.9","18.1","22.9","59.8","13.5","","284.0","8.49","16.25","-0.29","24.5","39.6","94.7","NA","NA","NA"
"Super String Tour Players V3 17 (1.20)","62","Medium","Polyester","1.2","1.21","2.4","3.3","4.5","37.51","35.4","25.6","38.6","76.1","24.3","","240.6","8.49","15.74","0.25","24.5","39.6","92.2","NA","NA","NA"
"Super String Tour Players V3 17 (1.20)","62","Fast","Polyester","1.2","1.21","2.4","3.3","4.5","37.48","33.5","30.0","49.6","87.1","32.7","","223.5","8.49","15.77","0.46","24.7","40","89.1","NA","NA","NA"
"Super String Tour Players V3 17 (1.20)","51","Slow","Polyester","1.2","1.21","2.4","3.3","4.5","27.72","42.1","20.0","24.9","52.7","13.2","","252.6","7.50","15.50","-0.35","22.7","44.7","92.7","NA","NA","NA"
"Super String Tour Players V3 17 (1.20)","51","Medium","Polyester","1.2","1.21","2.4","3.3","4.5","28.38","37.9","27.2","39.7","68.1","23.1","","218.3","7.50","14.84","0.24","22.5","44.5","89.7","NA","NA","NA"
"Super String Tour Players V3 17 (1.20)","51","Fast","Polyester","1.2","1.21","2.4","3.3","4.5","28.44","35.8","32.0","49.8","78.3","31.3","","197.7","7.50","14.78","0.55","22.9","45","86.3","NA","NA","NA"
"Super String Tour Players V3 17 (1.20)","40","Slow","Polyester","1.2","1.21","2.4","3.3","4.5","19.45","45.6","22.0","26.5","46.1","12.6","","222.9","5.80","14.44","-0.28","20.1","50.3","91.2","NA","NA","NA"
"Super String Tour Players V3 17 (1.20)","40","Medium","Polyester","1.2","1.21","2.4","3.3","4.5","20.04","40.9","29.3","39.9","59.8","21.9","","188.6","5.80","13.85","0.46","20.1","50.7","85.2","NA","NA","NA"
"Super String Tour Players V3 17 (1.20)","40","Fast","Polyester","1.2","1.21","2.4","3.3","4.5","20.02","38.4","34.1","50.1","70.1","29.9","","175.5","5.80","13.87","0.44","20.1","50.7","80.5","NA","NA","NA"
"Grapplesnake Tour Sniper 1.25","51","Fast","Polyester","1.25","1.26","2.4","2.7","10.3","34.62","34.3","31.9","51.8","86.4","34.5","15.8","206.3","5.07","11.03","0.11","16.3","32","85.6","0.086","0.501","5.8"
"Yonex Tour Super 850 16 (1.30)","51","Fast","Nylon","1.3","1.28","1.8","2.4","8.8","41.45","35.2","32.2","37.3","78.7","31.7","15.8","145.7","3.86","5.41","0.22","9.5","18.7","91.8","0.091","0.442","4.9"
"Yonex Tour Super Pro 850 16 (1.32)","51","Fast","Nylon","1.32","1.31","2.1","3.3","11.2","42.40","34.9","32.1","37.5","80.0","32.0","16.2","148.6","3.81","4.51","0.15","8.4","16.7","92.7","0.1","0.428","4.3"
"Prince Tour XC 15L","40","Slow","Polyester","1.35","NA","1.5","3.0","4.2","17.93","47.3","23.1","28.2","46.3","13.3","6.1","216.0","5.27","16.49","1.11","22.9","57.6","92.7","0.075","0.416","5.5"
"Prince Tour XC 15L","40","Medium","Polyester","1.35","NA","1.5","3.0","4.2","18.08","41.3","30.3","44.1","62.2","23.6","10.4","195.5","5.27","16.34","2.14","23.8","59.8","85.2","0.075","0.416","5.5"
"Prince Tour XC 15L","40","Fast","Polyester","1.35","NA","1.5","3.0","4.2","18.26","38.7","35.5","53.6","71.9","31.9","13.7","173.2","5.27","16.16","2.76","24.3","60.9","79.2","0.075","0.416","5.5"
"Prince Tour XC 15L","51","Slow","Polyester","1.35","NA","1.5","3.0","4.2","30.12","42.4","20.1","25.4","55.6","14.0","6.8","255.5","5.95","14.65","0.42","20.9","41.4","95.8","0.075","0.416","5.5"
"Prince Tour XC 15L","51","Medium","Polyester","1.35","NA","1.5","3.0","4.2","30.41","37.4","27.8","42.3","72.8","25.3","11.7","222.3","5.95","14.36","1.61","21.8","43.2","89.7","0.075","0.416","5.5"
"Prince Tour XC 15L","51","Fast","Polyester","1.35","NA","1.5","3.0","4.2","30.05","35.2","32.3","53.6","83.6","33.8","15.6","208.6","5.95","14.72","2.38","22.9","45.4","85.2","0.075","0.416","5.5"
"Prince Tour XC 15L","62","Slow","Polyester","1.35","NA","1.5","3.0","4.2","41.76","38.9","18.5","23.4","65.0","15.0","7.5","278.3","6.97","13.01","0.00","20.1","32.4","97.6","0.075","0.416","5.5"
"Prince Tour XC 15L","62","Medium","Polyester","1.35","NA","1.5","3.0","4.2","41.87","34.5","25.8","41.5","83.3","26.9","12.8","253.2","6.97","12.90","0.77","20.7","33.4","93.5","0.075","0.416","5.5"
"Prince Tour XC 15L","62","Fast","Polyester","1.35","NA","1.5","3.0","4.2","41.90","32.5","30.0","53.4","95.3","35.7","17.0","240.0","6.97","12.87","1.86","21.6","35.1","89.9","0.075","0.416","5.5"
"Prince Tour XC 16L","40","Slow","Polyester","1.22","NA","1.5","3.0","3.9","19.84","46.8","22.9","27.3","47.2","13.5","6.2","210.9","5.42","14.43","0.44","20.3","51.1","92.4","0.077","0.42","5.5"
"Prince Tour XC 16L","40","Medium","Polyester","1.22","NA","1.5","3.0","3.9","20.31","41.0","30.0","42.3","62.6","23.5","10.5","190.3","5.42","13.96","1.70","21.2","53.1","85.7","0.077","0.42","5.5"
"Prince Tour XC 16L","40","Fast","Polyester","1.22","NA","1.5","3.0","3.9","20.35","38.3","35.1","52.9","73.2","32.1","14.0","174.9","5.42","13.92","2.38","21.8","54.7","81.2","0.077","0.42","5.5"
"Prince Tour XC 16L","51","Slow","Polyester","1.22","NA","1.5","3.0","3.9","34.05","41.7","20.0","23.6","57.6","14.4","7.0","238.3","5.42","11.25","0.34","17.0","33.5","97.8","0.077","0.42","5.5"
"Prince Tour XC 16L","51","Medium","Polyester","1.22","NA","1.5","3.0","3.9","34.07","36.8","27.1","40.6","74.5","25.2","12.0","224.0","5.42","11.23","0.97","17.6","34.7","91.6","0.077","0.42","5.5"
"Prince Tour XC 16L","51","Fast","Polyester","1.22","NA","1.5","3.0","3.9","34.16","34.5","32.0","51.8","86.0","34.4","16.0","205.7","5.42","11.14","2.03","18.5","36.7","88.2","0.077","0.42","5.5"
"Prince Tour XC 16L","62","Slow","Polyester","1.22","NA","1.5","3.0","3.9","46.24","38.1","18.1","21.2","67.5","15.2","7.7","264.6","5.45","10.05","0.00","15.4","25.1","96.6","0.077","0.42","5.5"
"Prince Tour XC 16L","62","Medium","Polyester","1.22","NA","1.5","3.0","3.9","46.66","34.0","25.0","38.6","85.1","26.6","13.1","250.3","5.45","9.63","0.77","15.9","25.7","95.5","0.077","0.42","5.5"
"Prince Tour XC 16L","62","Fast","Polyester","1.22","NA","1.5","3.0","3.9","46.66","32.0","29.9","50.7","97.5","36.4","17.3","230.3","5.45","9.63","1.55","16.5","26.9","89.9","0.077","0.42","5.5"
"Prince Tour XC 17L","40","Slow","Polyester","1.22","NA","1.5","3.0","4.2","19.78","46.8","23.0","27.3","47.2","13.5","6.2","210.9","5.42","14.49","0.33","20.3","51","92.7","0.073","0.428","5.9"
"Prince Tour XC 17L","40","Medium","Polyester","1.22","NA","1.5","3.0","4.2","20.37","41.0","30.0","42.3","62.6","23.5","10.5","190.9","5.42","13.90","1.67","20.9","52.9","85.7","0.073","0.428","5.9"
"Prince Tour XC 17L","40","Fast","Polyester","1.22","NA","1.5","3.0","4.2","20.26","38.3","35.0","52.9","73.2","32.1","14.0","175.5","5.42","14.01","2.18","21.6","54.4","82.1","0.073","0.428","5.9"
"Prince Tour XC 17L","51","Slow","Polyester","1.22","NA","1.5","3.0","4.2","34.02","41.7","20.0","23.6","57.6","14.4","7.0","238.9","4.78","11.92","0.31","17.0","33.5","98.2","0.073","0.428","5.9"
"Prince Tour XC 17L","51","Medium","Polyester","1.22","NA","1.5","3.0","4.2","34.05","36.8","27.1","40.6","74.5","25.2","12.0","224.6","4.78","11.89","1.02","17.6","34.9","91.4","0.073","0.428","5.9"
"Prince Tour XC 17L","51","Fast","Polyester","1.22","NA","1.5","3.0","4.2","34.09","34.5","32.0","52.0","86.0","34.4","15.9","205.7","4.78","11.85","1.94","18.5","36.6","88.0","0.073","0.428","5.9"
"Prince Tour XC 17L","62","Slow","Polyester","1.22","NA","1.5","3.0","4.2","46.24","38.2","18.1","21.2","67.5","15.2","7.7","264.0","4.90","10.60","0.09","15.7","25.2","97.2","0.073","0.428","5.9"
"Prince Tour XC 17L","62","Medium","Polyester","1.22","NA","1.5","3.0","4.2","46.75","34.0","25.0","38.6","85.3","26.6","13.1","250.3","4.90","10.09","0.86","15.9","25.7","95.1","0.073","0.428","5.9"
"Prince Tour XC 17L","62","Fast","Polyester","1.22","NA","1.5","3.0","4.2","46.68","32.0","29.9","50.7","97.5","36.4","17.4","229.7","4.90","10.16","1.50","16.5","26.8","89.9","0.073","0.428","5.9"
"Prince Tour XP 15L","40","Slow","Polyester","1.35","NA","1.5","3.0","3.9","18.94","47.1","23.0","26.9","45.9","13.2","6.1","207.5","4.45","16.30","0.44","21.2","53.4","93.5","0.083","0.435","5.2"
"Prince Tour XP 15L","40","Medium","Polyester","1.35","NA","1.5","3.0","3.9","19.43","40.9","30.1","42.1","61.5","23.2","10.6","189.7","4.45","15.81","1.42","21.6","54.6","88.0","0.083","0.435","5.2"
"Prince Tour XP 15L","40","Fast","Polyester","1.35","NA","1.5","3.0","3.9","19.40","38.5","35.5","51.2","70.6","31.3","13.9","165.2","4.45","15.84","2.80","23.2","58.2","82.1","0.083","0.435","5.2"
"Prince Tour XP 15L","51","Slow","Polyester","1.35","NA","1.5","3.0","3.9","30.38","42.7","20.2","23.8","54.2","13.7","6.8","236.0","5.73","14.61","0.28","20.7","40.7","96.0","0.083","0.435","5.2"
"Prince Tour XP 15L","51","Medium","Polyester","1.35","NA","1.5","3.0","3.9","31.00","37.7","28.0","39.2","70.3","24.6","11.7","204.0","5.73","13.99","1.43","21.2","41.7","92.7","0.083","0.435","5.2"
"Prince Tour XP 15L","51","Fast","Polyester","1.35","NA","1.5","3.0","3.9","31.05","35.6","32.8","49.0","80.0","32.9","15.4","184.6","5.73","13.94","2.76","22.5","44.2","87.2","0.083","0.435","5.2"
"Prince Tour XP 15L","62","Slow","Polyester","1.35","NA","1.5","3.0","3.9","40.66","39.4","19.0","21.8","62.6","14.9","7.5","246.9","6.62","14.46","0.09","21.2","34.3","97.2","0.083","0.435","5.2"
"Prince Tour XP 15L","62","Medium","Polyester","1.35","NA","1.5","3.0","3.9","40.99","35.2","26.0","38.1","79.2","25.7","12.6","229.7","6.62","14.13","0.97","21.8","35.2","95.8","0.083","0.435","5.2"
"Prince Tour XP 15L","62","Fast","Polyester","1.35","NA","1.5","3.0","3.9","41.12","33.2","30.9","48.7","89.7","34.6","16.7","207.5","6.62","14.00","1.43","22.1","35.7","90.6","0.083","0.435","5.2"
"Prince Tour XP 16","40","Slow","Polyester","1.3","NA","1.5","2.7","3.6","20.35","46.0","22.2","27.6","47.8","13.3","6.3","228.0","4.52","14.82","0.92","20.3","51.1","94.1","0.079","0.436","5.5"
"Prince Tour XP 16","40","Medium","Polyester","1.3","NA","1.5","2.7","3.6","20.37","40.0","29.9","44.1","64.4","24.1","10.8","200.0","4.52","14.80","1.94","21.2","53.6","90.4","0.079","0.436","5.5"
"Prince Tour XP 16","40","Fast","Polyester","1.3","NA","1.5","2.7","3.6","20.48","37.6","34.5","53.8","74.3","32.1","14.5","183.5","4.52","14.69","3.02","22.3","56","83.0","0.079","0.436","5.5"
"Prince Tour XP 16","51","Slow","Polyester","1.3","NA","1.5","2.7","3.6","34.13","41.4","20.0","23.6","57.6","14.4","7.0","238.9","4.70","11.89","0.17","16.8","33","95.8","0.079","0.436","5.5"
"Prince Tour XP 16","51","Medium","Polyester","1.3","NA","1.5","2.7","3.6","34.64","36.6","27.0","39.5","74.1","25.0","12.1","220.0","4.70","11.38","1.26","17.4","34.2","93.1","0.079","0.436","5.5"
"Prince Tour XP 16","51","Fast","Polyester","1.3","NA","1.5","2.7","3.6","34.64","34.5","32.0","50.1","84.7","33.8","16.0","198.3","4.70","11.38","2.45","18.5","36.5","88.9","0.079","0.436","5.5"
"Prince Tour XP 16","62","Slow","Polyester","1.3","NA","1.5","2.7","3.6","42.75","38.8","18.3","21.8","64.6","14.8","7.5","265.2","5.01","13.98","0.00","19.0","30.8","98.0","0.079","0.436","5.5"
"Prince Tour XP 16","62","Medium","Polyester","1.3","NA","1.5","2.7","3.6","42.95","34.6","25.9","38.8","81.8","26.5","12.8","236.0","5.01","13.78","0.35","19.2","31","95.6","0.079","0.436","5.5"
"Prince Tour XP 16","62","Fast","Polyester","1.3","NA","1.5","2.7","3.6","42.95","32.7","30.1","49.6","92.6","34.8","17.0","222.9","5.01","13.78","1.19","20.1","32.4","91.4","0.079","0.436","5.5"
"Prince Tour XP 17 (1.25)","51","Fast","Polyester","1.25","NA","1.5","3.0","3.6","32.74","35.4","32.4","48.7","81.6","33.0","15.6","189.2","3.97","14.01","0.33","18.3","36.1","86.9","0.073","0.486","6.7"
"Prince Tour XR 15L (1.35)","51","Fast","Polyester","1.35","1.36","8.5","10.0","9.4","26.46","35.7","32.3","54.7","81.1","32.7","15.1","213.2","6.62","17.64","0.37","24.7","48.6","81.9","0.073","0.488","6.7"
"Prince Tour XR 16 (1.30)","51","Fast","Polyester","1.3","1.27","7.0","2.4","4.5","30.43","34.9","32.0","54.2","84.7","33.9","15.4","214.9","5.18","15.11","0.44","20.7","40.9","85.4","0.084","0.458","5.5"
"Prince Tour XR 17 (1.25)","51","Fast","Polyester","1.25","1.28","7.3","8.8","3.0","29.88","35.4","32.5","52.7","82.7","33.6","15.2","203.5","5.73","15.11","0.55","21.4","42.2","84.8","0.077","0.455","5.9"
"Prince Tour XS 1.35","40","Slow","Polyester","1.35","NA","0.9","2.1","3.0","21.39","45.9","22.3","26.9","48.3","13.4","6.5","220.6","3.92","14.38","0.66","19.0","47.8","92.2","0.072","0.359","5"
"Prince Tour XS 1.35","40","Medium","Polyester","1.35","NA","0.9","2.1","3.0","22.27","39.5","29.7","43.4","65.7","24.4","11.0","199.5","3.92","13.50","1.76","19.2","48.3","89.3","0.072","0.359","5"
"Prince Tour XS 1.35","40","Fast","Polyester","1.35","NA","0.9","2.1","3.0","22.27","37.2","34.2","53.1","75.4","32.2","14.5","185.2","3.92","13.50","3.09","20.5","51.7","85.4","0.072","0.359","5"
"Prince Tour XS 1.35","51","Slow","Polyester","1.35","NA","0.9","2.1","3.0","33.96","41.6","20.0","22.9","56.9","14.2","7.0","233.2","4.26","12.50","0.22","17.0","33.5","93.5","0.072","0.359","5"
"Prince Tour XS 1.35","51","Medium","Polyester","1.35","NA","0.9","2.1","3.0","33.96","36.8","27.3","39.5","73.4","25.0","11.9","215.5","4.26","12.50","1.11","17.9","35.2","93.5","0.072","0.359","5"
"Prince Tour XS 1.35","51","Fast","Polyester","1.35","NA","0.9","2.1","3.0","34.11","34.7","32.0","49.2","83.3","33.3","15.7","195.5","4.26","12.35","2.12","18.7","36.9","90.1","0.072","0.359","5"
"Prince Tour XS 1.35","62","Slow","Polyester","1.35","NA","0.9","2.1","3.0","42.71","39.0","18.4","21.2","63.9","14.7","7.6","254.3","5.20","13.83","0.00","19.0","30.8","95.5","0.072","0.359","5"
"Prince Tour XS 1.35","62","Medium","Polyester","1.35","NA","0.9","2.1","3.0","42.82","34.9","26.0","38.1","80.9","26.3","12.8","229.7","5.20","13.72","0.97","19.8","32.2","94.5","0.072","0.359","5"
"Prince Tour XS 1.35","62","Fast","Polyester","1.35","NA","0.9","2.1","3.0","42.78","32.9","30.2","48.7","91.5","34.5","16.8","216.6","5.20","13.76","2.76","21.8","35.2","91.2","0.072","0.359","5"
"Prince Tour XS 16","40","Slow","Polyester","1.25","NA","1.8","3.0","3.9","21.08","45.9","22.1","26.7","47.8","13.2","6.3","222.9","4.23","14.38","0.00","18.5","46.9","94.9","0.089","0.488","5.5"
"Prince Tour XS 16","40","Medium","Polyester","1.25","NA","1.8","3.0","3.9","21.52","40.2","30.0","42.3","63.7","23.9","10.8","190.9","4.23","13.94","0.35","18.5","46.7","87.8","0.089","0.488","5.5"
"Prince Tour XS 16","40","Fast","Polyester","1.25","NA","1.8","3.0","3.9","21.50","37.7","34.6","51.8","73.4","31.7","14.2","176.0","4.23","13.96","0.62","18.7","47.4","83.7","0.089","0.488","5.5"
"Prince Tour XS 16","51","Slow","Polyester","1.25","NA","1.8","3.0","3.9","32.28","41.9","20.0","23.6","56.0","14.0","7.0","239.5","4.72","13.72","-0.31","18.1","35.7","98.8","0.089","0.488","5.5"
"Prince Tour XS 16","51","Medium","Polyester","1.25","NA","1.8","3.0","3.9","32.90","37.0","27.6","39.7","72.5","25.1","11.9","211.5","4.72","13.10","0.24","18.1","35.6","92.0","0.089","0.488","5.5"
"Prince Tour XS 16","51","Fast","Polyester","1.25","NA","1.8","3.0","3.9","32.90","34.9","32.0","49.6","82.5","33.0","15.7","196.6","4.72","13.10","0.53","18.3","36.2","89.5","0.089","0.488","5.5"
"Prince Tour XS 16","62","Slow","Polyester","1.25","NA","1.8","3.0","3.9","41.90","39.0","18.4","21.6","63.5","14.6","7.5","260.6","4.90","14.94","-0.39","19.4","31.5","97.0","0.089","0.488","5.5"
"Prince Tour XS 16","62","Medium","Polyester","1.25","NA","1.8","3.0","3.9","42.49","34.8","26.0","38.4","80.9","26.2","12.7","230.9","4.90","14.35","0.18","19.4","31.5","94.3","0.089","0.488","5.5"
"Prince Tour XS 16","62","Fast","Polyester","1.25","NA","1.8","3.0","3.9","42.47","32.9","30.1","48.5","91.1","34.3","16.8","217.2","4.90","14.37","0.46","19.8","32","89.3","0.089","0.488","5.5"
"Prince Tour XT 18","40","Slow","Polyester","1.18","NA","2.1","3.0","4.2","19.58","47.1","23.0","26.0","45.6","13.1","6.2","200.0","4.63","15.48","-0.13","20.1","50.3","95.5","0.067","0.427","6.4"
"Prince Tour XT 18","40","Medium","Polyester","1.18","NA","2.1","3.0","4.2","20.11","41.2","30.1","40.1","60.4","22.7","10.5","180.0","4.63","14.95","0.49","20.1","50.6","86.9","0.067","0.427","6.4"
"Prince Tour XT 18","40","Fast","Polyester","1.18","NA","2.1","3.0","4.2","20.13","38.7","35.9","49.4","69.7","31.2","13.7","156.6","4.63","14.93","0.53","20.1","50.6","82.4","0.067","0.427","6.4"
"Prince Tour XT 18","51","Slow","Polyester","1.18","NA","2.1","3.0","4.2","31.31","42.4","20.1","23.2","54.5","13.6","6.9","232.6","4.74","14.67","-0.16","19.2","38","96.0","0.067","0.427","6.4"
"Prince Tour XT 18","51","Medium","Polyester","1.18","NA","2.1","3.0","4.2","31.82","37.6","28.0","38.1","70.1","24.5","11.7","198.3","4.74","14.16","0.29","19.2","37.8","92.5","0.067","0.427","6.4"
"Prince Tour XT 18","51","Fast","Polyester","1.18","NA","2.1","3.0","4.2","31.84","35.4","32.5","47.8","79.6","32.4","15.3","184.0","4.74","14.14","0.48","19.4","38.2","88.0","0.067","0.427","6.4"
"Prince Tour XT 18","62","Slow","Polyester","1.18","NA","2.1","3.0","4.2","40.42","39.5","19.0","21.2","61.7","14.6","7.4","239.5","5.12","16.20","-0.04","21.2","34.5","99.2","0.067","0.427","6.4"
"Prince Tour XT 18","62","Medium","Polyester","1.18","NA","2.1","3.0","4.2","40.62","35.4","26.0","37.0","77.6","25.2","12.5","222.3","5.12","16.00","0.18","21.4","34.5","95.8","0.067","0.427","6.4"
"Prince Tour XT 18","62","Fast","Polyester","1.18","NA","2.1","3.0","4.2","40.62","33.4","31.0","47.0","87.5","33.9","16.6","198.3","5.12","16.00","0.58","21.6","35.1","92.5","0.067","0.427","6.4"
"Yonex Tournament 50 16L","62","Slow","Nylon","1.27","NA","8.2","9.4","10.3","49.88","37.7","17.7","14.3","64.2","14.2","","185.2","8.16","3.70","0.05","11.9","19.3","97.4","NA","NA","NA"
"Yonex Tournament 50 16L","62","Medium","Nylon","1.27","NA","8.2","9.4","10.3","49.59","34.7","25.1","29.8","79.4","24.9","","191.5","8.16","3.99","0.09","12.1","19.8","95.6","NA","NA","NA"
"Yonex Tournament 50 16L","62","Fast","Nylon","1.27","NA","8.2","9.4","10.3","49.30","32.8","30.0","42.3","91.7","34.4","","191.5","8.16","4.28","0.22","12.6","20.5","93.9","NA","NA","NA"
"Yonex Tournament 50 16L","51","Slow","Nylon","1.27","NA","8.2","9.4","10.3","40.79","40.5","18.6","14.6","55.3","12.9","","169.7","5.95","3.98","0.04","9.9","19.7","97.6","NA","NA","NA"
"Yonex Tournament 50 16L","51","Medium","Nylon","1.27","NA","8.2","9.4","10.3","40.57","36.8","26.3","30.0","70.6","23.2","","176.6","5.95","4.20","0.06","10.1","20.1","94.7","NA","NA","NA"
"Yonex Tournament 50 16L","51","Fast","Nylon","1.27","NA","8.2","9.4","10.3","40.37","34.8","32.0","42.1","82.5","33.0","","167.4","5.95","4.40","0.13","10.6","20.7","92.5","NA","NA","NA"
"Yonex Tournament 50 16L","40","Slow","Nylon","1.27","NA","8.2","9.4","10.3","30.43","44.9","20.9","15.4","45.9","12.0","","144.6","6.11","3.15","0.00","9.3","23.3","97.0","NA","NA","NA"
"Yonex Tournament 50 16L","40","Medium","Nylon","1.27","NA","8.2","9.4","10.3","30.30","40.3","29.3","30.9","61.3","22.4","","146.9","6.11","3.28","0.05","9.5","23.8","93.5","NA","NA","NA"
"Yonex Tournament 50 16L","40","Fast","Nylon","1.27","NA","8.2","9.4","10.3","30.14","37.8","34.2","41.0","71.2","30.5","","142.3","6.11","3.44","0.15","9.7","24.4","89.5","NA","NA","NA"
"Yonex Tournament 80 Spin 15L-16","62","Slow","","1.33","1.41","8.8","10.0","11.2","49.70","37.6","17.1","13.5","63.1","13.5","","185.7","7.94","4.10","0.07","12.1","19.6","98.2","NA","0.451","NA"
"Yonex Tournament 80 Spin 15L-16","62","Medium","","1.33","1.41","8.8","10.0","11.2","49.28","34.6","24.8","29.1","78.5","24.3","","193.2","7.94","4.52","0.04","12.6","20.3","95.3","NA","0.451","NA"
"Yonex Tournament 80 Spin 15L-16","62","Fast","","1.33","1.41","8.8","10.0","11.2","49.08","32.7","30.0","41.0","90.0","33.8","","185.2","7.94","4.72","0.17","12.8","20.8","94.1","NA","0.451","NA"
"Yonex Tournament 80 Spin 15L-16","51","Slow","","1.33","1.41","8.8","10.0","11.2","40.29","40.7","19.0","14.3","54.5","12.9","","160.6","6.68","3.75","0.05","10.6","20.7","95.8","NA","0.451","NA"
"Yonex Tournament 80 Spin 15L-16","51","Medium","","1.33","1.41","8.8","10.0","11.2","40.04","37.2","26.8","29.5","69.7","23.4","","166.9","6.68","4.00","0.04","10.8","21.1","92.9","NA","0.451","NA"
"Yonex Tournament 80 Spin 15L-16","51","Fast","","1.33","1.41","8.8","10.0","11.2","39.89","34.9","32.0","40.8","80.7","32.3","","161.7","6.68","4.15","0.18","11.0","21.7","90.8","NA","0.451","NA"
"Yonex Tournament 80 Spin 15L-16","40","Slow","","1.33","1.41","8.8","10.0","11.2","30.36","45.2","21.0","14.1","44.5","11.7","","130.9","5.82","3.51","0.00","9.3","23.5","95.6","NA","0.451","NA"
"Yonex Tournament 80 Spin 15L-16","40","Medium","","1.33","1.41","8.8","10.0","11.2","30.25","40.6","29.5","29.1","59.3","21.9","","136.0","5.82","3.62","0.06","9.5","23.9","92.7","NA","0.451","NA"
"Yonex Tournament 80 Spin 15L-16","40","Fast","","1.33","1.41","8.8","10.0","11.2","30.08","38.0","34.7","39.7","69.9","30.3","","133.7","5.82","3.79","0.14","9.7","24.6","90.4","NA","0.451","NA"
"Prince Tournament Nylon 15L","62","Slow","Nylon","1.38","1.4","7.6","8.8","10.0","51.60","36.6","17.0","14.8","66.4","14.1","","208.6","6.26","3.88","-0.06","10.1","16.3","98.8","0.116","0.361","3.1"
"Prince Tournament Nylon 15L","62","Medium","Nylon","1.38","1.4","7.6","8.8","10.0","51.33","33.2","26.0","35.3","86.4","28.1","","211.5","6.26","4.15","0.20","10.6","17.2","96.2","0.116","0.361","3.1"
"Prince Tournament Nylon 15L","62","Fast","Nylon","1.38","1.4","7.6","8.8","10.0","50.98","31.6","30.1","47.2","98.1","36.9","","211.5","6.26","4.50","0.24","11.0","17.8","93.3","0.116","0.361","3.1"
"Prince Tournament Nylon 15L","51","Slow","Nylon","1.38","1.4","7.6","8.8","10.0","41.34","39.7","18.4","15.4","56.9","13.1","","186.9","6.02","3.36","-0.03","9.3","18.4","99.0","0.116","0.361","3.1"
"Prince Tournament Nylon 15L","51","Medium","Nylon","1.38","1.4","7.6","8.8","10.0","41.12","35.4","28.0","35.9","77.0","26.9","","185.7","6.02","3.58","0.08","9.7","19.1","94.7","0.116","0.361","3.1"
"Prince Tournament Nylon 15L","51","Fast","Nylon","1.38","1.4","7.6","8.8","10.0","40.90","33.6","32.1","47.2","88.2","35.3","","186.9","6.02","3.80","0.17","9.9","19.7","92.0","0.116","0.361","3.1"
"Prince Tournament Nylon 15L","40","Slow","Nylon","1.38","1.4","7.6","8.8","10.0","30.58","44.2","21.0","16.1","46.5","12.2","","148.0","5.38","3.73","0.02","9.0","23","97.2","0.116","0.361","3.1"
"Prince Tournament Nylon 15L","40","Medium","Nylon","1.38","1.4","7.6","8.8","10.0","30.41","38.7","30.9","35.7","66.2","25.5","","152.0","5.38","3.90","0.09","9.3","23.6","92.9","0.116","0.361","3.1"
"Prince Tournament Nylon 15L","40","Fast","Nylon","1.38","1.4","7.6","8.8","10.0","30.25","36.7","35.5","45.4","75.6","33.6","","146.3","5.38","4.06","0.15","9.7","24.2","89.5","0.116","0.361","3.1"
"Prince Tournament Poly 16","62","Slow","Polyester","1.3","1.30","1.5","2.4","3.6","36.38","38.5","18.0","26.0","62.4","14.1","","325.2","9.53","15.83","-0.51","24.9","40.3","95.1","0.09","NA","NA"
"Prince Tournament Poly 16","62","Medium","Polyester","1.3","1.30","1.5","2.4","3.6","37.11","34.8","25.0","44.1","81.1","25.4","","286.3","9.53","15.10","0.22","24.9","40.3","92.0","0.09","NA","NA"
"Prince Tournament Poly 16","62","Fast","Polyester","1.3","1.30","1.5","2.4","3.6","37.09","33.0","30.0","55.6","92.6","34.7","","252.0","9.53","15.12","0.58","25.1","40.9","86.7","0.09","NA","NA"
"Prince Tournament Poly 16","51","Slow","Polyester","1.3","1.30","1.5","2.4","3.6","27.25","41.5","20.0","27.3","54.7","13.7","","277.7","7.72","15.75","-0.40","23.2","45.5","91.8","0.09","NA","NA"
"Prince Tournament Poly 16","51","Medium","Polyester","1.3","1.30","1.5","2.4","3.6","27.92","37.3","26.6","43.4","71.2","23.7","","249.7","7.72","15.08","0.29","23.2","45.5","88.9","0.09","NA","NA"
"Prince Tournament Poly 16","51","Fast","Polyester","1.3","1.30","1.5","2.4","3.6","27.92","35.4","32.0","54.0","82.0","32.8","","215.5","7.72","15.08","0.49","23.4","45.9","83.2","0.09","NA","NA"
"Prince Tournament Poly 16","40","Slow","Polyester","1.3","1.30","1.5","2.4","3.6","19.69","44.6","21.9","29.1","49.0","13.4","","247.5","4.90","15.10","-0.22","19.8","49.8","92.4","0.09","NA","NA"
"Prince Tournament Poly 16","40","Medium","Polyester","1.3","1.30","1.5","2.4","3.6","20.24","39.8","28.2","44.8","65.0","22.9","","228.6","4.90","14.55","0.35","19.8","49.9","85.4","0.09","NA","NA"
"Prince Tournament Poly 16","40","Fast","Polyester","1.3","1.30","1.5","2.4","3.6","20.22","37.5","33.9","54.5","74.7","31.7","","193.2","4.90","14.57","0.49","20.1","50.3","79.7","0.09","NA","NA"
"Prince Tournament Poly 17","62","Slow","Polyester","1.24","1.24","1.8","3.0","4.5","35.52","39.1","18.3","25.1","60.6","13.9","","305.2","10.41","15.81","-0.20","26.0","42.1","95.1","NA","NA","NA"
"Prince Tournament Poly 17","62","Medium","Polyester","1.24","1.24","1.8","3.0","4.5","36.05","35.2","25.7","43.0","79.2","25.4","","264.6","10.41","15.28","0.28","26.0","42.1","92.5","NA","NA","NA"
"Prince Tournament Poly 17","62","Fast","Polyester","1.24","1.24","1.8","3.0","4.5","36.03","33.3","30.0","54.7","90.6","34.0","","246.9","10.41","15.30","0.55","26.2","42.5","86.1","NA","NA","NA"
"Prince Tournament Poly 17","51","Slow","Polyester","1.24","1.24","1.8","3.0","4.5","24.59","43.0","20.2","27.3","52.0","13.1","","273.2","8.00","18.13","-0.35","25.8","50.8","92.9","NA","NA","NA"
"Prince Tournament Poly 17","51","Medium","Polyester","1.24","1.24","1.8","3.0","4.5","25.27","38.4","27.9","43.0","68.1","23.8","","224.0","8.00","17.45","0.29","25.8","50.7","86.7","NA","NA","NA"
"Prince Tournament Poly 17","51","Fast","Polyester","1.24","1.24","1.8","3.0","4.5","25.29","36.4","32.2","53.1","78.5","31.6","","209.2","8.00","17.43","0.42","25.8","51","81.9","NA","NA","NA"
"Prince Tournament Poly 17","40","Slow","Polyester","1.24","1.24","1.8","3.0","4.5","16.60","46.8","22.3","28.4","45.2","12.6","","233.7","5.62","17.47","-0.25","22.9","57.6","91.2","NA","NA","NA"
"Prince Tournament Poly 17","40","Medium","Polyester","1.24","1.24","1.8","3.0","4.5","17.20","41.6","30.0","42.3","59.5","22.3","","191.5","5.62","16.87","0.35","22.9","57.6","82.3","NA","NA","NA"
"Prince Tournament Poly 17","40","Fast","Polyester","1.24","1.24","1.8","3.0","4.5","17.33","39.3","34.7","52.0","69.2","30.1","","175.5","5.62","16.74","0.57","22.9","57.8","78.0","NA","NA","NA"
"Tecnifibre Triax 16 (1.33)","51","Fast","Nylon/Polyester","1.33","1.33","1.8","8.5","4.2","38.26","35.2","32.3","41.5","79.6","32.1","16.2","161.7","4.21","8.25","0.22","12.8","25","90.2","0.092","0.532","5.8"
"Poly Star Turbo 16 (1.30)","62","Slow","Polyester","1.3","1.28","2.7","5.5","8.8","30.14","40.7","19.7","25.6","55.6","13.7","","266.3","14.24","17.36","-0.38","31.3","50.6","94.1","0.101","0.534","5.3"
"Poly Star Turbo 16 (1.30)","62","Medium","Polyester","1.3","1.28","2.7","5.5","8.8","30.87","36.6","26.0","42.3","73.2","23.8","","253.7","14.24","16.63","0.29","31.1","50.5","89.7","0.101","0.534","5.3"
"Poly Star Turbo 16 (1.30)","62","Fast","Polyester","1.3","1.28","2.7","5.5","8.8","30.89","34.6","31.0","53.4","84.2","32.7","","225.2","14.24","16.61","0.64","31.5","51","85.7","0.101","0.534","5.3"
"Poly Star Turbo 16 (1.30)","51","Slow","Polyester","1.3","1.28","2.7","5.5","8.8","17.20","46.5","22.2","27.6","44.8","12.4","","227.5","12.39","21.13","-0.04","33.5","66","90.6","0.101","0.534","5.3"
"Poly Star Turbo 16 (1.30)","51","Medium","Polyester","1.3","1.28","2.7","5.5","8.8","17.57","41.8","30.0","40.8","58.4","21.9","","184.6","12.39","20.76","0.46","33.5","66.3","83.2","0.101","0.534","5.3"
"Poly Star Turbo 16 (1.30)","51","Fast","Polyester","1.3","1.28","2.7","5.5","8.8","17.60","39.6","35.0","49.8","67.5","29.5","","165.2","12.39","20.73","0.69","33.7","66.7","77.3","0.101","0.534","5.3"
"Poly Star Turbo 16 (1.30)","40","Slow","Polyester","1.3","1.28","2.7","5.5","8.8","11.47","50.7","24.2","27.3","38.8","11.7","","188.6","7.83","20.39","0.00","28.2","71.1","85.7","0.101","0.534","5.3"
"Poly Star Turbo 16 (1.30)","40","Medium","Polyester","1.3","1.28","2.7","5.5","8.8","11.86","45.7","32.0","38.6","50.5","20.2","","153.2","7.83","20.00","0.22","28.0","70.7","75.9","0.101","0.534","5.3"
"Poly Star Turbo 16 (1.30)","40","Fast","Polyester","1.3","1.28","2.7","5.5","8.8","11.95","43.5","37.8","45.4","57.6","27.2","","129.2","7.83","19.91","0.59","28.2","71.4","70.9","0.101","0.534","5.3"
"Poly Star Turbo 16L (1.25)","62","Slow","Polyester","1.25","1.24","3.3","7.6","10.3","31.64","40.6","19.2","24.7","56.2","13.5","","272.0","14.09","16.01","-0.33","29.8","48.2","95.8","0.105","0.521","5"
"Poly Star Turbo 16L (1.25)","62","Medium","Polyester","1.25","1.24","3.3","7.6","10.3","32.26","36.4","26.0","41.5","73.9","24.0","","249.2","14.09","15.39","0.24","29.8","48.1","89.9","0.105","0.521","5"
"Poly Star Turbo 16L (1.25)","62","Fast","Polyester","1.25","1.24","3.3","7.6","10.3","32.26","34.4","31.0","52.9","85.3","33.0","","224.0","14.09","15.39","0.60","30.0","48.7","86.7","0.105","0.521","5"
"Poly Star Turbo 16L (1.25)","51","Slow","Polyester","1.25","1.24","3.3","7.6","10.3","17.49","46.6","22.3","26.5","43.9","12.2","","216.6","13.23","20.00","-0.30","32.9","64.9","91.2","0.105","0.521","5"
"Poly Star Turbo 16L (1.25)","51","Medium","Polyester","1.25","1.24","3.3","7.6","10.3","18.21","41.7","30.0","40.8","58.9","22.1","","184.6","13.23","19.28","0.48","33.1","65","85.0","0.105","0.521","5"
"Poly Star Turbo 16L (1.25)","51","Fast","Polyester","1.25","1.24","3.3","7.6","10.3","18.19","39.2","35.0","50.7","69.0","30.1","","168.6","13.23","19.30","0.37","32.9","64.9","77.8","0.105","0.521","5"
"Poly Star Turbo 16L (1.25)","40","Slow","Polyester","1.25","1.24","3.3","7.6","10.3","9.02","53.4","26.0","26.7","35.7","11.6","","161.2","9.19","21.48","0.07","30.6","77.4","83.7","0.105","0.521","5"
"Poly Star Turbo 16L (1.25)","40","Medium","Polyester","1.25","1.24","3.3","7.6","10.3","9.48","48.1","33.4","36.2","45.6","19.1","","132.0","9.19","21.02","0.53","30.6","77.4","72.9","0.105","0.521","5"
"Poly Star Turbo 16L (1.25)","40","Fast","Polyester","1.25","1.24","3.3","7.6","10.3","9.64","45.4","40.0","43.7","53.1","26.6","","110.9","9.19","20.86","0.62","30.6","77.3","66.7","0.105","0.521","5"
"Weiss Cannon Turbotwist 17 (1.24)","62","Slow","Polyester","1.24","1.25","2.1","3.6","4.8","39.14","38.0","18.0","24.0","63.3","14.2","","301.8","9.57","13.03","-0.18","22.5","36.3","95.5","0.097","0.412","4.2"
"Weiss Cannon Turbotwist 17 (1.24)","62","Medium","Polyester","1.24","1.25","2.1","3.6","4.8","39.51","34.5","24.7","41.0","80.7","24.9","","273.7","9.57","12.66","0.13","22.3","36.2","93.1","0.097","0.412","4.2"
"Weiss Cannon Turbotwist 17 (1.24)","62","Fast","Polyester","1.24","1.25","2.1","3.6","4.8","39.54","32.6","29.9","54.0","93.7","35.0","","246.3","9.57","12.63","0.49","22.7","36.8","89.7","0.097","0.412","4.2"
"Weiss Cannon Turbotwist 17 (1.24)","51","Slow","Polyester","1.24","1.25","2.1","3.6","4.8","25.84","42.5","20.0","26.7","52.5","13.2","","270.3","9.48","15.40","-0.11","24.7","48.8","93.5","0.097","0.412","4.2"
"Weiss Cannon Turbotwist 17 (1.24)","51","Medium","Polyester","1.24","1.25","2.1","3.6","4.8","26.26","37.9","27.8","42.6","68.8","23.9","","224.0","9.48","14.98","0.29","24.7","48.8","89.1","0.097","0.412","4.2"
"Weiss Cannon Turbotwist 17 (1.24)","51","Fast","Polyester","1.24","1.25","2.1","3.6","4.8","26.24","35.7","32.0","54.7","80.9","32.4","","216.6","9.48","15.00","0.62","25.1","49.5","85.0","0.097","0.412","4.2"
"Weiss Cannon Turbotwist 17 (1.24)","40","Slow","Polyester","1.24","1.25","2.1","3.6","4.8","14.07","48.1","23.8","28.2","42.3","12.6","","202.3","6.86","18.76","0.18","25.8","65","90.2","0.097","0.412","4.2"
"Weiss Cannon Turbotwist 17 (1.24)","40","Medium","Polyester","1.24","1.25","2.1","3.6","4.8","14.35","42.9","30.8","43.0","57.3","22.1","","184.6","6.86","18.48","0.57","26.0","65.3","83.2","0.097","0.412","4.2"
"Weiss Cannon Turbotwist 17 (1.24)","40","Fast","Polyester","1.24","1.25","2.1","3.6","4.8","14.31","40.0","36.0","54.5","68.8","30.9","","170.9","6.86","18.52","0.53","26.0","65.3","77.8","0.097","0.412","4.2"
"Weiss Cannon Turbotwist 17L (1.18)","62","Slow","Polyester","1.18","1.26","2.7","4.5","5.8","39.69","38.1","18.0","22.7","62.4","14.0","","285.2","9.42","12.63","-0.13","21.8","35.5","96.2","0.085","0.406","4.8"
"Weiss Cannon Turbotwist 17L (1.18)","62","Medium","Polyester","1.18","1.26","2.7","4.5","5.8","40.06","34.6","24.9","40.6","80.7","25.0","","266.9","9.42","12.26","0.19","21.8","35.4","94.1","0.085","0.406","4.8"
"Weiss Cannon Turbotwist 17L (1.18)","62","Fast","Polyester","1.18","1.26","2.7","4.5","5.8","39.80","32.7","29.9","51.8","91.7","34.2","","236.0","9.42","12.52","0.37","22.3","36.1","88.0","0.085","0.406","4.8"
"Weiss Cannon Turbotwist 17L (1.18)","51","Slow","Polyester","1.18","1.26","2.7","4.5","5.8","26.53","42.5","20.2","24.9","51.4","13.0","","246.3","9.33","14.86","-0.02","24.3","47.7","93.5","0.085","0.406","4.8"
"Weiss Cannon Turbotwist 17L (1.18)","51","Medium","Polyester","1.18","1.26","2.7","4.5","5.8","26.46","38.3","27.7","41.9","68.4","23.7","","221.2","9.33","14.93","0.00","24.3","47.8","89.5","0.085","0.406","4.8"
"Weiss Cannon Turbotwist 17L (1.18)","51","Fast","Polyester","1.18","1.26","2.7","4.5","5.8","26.72","36.1","32.2","51.8","78.7","31.7","","203.5","9.33","14.67","0.66","24.7","48.6","84.1","0.085","0.406","4.8"
"Weiss Cannon Turbotwist 17L (1.18)","40","Slow","Polyester","1.18","1.26","2.7","4.5","5.8","14.29","48.7","23.9","27.1","41.5","12.4","","193.2","6.59","18.81","0.09","25.6","64.2","88.4","0.085","0.406","4.8"
"Weiss Cannon Turbotwist 17L (1.18)","40","Medium","Polyester","1.18","1.26","2.7","4.5","5.8","14.62","43.4","31.0","40.4","54.9","21.3","","170.3","6.59","18.48","0.07","25.1","63.3","83.0","0.085","0.406","4.8"
"Weiss Cannon Turbotwist 17L (1.18)","40","Fast","Polyester","1.18","1.26","2.7","4.5","5.8","14.71","40.8","36.0","50.5","65.3","29.3","","158.3","6.59","18.39","0.60","25.6","64.4","77.1","0.085","0.406","4.8"
"Double AR Twice Dragon(1.30)","40","Slow","Polyester","1.3","NA","2.1","4.5","6.4","14.33","50.4","24.2","26.0","40.4","12.2","5.7","181.2","6.39","18.97","0.04","25.4","64","88.2","0.071","0.51","7.2"
"Double AR Twice Dragon(1.30)","40","Medium","Polyester","1.3","NA","2.1","4.5","6.4","15.15","44.2","32.0","39.0","54.2","21.7","9.7","154.9","6.39","18.15","0.60","25.1","63.3","82.4","0.071","0.51","7.2"
"Double AR Twice Dragon(1.30)","40","Fast","Polyester","1.3","NA","2.1","4.5","6.4","15.04","41.8","37.7","47.2","62.2","29.3","12.6","134.9","6.39","18.26","0.58","25.1","63.6","74.8","0.071","0.51","7.2"
"Double AR Twice Dragon(1.30)","51","Slow","Polyester","1.3","NA","2.1","4.5","6.4","24.74","44.8","22.0","25.6","50.3","13.8","6.3","215.5","7.36","18.62","-0.13","25.8","51","94.7","0.071","0.51","7.2"
"Double AR Twice Dragon(1.30)","51","Medium","Polyester","1.3","NA","2.1","4.5","6.4","25.36","39.6","29.0","39.9","65.3","23.6","11.0","192.0","7.36","18.00","0.27","25.6","50.5","89.9","0.071","0.51","7.2"
"Double AR Twice Dragon(1.30)","51","Fast","Polyester","1.3","NA","2.1","4.5","6.4","25.38","37.3","34.0","48.7","74.1","31.5","14.4","170.9","7.36","17.98","0.62","26.0","51.2","83.2","0.071","0.51","7.2"
"Double AR Twice Dragon(1.30)","62","Slow","Polyester","1.3","NA","2.1","4.5","6.4","33.43","41.4","20.0","23.8","57.1","14.3","7.0","241.7","8.95","19.36","-0.28","28.0","45.4","96.2","0.071","0.51","7.2"
"Double AR Twice Dragon(1.30)","62","Medium","Polyester","1.3","NA","2.1","4.5","6.4","34.13","36.7","27.1","39.9","74.1","25.1","11.7","221.7","8.95","18.66","0.22","27.8","45.1","92.2","0.071","0.51","7.2"
"Double AR Twice Dragon(1.30)","62","Fast","Polyester","1.3","NA","2.1","4.5","6.4","34.13","34.6","32.0","50.1","84.2","33.7","15.6","198.3","8.95","18.66","0.59","28.2","45.7","87.6","0.071","0.51","7.2"
"Double AR Twice Shark (1.25)","40","Slow","Polyester","0","NA","NA","7.6","10.6","10.14","54.8","26.2","25.1","35.3","11.5","5.1","149.2","8.93","20.62","-0.22","29.3","73.9","84.5","0.086","0.494","5.7"
"Double AR Twice Shark (1.25)","40","Medium","Polyester","0","NA","NA","7.6","10.6","10.80","48.5","34.2","35.3","46.1","19.7","8.4","122.9","8.93","19.96","0.59","29.5","74.3","74.5","0.086","0.494","5.7"
"Double AR Twice Shark (1.25)","40","Fast","Polyester","0","NA","NA","7.6","10.6","10.83","46.1","40.0","41.9","52.7","26.4","11.1","106.3","8.93","19.93","0.62","29.5","74.3","69.2","0.086","0.494","5.7"
"Double AR Twice Shark (1.25)","51","Slow","Polyester","0","NA","NA","7.6","10.6","18.41","48.4","23.9","25.1","43.4","13.0","5.9","178.9","11.03","21.28","-0.24","32.0","63.2","92.0","0.086","0.494","5.7"
"Double AR Twice Shark (1.25)","51","Medium","Polyester","0","NA","NA","7.6","10.6","19.10","42.7","31.4","37.9","57.1","22.4","10.3","156.0","11.03","20.59","0.42","32.0","63.2","84.1","0.086","0.494","5.7"
"Double AR Twice Shark (1.25)","51","Fast","Polyester","0","NA","NA","7.6","10.6","19.12","40.2","36.1","46.1","65.3","29.4","13.3","143.4","11.03","20.57","0.77","32.4","63.8","79.7","0.086","0.494","5.7"
"Double AR Twice Shark (1.25)","62","Slow","Polyester","0","NA","NA","7.6","10.6","29.79","43.1","20.5","23.6","53.4","13.6","6.8","228.6","12.02","19.93","-0.40","31.5","51.1","97.6","0.086","0.494","5.7"
"Double AR Twice Shark (1.25)","62","Medium","Polyester","0","NA","NA","7.6","10.6","30.63","38.0","28.0","38.6","69.2","24.2","11.3","200.0","12.02","19.09","0.40","31.5","51","91.0","0.086","0.494","5.7"
"Double AR Twice Shark (1.25)","62","Fast","Polyester","0","NA","NA","7.6","10.6","30.52","35.8","33.0","48.5","78.9","32.6","14.6","181.2","12.02","19.20","0.66","32.0","51.6","86.9","0.086","0.494","5.7"
"Prince Twisted 16L","62","Slow","Polyester","1.27","1.27","1.2","2.4","3.0","38.41","38.0","18.0","25.1","63.5","14.3","","315.5","8.42","14.91","-0.38","22.9","37.2","99.0","0.096","0.355","3.7"
"Prince Twisted 16L","62","Medium","Polyester","1.27","1.27","1.2","2.4","3.0","39.07","34.4","24.2","42.6","81.8","24.8","","294.9","8.42","14.25","0.15","22.9","37","92.4","0.096","0.355","3.7"
"Prince Twisted 16L","62","Fast","Polyester","1.27","1.27","1.2","2.4","3.0","38.72","32.6","29.4","55.3","94.2","34.6","","260.0","8.42","14.60","0.22","23.2","37.6","87.0","0.096","0.355","3.7"
"Prince Twisted 16L","51","Slow","Polyester","1.27","1.27","1.2","2.4","3.0","28.44","41.1","19.9","27.1","55.6","13.8","","276.0","7.47","14.81","-0.40","21.8","43.1","93.5","0.096","0.355","3.7"
"Prince Twisted 16L","51","Medium","Polyester","1.27","1.27","1.2","2.4","3.0","29.15","36.8","26.1","43.9","73.0","23.9","","261.7","7.47","14.10","0.22","21.8","43","90.4","0.096","0.355","3.7"
"Prince Twisted 16L","51","Fast","Polyester","1.27","1.27","1.2","2.4","3.0","29.15","34.9","31.3","55.3","84.7","33.1","","230.3","7.47","14.10","0.51","22.1","43.5","85.0","0.096","0.355","3.7"
"Prince Twisted 16L","40","Slow","Polyester","1.27","1.27","1.2","2.4","3.0","20.18","44.1","21.5","28.9","49.2","13.2","","254.3","5.16","14.35","-0.22","19.4","48.6","93.1","0.096","0.355","3.7"
"Prince Twisted 16L","40","Medium","Polyester","1.27","1.27","1.2","2.4","3.0","20.64","39.5","28.0","45.0","65.5","23.0","","232.0","5.16","13.89","0.35","19.4","48.9","85.4","0.096","0.355","3.7"
"Prince Twisted 16L","40","Fast","Polyester","1.27","1.27","1.2","2.4","3.0","20.57","37.2","33.3","56.0","76.5","31.8","","205.7","5.16","13.96","0.44","19.6","49.3","81.7","0.096","0.355","3.7"
"Weiss Cannon Ultra Cable 17 (1.23)","51","Fast","Polyester","1.23","1.41","1.2","4.2","9.4","26.90","36.7","33.8","49.2","76.1","32.1","14.7","174.9","3.66","20.16","0.37","24.3","47.7","82.8","0.065","0.774","11.9"
"Head Ultra Tour 16","62","Slow","Polyester","1.27","1.26","2.1","3.3","4.5","37.15","39.3","18.8","22.5","59.8","14.0","","261.2","9.31","15.28","-0.22","24.3","39.5","96.4","0.087","0.394","4.5"
"Head Ultra Tour 16","62","Medium","Polyester","1.27","1.26","2.1","3.3","4.5","37.62","35.6","25.9","39.0","76.7","24.9","","236.6","9.31","14.81","-0.02","24.0","39","93.7","0.087","0.394","4.5"
"Head Ultra Tour 16","62","Fast","Polyester","1.27","1.26","2.1","3.3","4.5","37.68","33.7","30.3","49.4","87.1","33.0","","218.9","9.31","14.75","0.59","24.7","39.9","88.5","0.087","0.394","4.5"
"Head Ultra Tour 16","51","Slow","Polyester","1.27","1.26","2.1","3.3","4.5","27.92","42.3","20.0","25.4","53.1","13.3","","256.6","8.91","13.89","-0.17","22.7","44.6","94.5","0.087","0.394","4.5"
"Head Ultra Tour 16","51","Medium","Polyester","1.27","1.26","2.1","3.3","4.5","28.40","37.9","27.7","40.6","69.0","23.9","","215.5","8.91","13.41","0.20","22.5","44.4","90.4","0.087","0.394","4.5"
"Head Ultra Tour 16","51","Fast","Polyester","1.27","1.26","2.1","3.3","4.5","28.40","35.9","32.2","51.4","79.8","32.1","","201.7","8.91","13.41","0.55","22.9","45.1","85.9","0.087","0.394","4.5"
"Head Ultra Tour 16","40","Slow","Polyester","1.27","1.26","2.1","3.3","4.5","16.38","47.2","23.0","26.9","43.2","12.4","","205.7","6.97","16.34","-0.05","23.4","58.6","90.2","0.087","0.394","4.5"
"Head Ultra Tour 16","40","Medium","Polyester","1.27","1.26","2.1","3.3","4.5","16.74","42.0","30.1","41.9","58.7","22.1","","187.5","6.97","15.98","0.47","23.4","59","84.8","0.087","0.394","4.5"
"Head Ultra Tour 16","40","Fast","Polyester","1.27","1.26","2.1","3.3","4.5","16.74","39.3","35.7","51.8","68.6","30.6","","165.2","6.97","15.98","0.51","23.4","59.1","80.5","0.087","0.394","4.5"
"Head Ultratour 17","62","Slow","Polyester","1.2","1.22","4.8","6.7","8.2","40.70","37.9","18.0","22.5","63.1","14.2","","280.6","8.84","12.20","-0.34","20.7","33.5","97.0","0.094","0.383","4.1"
"Head Ultratour 17","62","Medium","Polyester","1.2","1.22","4.8","6.7","8.2","41.34","34.3","25.0","39.2","80.5","25.1","","255.5","8.84","11.56","0.19","20.5","33.4","92.0","0.094","0.383","4.1"
"Head Ultratour 17","62","Fast","Polyester","1.2","1.22","4.8","6.7","8.2","41.34","32.5","29.5","51.4","92.8","34.3","","240.0","8.84","11.56","0.57","20.9","34","88.9","0.094","0.383","4.1"
"Head Ultratour 17","51","Slow","Polyester","1.2","1.22","4.8","6.7","8.2","28.42","41.5","20.0","25.4","53.8","13.5","","257.7","9.39","12.91","-0.09","22.3","43.8","95.6","0.094","0.383","4.1"
"Head Ultratour 17","51","Medium","Polyester","1.2","1.22","4.8","6.7","8.2","28.62","37.3","27.0","41.5","69.9","23.6","","230.9","9.39","12.71","0.26","22.3","44.1","89.7","0.094","0.383","4.1"
"Head Ultratour 17","51","Fast","Polyester","1.2","1.22","4.8","6.7","8.2","28.55","35.2","32.0","52.3","80.9","32.3","","207.5","9.39","12.78","0.59","22.7","44.9","85.0","0.094","0.383","4.1"
"Head Ultratour 17","40","Slow","Polyester","1.2","1.22","4.8","6.7","8.2","11.40","50.2","24.1","27.6","39.0","11.7","","194.3","10.25","18.04","0.00","28.2","71.3","85.7","0.094","0.383","4.1"
"Head Ultratour 17","40","Medium","Polyester","1.2","1.22","4.8","6.7","8.2","11.86","44.8","32.0","39.9","51.6","20.7","","157.7","10.25","17.58","0.50","28.2","71.4","77.6","0.094","0.383","4.1"
"Head Ultratour 17","40","Fast","Polyester","1.2","1.22","4.8","6.7","8.2","11.84","44.6","32.0","41.0","52.9","21.2","","162.9","10.25","17.60","0.35","28.2","71.1","79.4","0.094","0.383","4.1"
"Volkl V-Pro 16","62","Slow","Polyester","1.28","1.28","1.5","2.7","3.9","42.42","37.0","17.5","23.4","65.7","14.4","","309.2","7.78","11.54","-0.51","18.7","30.5","92.9","0.087","0.437","5"
"Volkl V-Pro 16","62","Medium","Polyester","1.28","1.28","1.5","2.7","3.9","43.06","33.5","24.0","41.0","84.2","25.2","","289.8","7.78","10.90","0.13","18.7","30.5","92.7","0.087","0.437","5"
"Volkl V-Pro 16","62","Fast","Polyester","1.28","1.28","1.5","2.7","3.9","43.04","31.7","28.2","53.4","96.4","34.0","","273.2","7.78","10.92","0.48","19.2","31.1","89.3","0.087","0.437","5"
"Volkl V-Pro 16","51","Slow","Polyester","1.28","1.28","1.5","2.7","3.9","30.72","40.1","19.1","26.0","56.9","13.5","","291.5","7.70","12.30","-0.24","19.8","39","98.2","0.087","0.437","5"
"Volkl V-Pro 16","51","Medium","Polyester","1.28","1.28","1.5","2.7","3.9","31.27","35.9","26.0","43.0","74.3","24.1","","258.3","7.70","11.75","0.22","19.6","38.8","89.9","0.087","0.437","5"
"Volkl V-Pro 16","51","Fast","Polyester","1.28","1.28","1.5","2.7","3.9","31.29","33.9","30.7","54.2","85.6","32.9","","233.7","7.70","11.73","0.46","19.8","39.2","87.4","0.087","0.437","5"
"Volkl V-Pro 16","40","Slow","Polyester","1.28","1.28","1.5","2.7","3.9","19.91","44.0","21.2","29.1","49.0","13.0","","264.0","5.95","13.83","-0.07","19.6","49.7","92.5","0.087","0.437","5"
"Volkl V-Pro 16","40","Medium","Polyester","1.28","1.28","1.5","2.7","3.9","20.33","39.1","28.0","44.8","65.3","22.8","","232.6","5.95","13.41","0.37","19.6","49.7","87.2","0.087","0.437","5"
"Volkl V-Pro 16","40","Fast","Polyester","1.28","1.28","1.5","2.7","3.9","20.29","36.6","33.1","56.7","77.0","31.8","","210.3","5.95","13.45","0.38","19.8","49.8","84.1","0.087","0.437","5"
"Volkl V-Pro 17","62","Slow","Polyester","1.23","1.23","2.7","4.2","5.5","35.46","39.1","18.3","23.4","58.9","13.5","","283.5","9.35","16.93","-0.31","26.0","42.1","96.2","0.084","0.432","5.1"
"Volkl V-Pro 17","62","Medium","Polyester","1.23","1.23","2.7","4.2","5.5","36.27","35.3","25.7","39.5","75.6","24.3","","243.5","9.35","16.12","0.17","25.6","41.5","92.7","0.084","0.432","5.1"
"Volkl V-Pro 17","62","Fast","Polyester","1.23","1.23","2.7","4.2","5.5","36.23","33.6","30.0","50.1","86.2","32.4","","225.2","9.35","16.16","0.53","26.0","42.2","87.8","0.084","0.432","5.1"
"Volkl V-Pro 17","51","Slow","Polyester","1.23","1.23","2.7","4.2","5.5","26.53","42.6","20.2","25.1","51.6","13.0","","250.9","8.20","15.99","-0.19","24.0","47.3","94.7","0.084","0.432","5.1"
"Volkl V-Pro 17","51","Medium","Polyester","1.23","1.23","2.7","4.2","5.5","27.03","38.3","27.7","39.0","66.2","22.9","","206.9","8.20","15.49","0.28","24.0","47.3","90.1","0.084","0.432","5.1"
"Volkl V-Pro 17","51","Fast","Polyester","1.23","1.23","2.7","4.2","5.5","26.99","36.2","32.7","49.4","76.3","31.2","","188.0","8.20","15.53","0.46","24.3","47.7","85.0","0.084","0.432","5.1"
"Volkl V-Pro 17","40","Slow","Polyester","1.23","1.23","2.7","4.2","5.5","16.74","47.0","22.9","25.6","42.3","12.1","","198.9","6.79","16.16","-0.19","22.7","57.3","90.1","0.084","0.432","5.1"
"Volkl V-Pro 17","40","Medium","Polyester","1.23","1.23","2.7","4.2","5.5","17.33","42.1","30.0","39.2","56.4","21.2","","176.6","6.79","15.57","0.35","22.7","57.2","84.3","0.084","0.432","5.1"
"Volkl V-Pro 17","40","Fast","Polyester","1.23","1.23","2.7","4.2","5.5","17.35","39.8","35.2","48.5","65.7","28.9","","159.4","6.79","15.55","0.55","22.9","57.7","79.0","0.084","0.432","5.1"
"Volkl V-Pro 18","62","Slow","Polyester","1.18","1.18","2.1","3.0","3.9","41.52","37.3","17.9","21.8","63.5","14.2","","277.7","7.34","12.88","-0.51","19.6","31.9","95.1","0.087","0.429","4.9"
"Volkl V-Pro 18","62","Medium","Polyester","1.18","1.18","2.1","3.0","3.9","42.27","34.1","24.0","38.8","81.1","24.4","","273.2","7.34","12.13","0.09","19.6","31.7","92.9","0.087","0.429","4.9"
"Volkl V-Pro 18","62","Fast","Polyester","1.18","1.18","2.1","3.0","3.9","42.27","32.4","29.1","49.4","91.5","33.3","","236.6","7.34","12.13","0.62","20.1","32.5","89.5","0.087","0.429","4.9"
"Volkl V-Pro 18","51","Slow","Polyester","1.18","1.18","2.1","3.0","3.9","33.80","39.8","19.0","23.4","57.1","13.6","","261.7","5.12","11.80","-0.29","16.5","32.8","95.5","0.087","0.429","4.9"
"Volkl V-Pro 18","51","Medium","Polyester","1.18","1.18","2.1","3.0","3.9","34.35","36.0","26.0","39.2","73.6","23.9","","236.0","5.12","11.25","0.22","16.5","32.7","93.3","0.087","0.429","4.9"
"Volkl V-Pro 18","51","Fast","Polyester","1.18","1.18","2.1","3.0","3.9","34.35","34.0","31.0","50.3","84.7","32.8","","213.2","5.12","11.25","0.44","16.8","33.1","88.4","0.087","0.429","4.9"
"Volkl V-Pro 18","40","Slow","Polyester","1.18","1.18","2.1","3.0","3.9","22.34","43.7","21.0","27.1","49.6","13.0","","250.3","5.14","12.21","-0.22","17.2","43.2","94.9","0.087","0.429","4.9"
"Volkl V-Pro 18","40","Medium","Polyester","1.18","1.18","2.1","3.0","3.9","22.91","38.9","28.0","41.9","64.8","22.7","","217.7","5.14","11.64","0.35","17.2","43.2","88.0","0.087","0.429","4.9"
"Volkl V-Pro 18","40","Fast","Polyester","1.18","1.18","2.1","3.0","3.9","22.84","36.5","33.1","54.0","77.0","31.8","","201.2","5.14","11.71","0.53","17.4","43.8","84.6","0.087","0.429","4.9"
"Volkl V-Square 16 (1.30)","51","Fast","Polyester","1.3","1.28","2.1","4.2","3.9","26.68","36.4","33.1","51.6","78.3","32.4","14.8","190.9","6.84","17.20","0.24","24.3","47.9","83.7","0.069","0.781","11.3"
"Volkl V-Star 16 (1.30)","40","Slow","Polyester","1.3","NA","2.4","4.2","6.1","13.52","50.4","24.3","26.7","40.1","12.2","5.7","184.0","7.45","18.72","0.05","26.2","66.1","89.7","0.073","0.501","6.9"
"Volkl V-Star 16 (1.30)","40","Medium","Polyester","1.3","NA","2.4","4.2","6.1","13.89","44.8","32.1","38.6","52.5","21.1","9.2","152.0","7.45","18.35","0.66","26.5","66.7","79.2","0.073","0.501","6.9"
"Volkl V-Star 16 (1.30)","40","Fast","Polyester","1.3","NA","2.4","4.2","6.1","13.85","42.4","38.0","46.3","60.2","28.6","12.2","130.3","7.45","18.39","0.84","26.7","67.2","72.1","0.073","0.501","6.9"
"Volkl V-Star 16 (1.30)","51","Slow","Polyester","1.3","NA","2.4","4.2","6.1","23.15","45.1","22.0","25.8","49.0","13.5","6.3","217.2","8.49","19.08","-0.07","27.6","54.2","94.1","0.073","0.501","6.9"
"Volkl V-Star 16 (1.30)","51","Medium","Polyester","1.3","NA","2.4","4.2","6.1","23.73","39.9","29.6","40.1","63.9","23.7","10.7","185.7","8.49","18.50","0.47","27.3","54.1","87.2","0.073","0.501","6.9"
"Volkl V-Star 16 (1.30)","51","Fast","Polyester","1.3","NA","2.4","4.2","6.1","23.75","37.6","34.1","49.2","73.0","31.1","14.0","172.6","8.49","18.48","0.66","27.6","54.5","82.8","0.073","0.501","6.9"
"Volkl V-Star 16 (1.30)","62","Slow","Polyester","1.3","NA","2.4","4.2","6.1","35.41","40.5","19.9","23.8","59.1","14.7","7.1","244.6","8.33","18.00","-0.42","26.0","42","95.5","0.073","0.501","6.9"
"Volkl V-Star 16 (1.30)","62","Medium","Polyester","1.3","NA","2.4","4.2","6.1","36.27","35.7","26.1","40.4","76.7","25.1","12.1","240.6","8.33","17.14","0.02","25.6","41.3","94.3","0.073","0.501","6.9"
"Volkl V-Star 16 (1.30)","62","Fast","Polyester","1.3","NA","2.4","4.2","6.1","36.34","33.9","31.8","50.5","86.9","34.6","16.3","202.9","8.33","17.07","0.69","26.0","42.2","88.5","0.073","0.501","6.9"
"Volkl V-Star 18 (1.20)","51","Fast","Polyester","1.2","NA","2.4","4.5","6.1","25.36","37.7","34.5","47.8","73.2","31.5","14.5","163.4","6.62","18.74","0.33","25.6","50.7","85.2","0.079","NA","NA"
"Volkl V-Star 18L (1.15)","51","Fast","Polyester","1.15","1.30","4.5","7.3","9.1","34.07","35.4","32.6","45.6","79.8","32.5","15.5","174.3","3.55","13.10","0.16","16.8","33.1","88.5","0.079","0.511","6.5"
"Volkl V-Star 19 (1.10)","51","Fast","Polyester","1.1","1.27","4.8","6.4","8.5","32.96","35.9","33.0","44.8","77.6","32.1","15.4","166.9","3.09","14.67","0.33","18.1","35.7","88.9","0.08","0.523","6.5"
"Volkl V-Torque 16","40","Slow","Polyester","1.28","NA","4.5","7.0","8.8","12.48","47.3","23.1","24.7","37.3","10.8","6.1","188.0","9.19","18.02","0.02","27.1","68.6","94.3","0.087","0.487","5.6"
"Volkl V-Torque 16","40","Medium","Polyester","1.28","NA","4.5","7.0","8.8","12.83","42.0","31.0","37.7","50.5","19.6","10.3","159.4","9.19","17.67","0.48","27.3","68.9","86.5","0.087","0.487","5.6"
"Volkl V-Torque 16","40","Fast","Polyester","1.28","NA","4.5","7.0","8.8","12.74","39.5","36.0","46.1","58.9","26.5","13.0","144.6","9.19","17.76","0.44","27.3","69","79.9","0.087","0.487","5.6"
"Volkl V-Torque 16","51","Slow","Polyester","1.28","NA","4.5","7.0","8.8","25.56","42.0","20.0","21.2","46.7","11.7","6.9","216.0","7.23","17.93","-0.35","24.7","48.9","99.2","0.087","0.487","5.6"
"Volkl V-Torque 16","51","Medium","Polyester","1.28","NA","4.5","7.0","8.8","26.11","37.4","27.9","36.6","62.6","21.8","11.7","190.3","7.23","17.38","0.20","24.7","48.9","91.2","0.087","0.487","5.6"
"Volkl V-Torque 16","51","Fast","Polyester","1.28","NA","4.5","7.0","8.8","26.11","35.2","32.2","46.3","72.5","29.2","15.5","181.7","7.23","17.38","0.62","25.1","49.7","87.4","0.087","0.487","5.6"
"Volkl V-Torque 16","62","Slow","Polyester","1.28","NA","4.5","7.0","8.8","36.12","38.9","18.2","19.2","55.3","12.6","7.5","236.0","7.78","17.84","-0.26","25.4","41.1","97.4","0.087","0.487","5.6"
"Volkl V-Torque 16","62","Medium","Polyester","1.28","NA","4.5","7.0","8.8","36.60","34.9","26.0","35.1","71.7","23.3","12.8","211.5","7.78","17.36","0.13","25.4","40.9","92.5","0.087","0.487","5.6"
"Volkl V-Torque 16","62","Fast","Polyester","1.28","NA","4.5","7.0","8.8","36.63","33.0","30.2","45.2","81.8","30.9","17.0","201.7","7.78","17.33","0.58","25.6","41.6","90.2","0.087","0.487","5.6"
"Volkl V-Torque 18 (1.18)","51","Fast","Polyester","1.18","NA","2.7","3.3","8.8","27.89","37.3","34.1","45.0","73.0","31.1","14.6","157.2","4.85","17.98","0.33","23.2","45.7","85.7","0.083","0.502","6"
"Volkl V-Torque Tour 16 (1.30)","51","Fast","Polyester","1.3","1.32","5.5","6.7","NA","31.53","35.1","32.1","46.7","78.3","31.4","15.3","184.0","5.58","13.61","0.24","19.4","38.3","88.2","0.074","0.626","8.5"
"IsoSpeed V18 19 (1.12)","51","Fast","Polyester","1.12","1.24","1.8","3.6","5.8","30.54","35.9","33.1","48.5","78.9","32.7","15.3","180.0","4.32","15.86","0.33","20.5","40.4","86.5","0.094","0.483","5.1"
"Solinco Vanquish 16","62","Slow","Nylon","1.3","1.34","7.3","8.5","10.0","51.00","36.8","17.0","13.2","64.2","13.6","","184.6","7.41","3.33","-0.02","10.8","17.4","99.0","0.094","0.363","3.9"
"Solinco Vanquish 16","62","Medium","Nylon","1.3","1.34","7.3","8.5","10.0","50.45","34.4","24.0","27.3","77.6","23.3","","192.0","7.41","3.88","0.00","11.2","18.3","96.0","0.094","0.363","3.9"
"Solinco Vanquish 16","62","Fast","Nylon","1.3","1.34","7.3","8.5","10.0","50.32","32.6","29.6","39.7","90.0","33.3","","184.6","7.41","4.01","0.29","11.7","19","95.3","0.094","0.363","3.9"
"Solinco Vanquish 16","51","Slow","Nylon","1.3","1.34","7.3","8.5","10.0","40.73","40.2","18.5","13.9","54.7","12.6","","164.6","6.00","3.99","0.00","9.9","19.7","96.2","0.094","0.363","3.9"
"Solinco Vanquish 16","51","Medium","Nylon","1.3","1.34","7.3","8.5","10.0","40.55","36.9","26.1","28.2","68.8","22.4","","168.6","6.00","4.17","0.04","10.1","20.1","95.5","0.094","0.363","3.9"
"Solinco Vanquish 16","51","Fast","Nylon","1.3","1.34","7.3","8.5","10.0","40.35","34.9","31.9","40.1","80.5","32.2","","160.0","6.00","4.37","0.17","10.6","20.8","93.1","0.094","0.363","3.9"
"Solinco Vanquish 16","40","Slow","Nylon","1.3","1.34","7.3","8.5","10.0","30.30","44.6","21.0","14.8","45.2","11.8","","136.6","5.18","4.21","0.03","9.5","23.7","95.6","0.094","0.363","3.9"
"Solinco Vanquish 16","40","Medium","Nylon","1.3","1.34","7.3","8.5","10.0","30.21","40.5","29.0","28.4","58.7","21.3","","137.7","5.18","4.30","0.09","9.5","24.1","91.4","0.094","0.363","3.9"
"Solinco Vanquish 16","40","Fast","Nylon","1.3","1.34","7.3","8.5","10.0","30.10","38.0","34.1","39.0","69.0","29.4","","136.0","5.18","4.41","0.16","9.7","24.6","90.6","0.094","0.363","3.9"
"Solinco Vanquish 17 (1.20)","51","Fast","Nylon","1.2","1.23","7.3","NA","5.8","42.34","35.2","32.6","37.9","80.3","32.7","16.0","145.7","3.48","4.90","0.22","8.6","17","93.5","0.087","0.512","5.9"
"Head Velocity MLT 17 (1.25)","51","Fast","Nylon","1.25","1.28","1.8","8.5","6.4","43.44","34.3","32.0","38.6","82.0","32.8","16.1","153.2","3.75","3.53","0.16","7.5","14.7","93.7","0.083","0.459","5.5"
"Head Velocity MLT Power 16 (1.30)","51","Fast","Nylon","1.3","1.31","1.5","2.7","3.0","42.12","34.5","32.0","41.2","83.3","33.4","16.2","164.0","3.90","4.70","0.14","8.8","17.2","91.2","NA","NA","NA"
"Klip Venom 16/1.30","62","Slow","Nylon","1.3","1.32","7.0","8.5","9.7","51.49","36.8","17.0","13.5","65.0","13.8","","190.3","6.44","3.81","0.05","10.4","16.7","99.0","0.169","0.381","2.3"
"Klip Venom 16/1.30","62","Medium","Nylon","1.3","1.32","7.0","8.5","9.7","51.11","34.1","24.1","29.3","80.5","24.2","","205.2","6.44","4.19","0.09","10.8","17.4","95.1","0.169","0.381","2.3"
"Klip Venom 16/1.30","62","Fast","Nylon","1.3","1.32","7.0","8.5","9.7","50.85","32.4","29.8","41.5","92.2","34.4","","189.2","6.44","4.45","0.22","11.0","18","94.5","0.169","0.381","2.3"
"Klip Venom 16/1.30","51","Slow","Nylon","1.3","1.32","7.0","8.5","9.7","40.81","40.3","18.1","14.3","55.1","12.5","","176.0","6.17","3.74","0.04","9.9","19.6","98.4","0.169","0.381","2.3"
"Klip Venom 16/1.30","51","Medium","Nylon","1.3","1.32","7.0","8.5","9.7","40.55","36.7","26.1","29.3","69.9","22.8","","174.9","6.17","4.00","0.07","10.1","20.2","94.7","0.169","0.381","2.3"
"Klip Venom 16/1.30","51","Fast","Nylon","1.3","1.32","7.0","8.5","9.7","40.35","34.6","32.0","41.0","81.4","32.6","","163.4","6.17","4.20","0.17","10.6","20.8","91.6","0.169","0.381","2.3"
"Klip Venom 16/1.30","40","Slow","Nylon","1.3","1.32","7.0","8.5","9.7","30.05","44.7","20.9","15.9","45.9","12.0","","147.4","6.06","3.58","0.00","9.7","24.3","97.0","0.169","0.381","2.3"
"Klip Venom 16/1.30","40","Medium","Nylon","1.3","1.32","7.0","8.5","9.7","29.83","40.2","29.1","30.0","60.0","21.8","","144.6","6.06","3.80","0.06","9.9","25","92.7","0.169","0.381","2.3"
"Klip Venom 16/1.30","40","Fast","Nylon","1.3","1.32","7.0","8.5","9.7","29.61","37.8","34.5","40.6","70.1","30.2","","138.9","6.06","4.02","0.15","10.1","25.8","89.7","0.169","0.381","2.3"
"Polyfibre Viper 16L/1.25","62","Slow","Polyester","1.25","1.23","2.7","4.2","6.7","29.88","41.3","20.0","24.9","54.7","13.7","","252.6","13.05","18.81","-0.22","31.8","51.3","94.3","NA","NA","NA"
"Polyfibre Viper 16L/1.25","62","Medium","Polyester","1.25","1.23","2.7","4.2","6.7","30.43","37.1","26.8","41.2","71.7","24.0","","234.3","13.05","18.26","0.31","31.5","51.2","89.7","NA","NA","NA"
"Polyfibre Viper 16L/1.25","62","Fast","Polyester","1.25","1.23","2.7","4.2","6.7","30.41","35.1","32.0","51.8","82.0","32.9","","205.2","13.05","18.28","0.47","31.8","51.5","85.4","NA","NA","NA"
"Polyfibre Viper 16L/1.25","51","Slow","Polyester","1.25","1.23","2.7","4.2","6.7","20.35","45.4","22.0","26.0","46.3","12.7","","217.7","10.21","20.16","-0.18","30.2","59.5","94.9","NA","NA","NA"
"Polyfibre Viper 16L/1.25","51","Medium","Polyester","1.25","1.23","2.7","4.2","6.7","20.82","40.9","29.2","39.7","60.6","22.1","","189.7","10.21","19.69","0.40","30.2","59.7","85.9","NA","NA","NA"
"Polyfibre Viper 16L/1.25","51","Fast","Polyester","1.25","1.23","2.7","4.2","6.7","20.86","38.7","34.1","49.0","69.7","29.8","","170.3","10.21","19.65","0.64","30.4","60.1","78.9","NA","NA","NA"
"Polyfibre Viper 16L/1.25","40","Slow","Polyester","1.25","1.23","2.7","4.2","6.7","14.69","48.7","24.0","26.5","41.2","12.4","","188.0","6.50","18.50","-0.06","24.9","62.8","88.5","NA","NA","NA"
"Polyfibre Viper 16L/1.25","40","Medium","Polyester","1.25","1.23","2.7","4.2","6.7","15.13","43.7","31.0","38.4","53.6","20.8","","162.3","6.50","18.06","0.44","24.9","63","81.0","NA","NA","NA"
"Polyfibre Viper 16L/1.25","40","Fast","Polyester","1.25","1.23","2.7","4.2","6.7","15.13","41.6","36.6","47.0","62.0","28.4","","142.3","6.50","18.06","0.58","25.1","63.3","75.9","NA","NA","NA"
"Polyfibre Viper 17/1.20","62","Slow","Polyester","1.2","1.23","2.7","5.2","8.2","30.01","41.6","20.0","24.7","54.7","13.7","","251.5","12.97","18.76","-0.24","31.5","51","91.2","0.105","0.412","3.9"
"Polyfibre Viper 17/1.20","62","Medium","Polyester","1.2","1.23","2.7","5.2","8.2","30.50","37.5","27.0","40.4","71.0","23.9","","225.2","12.97","18.27","0.27","31.5","51","90.4","0.105","0.412","3.9"
"Polyfibre Viper 17/1.20","62","Fast","Polyester","1.2","1.23","2.7","5.2","8.2","30.52","35.4","32.0","51.6","82.0","32.9","","204.6","12.97","18.25","0.75","32.0","51.8","86.7","0.105","0.412","3.9"
"Polyfibre Viper 17/1.20","51","Slow","Polyester","1.2","1.23","2.7","5.2","8.2","18.24","47.0","22.9","26.5","44.8","12.8","","204.6","11.03","21.45","-0.11","32.4","63.8","92.2","0.105","0.412","3.9"
"Polyfibre Viper 17/1.20","51","Medium","Polyester","1.2","1.23","2.7","5.2","8.2","18.76","42.2","30.0","39.0","57.8","21.7","","176.6","11.03","20.93","0.39","32.4","63.8","84.5","0.105","0.412","3.9"
"Polyfibre Viper 17/1.20","51","Fast","Polyester","1.2","1.23","2.7","5.2","8.2","18.72","39.8","35.3","48.3","67.0","29.6","","157.7","11.03","20.97","0.64","32.6","64.3","78.0","0.105","0.412","3.9"
"Polyfibre Viper 17/1.20","40","Slow","Polyester","1.2","1.23","2.7","5.2","8.2","12.06","51.3","25.0","26.0","38.1","11.9","","169.7","7.74","19.89","0.04","27.8","69.7","89.3","0.105","0.412","3.9"
"Polyfibre Viper 17/1.20","40","Medium","Polyester","1.2","1.23","2.7","5.2","8.2","12.08","46.2","32.7","37.9","50.1","20.5","","144.6","7.74","19.87","0.28","28.0","70.3","78.9","0.105","0.412","3.9"
"Polyfibre Viper 17/1.20","40","Fast","Polyester","1.2","1.23","2.7","5.2","8.2","12.39","43.6","38.0","45.4","57.8","27.5","","128.0","7.74","19.56","0.59","28.0","70.3","75.2","0.105","0.412","3.9"
"SuperString Viper V2 Rough 16L","62","Slow","Polyester","1.25","1.32","2.1","3.0","4.2","38.06","38.9","18.1","21.6","59.5","13.5","","265.7","7.54","16.14","-0.46","23.2","37.6","95.6","0.097","0.486","5"
"SuperString Viper V2 Rough 16L","62","Medium","Polyester","1.25","1.32","2.1","3.0","4.2","38.76","35.3","25.2","37.0","75.9","23.9","","237.2","7.54","15.44","0.15","23.2","37.5","93.3","0.097","0.486","5"
"SuperString Viper V2 Rough 16L","62","Fast","Polyester","1.25","1.32","2.1","3.0","4.2","38.76","33.4","30.0","47.6","86.4","32.4","","214.9","7.54","15.44","0.46","23.4","38","89.5","0.097","0.486","5"
"SuperString Viper V2 Rough 16L","51","Slow","Polyester","1.25","1.32","2.1","3.0","4.2","31.11","41.1","20.0","22.9","54.0","13.5","","234.9","6.17","13.44","-0.36","19.2","38","96.6","0.097","0.486","5"
"SuperString Viper V2 Rough 16L","51","Medium","Polyester","1.25","1.32","2.1","3.0","4.2","31.55","37.0","26.4","37.9","69.7","23.0","","221.7","6.17","13.00","0.11","19.2","38","92.2","0.097","0.486","5"
"SuperString Viper V2 Rough 16L","51","Fast","Polyester","1.25","1.32","2.1","3.0","4.2","31.66","35.0","32.0","48.7","80.5","32.2","","194.3","6.17","12.89","0.37","19.4","38.3","88.2","0.097","0.486","5"
"SuperString Viper V2 Rough 16L","40","Slow","Polyester","1.25","1.32","2.1","3.0","4.2","22.16","44.7","21.9","25.1","47.2","13.0","","212.0","5.25","12.28","-0.24","17.2","43.6","93.1","0.097","0.486","5"
"SuperString Viper V2 Rough 16L","40","Medium","Polyester","1.25","1.32","2.1","3.0","4.2","22.71","39.6","28.5","39.9","62.6","22.4","","200.0","5.25","11.73","0.22","17.2","43.3","88.7","0.097","0.486","5"
"SuperString Viper V2 Rough 16L","40","Fast","Polyester","1.25","1.32","2.1","3.0","4.2","22.73","37.3","34.0","50.9","73.6","31.3","","178.9","5.25","11.71","0.46","17.4","43.9","85.0","0.097","0.486","5"
"SuperString VooDoo Tour V9 17","62","Slow","Nylon/Polyester","1.2","1.25","3.9","5.2","6.1","44.23","38.2","18.0","15.7","59.8","13.5","","196.0","7.92","9.59","-0.02","17.4","28.3","95.5","NA","NA","NA"
"SuperString VooDoo Tour V9 17","62","Medium","Nylon/Polyester","1.2","1.25","3.9","5.2","6.1","44.19","35.5","25.2","29.1","73.2","23.1","","186.9","7.92","9.63","0.18","17.6","28.7","94.1","NA","NA","NA"
"SuperString VooDoo Tour V9 17","62","Fast","Nylon/Polyester","1.2","1.25","3.9","5.2","6.1","43.97","33.6","30.0","39.7","83.6","31.4","","178.9","7.92","9.85","0.36","18.1","29.4","92.4","NA","NA","NA"
"SuperString VooDoo Tour V9 17","51","Slow","Nylon/Polyester","1.2","1.25","3.9","5.2","6.1","35.13","41.3","19.9","17.0","52.0","13.0","","174.9","5.80","9.79","-0.02","15.7","30.7","94.9","NA","NA","NA"
"SuperString VooDoo Tour V9 17","51","Medium","Nylon/Polyester","1.2","1.25","3.9","5.2","6.1","35.17","37.8","27.0","29.8","65.0","21.9","","166.3","5.80","9.75","0.18","15.7","31","93.7","NA","NA","NA"
"SuperString VooDoo Tour V9 17","51","Fast","Nylon/Polyester","1.2","1.25","3.9","5.2","6.1","35.02","35.7","32.0","40.6","75.6","30.3","","160.6","5.80","9.90","0.27","15.9","31.5","90.6","NA","NA","NA"
"SuperString VooDoo Tour V9 17","40","Slow","Nylon/Polyester","1.2","1.25","3.9","5.2","6.1","25.31","45.5","22.0","18.3","43.4","11.9","","153.7","4.98","9.40","-0.03","14.3","36.2","94.1","NA","NA","NA"
"SuperString VooDoo Tour V9 17","40","Medium","Nylon/Polyester","1.2","1.25","3.9","5.2","6.1","25.42","41.1","29.9","31.3","56.7","21.2","","142.3","4.98","9.29","0.15","14.3","36.3","90.2","NA","NA","NA"
"SuperString VooDoo Tour V9 17","40","Fast","Nylon/Polyester","1.2","1.25","3.9","5.2","6.1","25.36","38.5","34.9","41.5","66.8","29.1","","138.3","4.98","9.35","0.22","14.6","36.7","87.6","NA","NA","NA"
"LaserFibre Vorso 16 (1.28)","51","Fast","Polyester","1.28","1.26","3.9","2.4","9.7","24.78","36.8","34.0","51.4","76.1","32.4","14.8","180.6","6.50","19.44","0.19","26.2","51.5","85.2","0.078","0.501","6.4"
"LaserFibre Vorso 17 (1.23)","51","Fast","Polyester","1.23","1.26","1.4","2.7","3.2","29.55","36.1","33.5","49.2","78.7","33.0","15.4","177.7","5.12","16.05","0.22","21.4","42.2","87.0","0.079","0.486","6.2"
"Prince Vortex 16 (1.30)","51","Fast","Polyester","1.3","1.23","1.8","2.7","4.2","21.30","37.4","34.0","53.4","74.7","31.7","13.8","188.0","7.59","21.83","0.24","29.5","58.5","80.6","0.069","0.549","8"
"Babolat VS Natural Team Gut 17 (1.25)","62","Slow","Gut","1.25","1.27","4.5","6.7","8.5","53.74","37.1","17.1","7.5","61.3","13.1","","105.7","5.89","2.11","-0.17","7.7","12.7","98.0","0.147","NA","NA"
"Babolat VS Natural Team Gut 17 (1.25)","62","Medium","Gut","1.25","1.27","4.5","6.7","8.5","53.47","35.6","25.0","15.4","69.0","21.6","","100.6","5.89","2.38","0.22","8.6","13.8","97.2","0.147","NA","NA"
"Babolat VS Natural Team Gut 17 (1.25)","62","Fast","Gut","1.25","1.27","4.5","6.7","8.5","53.14","34.4","30.1","21.8","75.0","28.3","","97.7","5.89","2.71","0.46","9.0","14.7","96.0","0.147","NA","NA"
"Babolat VS Natural Team Gut 17 (1.25)","51","Slow","Gut","1.25","1.27","4.5","6.7","8.5","44.17","40.0","18.0","7.3","51.6","11.6","","92.0","4.90","1.65","0.05","6.6","13","99.8","0.147","NA","NA"
"Babolat VS Natural Team Gut 17 (1.25)","51","Medium","Gut","1.25","1.27","4.5","6.7","8.5","43.92","37.9","26.7","16.3","60.4","20.1","","93.2","4.90","1.90","0.35","7.1","14.1","97.4","0.147","NA","NA"
"Babolat VS Natural Team Gut 17 (1.25)","51","Fast","Gut","1.25","1.27","4.5","6.7","8.5","43.48","36.5","32.1","23.4","66.8","26.8","","92.0","4.90","2.34","0.48","7.7","15.2","95.6","0.147","NA","NA"
"Babolat VS Natural Team Gut 17 (1.25)","40","Slow","Gut","1.25","1.27","4.5","6.7","8.5","32.19","44.5","20.9","9.5","41.7","10.9","","88.0","5.29","2.21","-0.05","7.5","18.8","98.4","0.147","NA","NA"
"Babolat VS Natural Team Gut 17 (1.25)","40","Medium","Gut","1.25","1.27","4.5","6.7","8.5","31.99","41.4","29.4","19.6","51.6","19.0","","92.6","5.29","2.41","0.02","7.7","19.4","95.5","0.147","NA","NA"
"Babolat VS Natural Team Gut 17 (1.25)","40","Fast","Gut","1.25","1.27","4.5","6.7","8.5","31.86","39.4","35.4","26.7","58.4","25.9","","86.3","5.29","2.54","0.17","7.9","20.2","93.7","0.147","NA","NA"
"Babolat VS Natural ThermoGut 16 Touch","62","Slow","Gut","1.3","1.29","NA","NA","8.5","52.52","37.9","17.2","6.8","59.3","12.7","","94.3","7.06","2.16","0.86","10.1","16.3","96.4","0.124","0.34","2.7"
"Babolat VS Natural ThermoGut 16 Touch","62","Medium","Gut","1.3","1.29","NA","NA","8.5","51.51","36.1","25.7","16.5","67.9","21.9","","101.2","7.06","3.17","0.31","10.6","17.1","97.2","0.124","0.34","2.7"
"Babolat VS Natural ThermoGut 16 Touch","62","Fast","Gut","1.3","1.29","NA","NA","8.5","51.11","34.8","31.2","24.5","75.4","29.5","","101.7","7.06","3.57","0.20","10.8","17.5","96.2","0.124","0.34","2.7"
"Babolat VS Natural ThermoGut 16 Touch","40","Fast","Gut","1.3","1.29","NA","NA","8.5","29.15","40.0","36.3","29.3","58.7","26.6","","90.9","5.98","4.56","0.11","10.6","26.8","93.1","0.124","0.34","2.7"
"Babolat VS Natural ThermoGut 16 Touch","40","Medium","Gut","1.3","1.29","NA","NA","8.5","29.55","42.3","30.2","22.3","51.8","19.6","","98.9","5.98","4.16","0.18","10.4","26","96.4","0.124","0.34","2.7"
"Babolat VS Natural ThermoGut 16 Touch","51","Slow","Gut","1.3","1.29","NA","NA","8.5","42.01","41.1","18.9","9.3","51.4","12.1","","105.7","5.93","2.78","0.09","8.8","17.3","99.2","0.124","0.34","2.7"
"Babolat VS Natural ThermoGut 16 Touch","51","Medium","Gut","1.3","1.29","NA","NA","8.5","41.72","38.5","27.1","19.2","61.1","20.7","","106.3","5.93","3.07","0.20","9.3","18.1","97.4","0.124","0.34","2.7"
"Babolat VS Natural ThermoGut 16 Touch","51","Fast","Gut","1.3","1.29","NA","NA","8.5","41.41","36.9","33.5","26.5","67.9","28.5","","96.0","5.93","3.38","0.18","9.5","18.7","95.5","0.124","0.34","2.7"
"Babolat VS Natural ThermoGut 16 Touch","40","Slow","Gut","1.3","1.29","NA","NA","8.5","29.57","46.3","21.7","12.1","41.7","11.3","","104.6","5.98","4.14","-0.09","10.1","25.3","97.8","0.124","0.34","2.7"
"Babolat VS Touch 15L (1.35)","51","Fast","Gut","1.35","1.35","NA","NA","7.3","44.54","36.6","33.7","24.7","69.2","29.2","15.6","88.6","4.08","2.10","0.11","6.4","12.4","96.4","0.149","0.447","3"
"Gamma WearGuard Synthetic Gut 16","62","Slow","Nylon","1.3","1.31","NA","NA","9.1","49.44","37.3","18.1","13.7","63.1","14.3","","170.3","8.05","4.25","0.00","12.3","19.9","97.2","0.13","0.363","2.8"
"Gamma WearGuard Synthetic Gut 16","62","Medium","Nylon","1.3","1.31","NA","NA","9.1","48.75","34.4","24.9","29.5","78.3","24.3","","193.7","8.05","4.94","-0.05","13.0","21","95.3","0.13","0.363","2.8"
"Gamma WearGuard Synthetic Gut 16","62","Fast","Nylon","1.3","1.31","NA","NA","9.1","48.64","32.6","30.0","41.2","89.7","33.6","","186.3","8.05","5.05","0.17","13.2","21.5","94.9","0.13","0.363","2.8"
"Gamma WearGuard Synthetic Gut 16","51","Slow","Nylon","1.3","1.31","NA","NA","9.1","40.15","40.0","18.5","15.2","55.3","12.8","","180.6","6.62","3.95","0.00","10.6","20.8","99.2","0.13","0.363","2.8"
"Gamma WearGuard Synthetic Gut 16","51","Medium","Nylon","1.3","1.31","NA","NA","9.1","39.95","36.6","26.0","30.0","69.9","22.7","","178.9","6.62","4.15","0.06","10.8","21.3","92.9","0.13","0.363","2.8"
"Gamma WearGuard Synthetic Gut 16","51","Fast","Nylon","1.3","1.31","NA","NA","9.1","39.73","34.6","31.9","41.5","81.1","32.4","","165.2","6.62","4.37","0.17","11.2","22","92.0","0.13","0.363","2.8"
"Gamma WearGuard Synthetic Gut 16","40","Slow","Nylon","1.3","1.31","NA","NA","9.1","29.17","44.9","21.0","16.1","45.4","11.9","","149.2","6.42","4.10","-0.11","10.4","26.2","95.6","0.13","0.363","2.8"
"Gamma WearGuard Synthetic Gut 16","40","Medium","Nylon","1.3","1.31","NA","NA","9.1","29.19","40.0","29.0","31.5","60.6","22.0","","152.0","6.42","4.08","0.08","10.6","26.7","93.5","0.13","0.363","2.8"
"Gamma WearGuard Synthetic Gut 16","40","Fast","Nylon","1.3","1.31","NA","NA","9.1","29.06","37.6","34.1","41.0","70.1","29.9","","144.0","6.42","4.21","0.15","10.8","27.2","88.9","0.13","0.363","2.8"
"Double AR WTS 25 (1.25)","40","Slow","Polyester","1.25","NA","2.7","4.5","7.0","14.11","49.8","24.1","27.1","41.2","12.4","5.8","190.3","7.36","18.22","-0.05","25.6","64.3","89.7","0.077","0.564","7.3"
"Double AR WTS 25 (1.25)","40","Medium","Polyester","1.25","NA","2.7","4.5","7.0","14.62","44.1","32.0","39.2","53.8","21.6","9.5","156.0","7.36","17.71","0.42","25.6","64.2","79.6","0.077","0.564","7.3"
"Double AR WTS 25 (1.25)","40","Fast","Polyester","1.25","NA","2.7","4.5","7.0","14.53","41.9","37.7","46.7","61.3","28.9","12.2","134.3","7.36","17.80","0.55","25.8","64.8","74.1","0.077","0.564","7.3"
"Double AR WTS 25 (1.25)","51","Slow","Polyester","1.25","NA","2.7","4.5","7.0","22.29","45.7","22.0","25.6","47.8","13.2","6.3","214.3","8.67","19.76","-0.22","28.2","55.6","96.0","0.077","0.564","7.3"
"Double AR WTS 25 (1.25)","51","Medium","Polyester","1.25","NA","2.7","4.5","7.0","22.91","40.3","29.8","39.7","62.6","23.4","10.8","181.2","8.67","19.14","0.33","28.2","55.5","86.3","0.077","0.564","7.3"
"Double AR WTS 25 (1.25)","51","Fast","Polyester","1.25","NA","2.7","4.5","7.0","22.89","38.1","34.2","48.3","71.0","30.4","14.0","168.0","8.67","19.16","0.84","28.7","56.5","80.3","0.077","0.564","7.3"
"Double AR WTS 25 (1.25)","62","Slow","Polyester","1.25","NA","2.7","4.5","7.0","31.95","41.6","20.0","24.0","55.8","14.0","6.9","242.9","9.61","20.18","-0.40","29.3","47.6","95.1","0.077","0.564","7.3"
"Double AR WTS 25 (1.25)","62","Medium","Polyester","1.25","NA","2.7","4.5","7.0","32.72","36.9","27.2","39.9","72.5","24.7","11.7","219.5","9.61","19.41","0.37","29.3","47.6","90.8","0.077","0.564","7.3"
"Double AR WTS 25 (1.25)","62","Fast","Polyester","1.25","NA","2.7","4.5","7.0","32.63","34.9","32.0","49.6","82.2","32.9","15.7","197.2","9.61","19.50","0.68","29.8","48.3","87.2","0.077","0.564","7.3"
"Pacific X Force 16L (1.29)","51","Fast","Polyester","1.29","NA","2.1","3.6","7.0","38.37","33.4","31.0","52.0","90.4","35.0","17.1","219.5","3.26","9.09","0.33","12.8","25","88.7","0.108","0.476","4.4"
"Pacific X Force 17","62","Slow","Polyester","1.24","1.27","1.8","1.8","3.0","40.88","37.4","17.6","23.2","64.2","14.1","","304.0","8.05","12.81","-0.27","20.5","33.4","97.6","0.081","0.367","4.5"
"Pacific X Force 17","62","Medium","Polyester","1.24","1.27","1.8","1.8","3.0","41.43","33.9","24.7","41.0","82.5","25.5","","274.3","8.05","12.26","0.15","20.5","33.1","92.5","0.081","0.367","4.5"
"Pacific X Force 17","62","Fast","Polyester","1.24","1.27","1.8","1.8","3.0","41.41","32.4","29.4","52.3","93.7","34.4","","246.9","8.05","12.28","0.57","20.9","33.9","89.3","0.081","0.367","4.5"
"Pacific X Force 17","51","Slow","Polyester","1.24","1.27","1.8","1.8","3.0","32.44","39.8","18.4","24.7","57.1","13.2","","296.6","6.37","11.91","-0.17","18.1","35.7","95.6","0.081","0.367","4.5"
"Pacific X Force 17","51","Medium","Polyester","1.24","1.27","1.8","1.8","3.0","32.85","35.8","26.0","42.6","75.4","24.5","","255.5","6.37","11.50","0.22","18.1","35.7","91.8","0.081","0.367","4.5"
"Pacific X Force 17","51","Fast","Polyester","1.24","1.27","1.8","1.8","3.0","32.85","33.9","31.0","53.4","86.2","33.4","","225.7","6.37","11.50","0.50","18.3","36.2","85.7","0.081","0.367","4.5"
"Pacific X Force 17","40","Slow","Polyester","1.24","1.27","1.8","1.8","3.0","21.83","43.4","20.6","28.2","49.8","12.9","","268.0","6.55","11.31","-0.07","17.9","44.8","94.3","0.081","0.367","4.5"
"Pacific X Force 17","40","Medium","Polyester","1.24","1.27","1.8","1.8","3.0","22.09","38.5","28.0","45.2","67.5","23.6","","234.9","6.55","11.05","0.35","17.9","45.2","87.8","0.081","0.367","4.5"
"Pacific X Force 17","40","Fast","Polyester","1.24","1.27","1.8","1.8","3.0","22.05","36.2","33.1","57.3","79.4","32.8","","212.0","6.55","11.09","0.49","18.1","45.7","84.6","0.081","0.367","4.5"
"Pacific X Force 18","62","Slow","Polyester","1.19","1.22","1.5","2.4","3.0","38.63","38.5","17.8","22.3","60.9","13.6","","283.5","8.42","14.69","-0.27","22.9","37","95.6","0.077","0.361","4.7"
"Pacific X Force 18","62","Medium","Polyester","1.19","1.22","1.5","2.4","3.0","39.18","34.6","25.3","41.5","80.5","25.5","","262.9","8.42","14.14","0.33","22.9","37.1","91.6","0.077","0.361","4.7"
"Pacific X Force 18","62","Fast","Polyester","1.19","1.22","1.5","2.4","3.0","39.12","32.9","30.0","52.3","91.5","34.3","","236.6","8.42","14.20","0.49","23.2","37.4","88.4","0.077","0.361","4.7"
"Pacific X Force 18","51","Slow","Polyester","1.19","1.22","1.5","2.4","3.0","31.99","40.5","18.9","23.2","55.1","13.1","","264.0","5.82","12.91","-0.25","18.5","36.4","96.8","0.077","0.361","4.7"
"Pacific X Force 18","51","Medium","Polyester","1.19","1.22","1.5","2.4","3.0","32.55","36.3","27.0","41.7","74.3","25.1","","233.2","5.82","12.35","0.36","18.5","36.5","90.8","0.077","0.361","4.7"
"Pacific X Force 18","51","Fast","Polyester","1.19","1.22","1.5","2.4","3.0","32.48","34.5","31.8","52.0","84.5","33.6","","208.6","5.82","12.42","0.51","18.7","37","86.1","0.077","0.361","4.7"
"Pacific X Force 18","40","Slow","Polyester","1.19","1.22","1.5","2.4","3.0","21.68","44.3","20.8","26.7","48.3","12.6","","249.2","5.69","12.32","-0.19","17.9","44.9","94.3","0.077","0.361","4.7"
"Pacific X Force 18","40","Medium","Polyester","1.19","1.22","1.5","2.4","3.0","22.14","38.9","29.0","44.3","66.4","24.1","","213.2","5.69","11.86","0.40","17.9","45.2","87.0","0.077","0.361","4.7"
"Pacific X Force 18","40","Fast","Polyester","1.19","1.22","1.5","2.4","3.0","22.14","36.7","34.0","55.1","77.2","32.9","","193.7","5.69","11.86","0.53","18.1","45.6","83.7","0.077","0.361","4.7"
"Tecnifibre X-Code 16","62","Slow","Polyester","1.3","1.33","3.0","3.9","5.5","41.74","38.0","18.0","20.5","62.2","14.0","","256.6","6.92","13.08","-0.22","19.8","32","95.1","0.21","0.416","2"
"Tecnifibre X-Code 16","62","Medium","Polyester","1.3","1.33","3.0","3.9","5.5","42.05","34.6","24.5","36.6","78.7","24.1","","248.0","6.92","12.77","0.02","19.6","31.9","93.5","0.21","0.416","2"
"Tecnifibre X-Code 16","62","Fast","Polyester","1.3","1.33","3.0","3.9","5.5","42.07","32.9","29.9","47.4","89.5","33.5","","215.5","6.92","12.75","0.40","20.1","32.5","88.7","0.21","0.416","2"
"Tecnifibre X-Code 16","51","Slow","Polyester","1.3","1.33","3.0","3.9","5.5","31.49","41.4","20.0","21.8","53.4","13.3","","223.5","6.46","12.77","-0.11","19.2","37.7","95.6","0.21","0.416","2"
"Tecnifibre X-Code 16","51","Medium","Polyester","1.3","1.33","3.0","3.9","5.5","31.80","37.4","26.4","37.0","68.8","22.7","","215.5","6.46","12.46","0.09","19.0","37.5","91.4","0.21","0.416","2"
"Tecnifibre X-Code 16","51","Fast","Polyester","1.3","1.33","3.0","3.9","5.5","31.84","35.4","32.0","47.4","79.2","31.7","","188.0","6.46","12.42","0.33","19.2","37.9","85.2","0.21","0.416","2"
"Tecnifibre X-Code 16","40","Slow","Polyester","1.3","1.33","3.0","3.9","5.5","21.41","45.5","22.0","23.8","45.2","12.4","","200.0","6.20","12.08","-0.20","18.1","45.6","92.5","0.21","0.416","2"
"Tecnifibre X-Code 16","40","Medium","Polyester","1.3","1.33","3.0","3.9","5.5","21.85","41.1","29.8","36.6","58.4","21.8","","167.4","6.20","11.64","0.26","18.1","45.6","85.7","0.21","0.416","2"
"Tecnifibre X-Code 16","40","Fast","Polyester","1.3","1.33","3.0","3.9","5.5","21.83","38.8","34.2","46.3","68.1","29.1","","161.2","6.20","11.66","0.44","18.3","46.1","81.9","0.21","0.416","2"
"Dunlop X-Life Synthetic 15L","62","Slow","Nylon","1.4","1.40","7.9","9.4","10.3","50.19","36.6","17.0","15.0","65.3","13.9","","210.9","7.63","3.92","-0.08","11.5","18.6","99.0","0.107","0.379","3.5"
"Dunlop X-Life Synthetic 15L","62","Medium","Nylon","1.4","1.40","7.9","9.4","10.3","49.94","34.0","24.0","30.0","79.8","23.9","","210.9","7.63","4.17","0.00","11.9","19.1","96.2","0.107","0.379","3.5"
"Dunlop X-Life Synthetic 15L","62","Fast","Nylon","1.4","1.40","7.9","9.4","10.3","49.74","32.2","29.1","43.2","92.8","33.8","","206.9","7.63","4.37","0.19","12.1","19.8","95.6","0.107","0.379","3.5"
"Dunlop X-Life Synthetic 15L","51","Slow","Nylon","1.4","1.40","7.9","9.4","10.3","40.18","39.8","18.2","14.8","54.9","12.5","","180.6","6.90","3.64","0.00","10.6","20.8","96.6","0.107","0.379","3.5"
"Dunlop X-Life Synthetic 15L","51","Medium","Nylon","1.4","1.40","7.9","9.4","10.3","39.87","36.6","26.0","30.4","70.3","22.9","","183.5","6.90","3.95","0.05","10.8","21.5","93.9","0.107","0.379","3.5"
"Dunlop X-Life Synthetic 15L","51","Fast","Nylon","1.4","1.40","7.9","9.4","10.3","39.67","34.4","31.2","42.6","82.2","32.1","","177.2","6.90","4.15","0.16","11.2","22.1","91.4","0.107","0.379","3.5"
"Dunlop X-Life Synthetic 15L","40","Slow","Nylon","1.4","1.40","7.9","9.4","10.3","30.16","44.1","20.9","15.7","45.9","12.0","","145.7","6.09","3.44","0.00","9.5","24","96.0","0.107","0.379","3.5"
"Dunlop X-Life Synthetic 15L","40","Medium","Nylon","1.4","1.40","7.9","9.4","10.3","29.94","39.9","28.6","30.2","60.0","21.5","","149.7","6.09","3.66","0.04","9.7","24.7","93.3","0.107","0.379","3.5"
"Dunlop X-Life Synthetic 15L","40","Fast","Nylon","1.4","1.40","7.9","9.4","10.3","29.81","37.4","34.0","41.2","71.2","30.2","","145.2","6.09","3.79","0.13","9.9","25.2","93.3","0.107","0.379","3.5"
"Solinco X-Natural 16 (1.30)","51","Fast","Nylon","1.3","38","7.9","9.4","NA","40.04","35.4","33.0","38.6","78.7","32.5","15.9","144.6","4.78","5.90","0.24","11.0","21.5","93.7","0.108","0.479","4.4"
"Solinco X-Natural 17 (1.20)","51","Fast","Nylon","1.2","1.27","6.7","3.3","3.0","40.13","35.0","32.0","39.9","80.0","32.1","15.9","158.9","4.41","6.18","0.22","10.8","21.3","89.1","0.097","0.491","5.1"
"Tecnifibre X-One Biphase 16","62","Slow","Nylon/Polyurethane","1.3","1.32","6.4","7.3","8.5","53.21","36.1","16.8","12.8","65.9","13.9","","182.9","5.38","3.15","-0.11","8.4","13.6","97.2","0.314","0.502","1.6"
"Tecnifibre X-One Biphase 16","62","Medium","Nylon/Polyurethane","1.3","1.32","6.4","7.3","8.5","52.94","33.8","24.0","26.9","79.8","23.9","","189.7","5.38","3.42","-0.07","8.8","14.1","97.8","0.314","0.502","1.6"
"Tecnifibre X-One Biphase 16","62","Fast","Nylon/Polyurethane","1.3","1.32","6.4","7.3","8.5","52.77","32.1","29.0","38.1","91.1","33.0","","184.6","5.38","3.59","0.07","9.0","14.6","95.6","0.314","0.502","1.6"
"Tecnifibre X-One Biphase 16","51","Slow","Nylon/Polyurethane","1.3","1.32","6.4","7.3","8.5","42.23","39.6","18.1","13.7","56.0","12.6","","169.7","5.14","3.35","-0.02","8.4","16.7","97.4","0.314","0.502","1.6"
"Tecnifibre X-One Biphase 16","51","Medium","Nylon/Polyurethane","1.3","1.32","6.4","7.3","8.5","42.01","36.5","26.0","27.8","69.7","22.7","","166.9","5.14","3.57","0.00","8.8","17.2","96.6","0.314","0.502","1.6"
"Tecnifibre X-One Biphase 16","51","Fast","Nylon/Polyurethane","1.3","1.32","6.4","7.3","8.5","41.85","34.4","31.4","39.5","81.4","31.9","","162.9","5.14","3.73","0.13","9.0","17.7","92.7","0.314","0.502","1.6"
"Tecnifibre X-One Biphase 16","40","Slow","Nylon/Polyurethane","1.3","1.32","6.4","7.3","8.5","32.77","43.4","20.1","14.6","47.4","11.9","","148.0","4.12","2.80","0.00","6.8","17.4","94.5","0.314","0.502","1.6"
"Tecnifibre X-One Biphase 16","40","Medium","Nylon/Polyurethane","1.3","1.32","6.4","7.3","8.5","32.59","39.4","28.0","28.7","61.3","21.5","","148.6","4.12","2.98","-0.02","7.1","17.8","93.9","0.314","0.502","1.6"
"Tecnifibre X-One Biphase 16","40","Fast","Nylon/Polyurethane","1.3","1.32","6.4","7.3","8.5","32.50","36.9","33.9","39.2","71.7","30.4","","138.3","4.12","3.07","0.09","7.3","18.3","91.6","0.314","0.502","1.6"
"Tecnifibre X-One Biphase 17","62","Slow","Nylon/Polyurethane","1.24","1.29","6.4","7.3","8.5","53.14","36.2","16.4","13.0","66.2","13.6","","194.9","4.90","3.70","-0.02","8.6","13.9","95.5","0.225","0.464","2.1"
"Tecnifibre X-One Biphase 17","62","Medium","Nylon/Polyurethane","1.24","1.29","6.4","7.3","8.5","52.81","33.8","24.0","26.5","79.2","23.8","","186.3","4.90","4.03","0.00","8.8","14.5","94.9","0.225","0.464","2.1"
"Tecnifibre X-One Biphase 17","62","Fast","Nylon/Polyurethane","1.24","1.29","6.4","7.3","8.5","52.59","32.1","29.0","38.1","90.8","32.9","","184.6","4.90","4.25","0.16","9.3","15.1","95.6","0.225","0.464","2.1"
"Tecnifibre X-One Biphase 17","51","Slow","Nylon/Polyurethane","1.24","1.29","6.4","7.3","8.5","43.50","38.8","18.0","13.2","56.7","12.8","","165.7","4.34","2.88","-0.07","7.1","14.1","95.6","0.225","0.464","2.1"
"Tecnifibre X-One Biphase 17","51","Medium","Nylon/Polyurethane","1.24","1.29","6.4","7.3","8.5","43.31","36.0","25.9","27.3","70.6","22.8","","165.2","4.34","3.07","-0.02","7.5","14.6","95.1","0.225","0.464","2.1"
"Tecnifibre X-One Biphase 17","51","Fast","Nylon/Polyurethane","1.24","1.29","6.4","7.3","8.5","43.17","34.1","30.8","39.0","82.2","31.7","","166.9","4.34","3.21","0.11","7.7","15.1","93.5","0.225","0.464","2.1"
"Tecnifibre X-One Biphase 17","40","Slow","Nylon/Polyurethane","1.24","1.29","6.4","7.3","8.5","33.76","42.5","20.0","15.0","49.0","12.2","","153.7","3.18","2.75","-0.11","5.7","14.7","97.6","0.225","0.464","2.1"
"Tecnifibre X-One Biphase 17","40","Medium","Nylon/Polyurethane","1.24","1.29","6.4","7.3","8.5","33.71","38.9","28.0","28.2","62.0","21.7","","146.3","3.18","2.80","-0.03","6.0","15","93.5","0.225","0.464","2.1"
"Tecnifibre X-One Biphase 17","40","Fast","Nylon/Polyurethane","1.24","1.29","6.4","7.3","8.5","33.65","36.5","33.2","39.5","73.2","30.4","","145.7","3.18","2.86","0.09","6.2","15.4","92.2","0.225","0.464","2.1"
"Tecnifibre X-One Biphase 18","62","Slow","Nylon","1.18","1.20","7.6","8.8","10.0","51.11","37.0","17.1","12.3","63.5","13.5","","173.7","5.93","4.70","0.00","10.6","17.2","99.0","0.224","0.365","1.6"
"Tecnifibre X-One Biphase 18","62","Medium","Nylon","1.18","1.20","7.6","8.8","10.0","50.80","34.5","24.1","25.6","76.5","23.0","","180.0","5.93","5.01","0.04","11.0","17.8","96.0","0.224","0.365","1.6"
"Tecnifibre X-One Biphase 18","62","Fast","Nylon","1.18","1.20","7.6","8.8","10.0","50.63","32.8","29.9","37.0","87.5","32.8","","168.0","5.93","5.18","0.22","11.2","18.4","94.9","0.224","0.365","1.6"
"Tecnifibre X-One Biphase 18","51","Slow","Nylon","1.18","1.20","7.6","8.8","10.0","41.54","40.1","18.6","12.8","54.5","12.7","","150.3","4.70","4.48","-0.02","9.0","18","98.4","0.224","0.365","1.6"
"Tecnifibre X-One Biphase 18","51","Medium","Nylon","1.18","1.20","7.6","8.8","10.0","41.41","36.9","26.0","26.5","67.9","22.1","","158.3","4.70","4.61","0.02","9.3","18.4","96.8","0.224","0.365","1.6"
"Tecnifibre X-One Biphase 18","51","Fast","Nylon","1.18","1.20","7.6","8.8","10.0","41.28","34.9","31.9","36.6","77.8","31.1","","145.7","4.70","4.74","0.16","9.7","18.9","93.1","0.224","0.365","1.6"
"Tecnifibre X-One Biphase 18","40","Slow","Nylon","1.18","1.20","7.6","8.8","10.0","32.99","43.5","20.2","13.0","46.1","11.7","","130.3","3.20","3.50","-0.02","6.6","16.8","96.0","0.224","0.365","1.6"
"Tecnifibre X-One Biphase 18","40","Medium","Nylon","1.18","1.20","7.6","8.8","10.0","32.88","39.7","28.1","26.5","59.3","20.9","","135.4","3.20","3.61","0.03","6.8","17.2","95.3","0.224","0.365","1.6"
"Tecnifibre X-One Biphase 18","40","Fast","Nylon","1.18","1.20","7.6","8.8","10.0","32.77","37.4","34.0","36.8","69.7","29.6","","129.7","3.20","3.72","0.11","7.1","17.7","92.4","0.224","0.365","1.6"
"Signum Pro X-Perience 17 (1.24)","51","Fast","Polyester","1.24","1.30","7.6","2.4","6.7","38.48","33.0","30.2","50.5","89.1","33.6","16.5","224.6","3.46","8.78","0.55","12.8","25.2","87.8","0.087","0.536","6.2"
"Babolat Xalt 16 (1.30)","51","Fast","Nylon","1.3","1.23","2.7","5.2","6.7","42.78","33.0","30.0","36.6","79.4","29.8","11.4","165.2","3.59","4.35","0.22","8.2","16.1","94.9","0.092","0.489","5.3"
"Babolat Xcel 16","51","Slow","Nylon","1.3","1.32","7.3","8.5","9.4","41.72","40.2","18.1","12.8","54.5","12.3","","159.4","5.71","3.29","0.00","9.0","17.7","97.4","0.131","0.397","3"
"Babolat Xcel 16","51","Medium","Nylon","1.3","1.32","7.3","8.5","9.4","41.52","36.9","26.2","27.3","68.8","22.5","","161.7","5.71","3.49","0.04","9.3","18.2","96.4","0.131","0.397","3"
"Babolat Xcel 16","51","Fast","Nylon","1.3","1.32","7.3","8.5","9.4","41.34","34.8","32.0","37.9","79.4","31.7","","150.9","5.71","3.67","0.19","9.5","18.9","92.2","0.131","0.397","3"
"Babolat Xcel 16","40","Slow","Nylon","1.3","1.32","7.3","8.5","9.4","32.24","44.0","20.0","13.9","46.1","11.5","","141.7","5.05","2.40","0.00","7.5","18.8","97.0","0.131","0.397","3"
"Babolat Xcel 16","40","Medium","Nylon","1.3","1.32","7.3","8.5","9.4","32.13","39.7","29.0","28.7","60.6","22.0","","138.3","5.05","2.51","0.07","7.7","19.2","94.3","0.131","0.397","3"
"Babolat Xcel 16","40","Fast","Nylon","1.3","1.32","7.3","8.5","9.4","32.02","37.4","36.0","38.4","70.3","31.7","","120.6","5.05","2.62","0.14","7.7","19.7","93.1","0.131","0.397","3"
"Babolat Xcel 16","62","Slow","Nylon","1.3","1.32","7.3","8.5","9.4","51.91","37.0","17.0","12.1","63.9","13.6","","169.2","6.53","3.30","0.03","9.9","16","97.4","0.131","0.397","3"
"Babolat Xcel 16","62","Medium","Nylon","1.3","1.32","7.3","8.5","9.4","51.55","34.3","24.3","26.5","77.8","23.7","","181.7","6.53","3.66","0.06","10.1","16.6","98.6","0.131","0.397","3"
"Babolat Xcel 16","62","Fast","Nylon","1.3","1.32","7.3","8.5","9.4","51.22","32.7","29.8","37.7","88.9","33.2","","172.0","6.53","3.99","0.15","10.6","17.3","92.0","0.131","0.397","3"
"Babolat Xcel French Open Black 16","51","Fast","Nylon","1.3","1.32","6.7","7.6","9.4","44.14","34.7","32.6","37.7","82.0","33.3","16.4","144.6","3.64","2.94","0.17","6.8","13.3","94.5","0.092","0.481","5.2"
"Babolat Xcel French Open Black 17","62","Slow","Nylon","1.25","1.25","0.0","0.0","NA","44.45","35.1","33.1","36.4","80.9","33.4","17.8","134.9","13.36","3.93","0.22","17.4","28.4","94.9","0.087","0.413","4.7"
"Babolat Xcel Power 16","62","Slow","Nylon","1.3","1.33","6.1","7.3","8.5","52.04","36.6","16.6","13.0","65.0","13.5","","190.9","6.62","3.08","0.05","9.7","15.8","99.0","0.109","0.413","3.8"
"Babolat Xcel Power 16","62","Medium","Nylon","1.3","1.33","6.1","7.3","8.5","51.69","34.1","24.0","27.3","78.9","23.7","","192.0","6.62","3.43","0.07","10.1","16.4","95.6","0.109","0.413","3.8"
"Babolat Xcel Power 16","62","Fast","Nylon","1.3","1.33","6.1","7.3","8.5","51.46","32.3","29.6","39.5","90.8","33.6","","182.9","6.62","3.66","0.11","10.4","16.8","94.9","0.109","0.413","3.8"
"Babolat Xcel Power 16","51","Slow","Nylon","1.3","1.33","6.1","7.3","8.5","41.67","39.9","18.0","13.9","55.6","12.5","","173.7","6.17","2.88","0.02","9.0","17.9","94.3","0.109","0.413","3.8"
"Babolat Xcel Power 16","51","Medium","Nylon","1.3","1.33","6.1","7.3","8.5","41.45","36.5","26.0","28.4","69.9","22.7","","170.3","6.17","3.10","0.06","9.3","18.4","97.2","0.109","0.413","3.8"
"Babolat Xcel Power 16","51","Fast","Nylon","1.3","1.33","6.1","7.3","8.5","41.23","34.4","31.9","40.6","81.8","32.5","","162.3","6.17","3.32","0.08","9.5","18.9","92.9","0.109","0.413","3.8"
"Babolat Xcel Power 16","40","Slow","Nylon","1.3","1.33","6.1","7.3","8.5","31.49","43.9","20.0","15.2","46.7","11.7","","154.3","5.51","2.69","0.00","8.2","20.7","94.9","0.109","0.413","3.8"
"Babolat Xcel Power 16","40","Medium","Nylon","1.3","1.33","6.1","7.3","8.5","31.40","39.6","28.8","29.8","61.3","22.0","","146.3","5.51","2.78","0.04","8.4","21","94.7","0.109","0.413","3.8"
"Babolat Xcel Power 16","40","Fast","Nylon","1.3","1.33","6.1","7.3","8.5","31.27","37.2","34.0","40.8","72.1","30.6","","143.4","5.51","2.91","0.11","8.6","21.5","91.2","0.109","0.413","3.8"
"Babolat Xcel Power 17","62","Slow","Nylon","1.25","1.27","6.7","7.6","9.1","50.47","37.6","17.7","12.1","62.6","13.8","","159.4","6.35","4.92","0.02","11.2","18.3","99.0","0.104","0.378","3.6"
"Babolat Xcel Power 17","62","Medium","Nylon","1.25","1.27","6.7","7.6","9.1","50.25","35.1","25.0","25.4","75.6","23.6","","165.7","6.35","5.14","0.09","11.5","18.8","96.2","0.104","0.378","3.6"
"Babolat Xcel Power 17","62","Fast","Nylon","1.25","1.27","6.7","7.6","9.1","50.05","33.3","30.0","36.8","86.9","32.6","","166.3","6.35","5.34","0.22","11.9","19.3","92.5","0.104","0.378","3.6"
"Babolat Xcel Power 17","51","Slow","Nylon","1.25","1.27","6.7","7.6","9.1","40.18","41.0","19.7","13.2","53.4","13.2","","139.4","6.59","3.95","-0.02","10.6","20.7","94.5","0.104","0.378","3.6"
"Babolat Xcel Power 17","51","Medium","Nylon","1.25","1.27","6.7","7.6","9.1","40.02","37.7","26.9","27.3","67.3","22.7","","153.2","6.59","4.11","0.02","10.8","21.1","95.3","0.104","0.378","3.6"
"Babolat Xcel Power 17","51","Fast","Nylon","1.25","1.27","6.7","7.6","9.1","39.89","35.5","32.1","37.0","76.7","30.8","","145.7","6.59","4.24","0.16","11.0","21.7","92.9","0.104","0.378","3.6"
"Babolat Xcel Power 17","40","Slow","Nylon","1.25","1.27","6.7","7.6","9.1","32.08","44.3","21.0","14.1","46.3","12.2","","130.9","4.48","3.13","-0.02","7.5","19.1","98.2","0.104","0.378","3.6"
"Babolat Xcel Power 17","40","Medium","Nylon","1.25","1.27","6.7","7.6","9.1","31.99","40.2","29.0","27.3","59.3","21.5","","131.4","4.48","3.22","0.02","7.7","19.4","95.3","0.104","0.378","3.6"
"Babolat Xcel Power 17","40","Fast","Nylon","1.25","1.27","6.7","7.6","9.1","31.86","37.8","34.1","37.3","69.0","29.5","","129.7","4.48","3.35","0.11","7.9","20","93.1","0.104","0.378","3.6"
"Babolat Xcel Premium 17","62","Slow","Nylon","1.25","1.27","7.3","8.5","9.4","50.85","37.1","17.2","12.3","63.3","13.6","","171.5","5.78","5.11","-0.13","10.8","17.4","98.0","0.12","NA","NA"
"Babolat Xcel Premium 17","62","Medium","Nylon","1.25","1.27","7.3","8.5","9.4","50.52","34.8","24.2","25.1","75.6","22.9","","174.3","5.78","5.44","-0.13","11.0","18","97.2","0.12","NA","NA"
"Babolat Xcel Premium 17","62","Fast","Nylon","1.25","1.27","7.3","8.5","9.4","50.45","33.0","30.0","36.2","86.7","32.4","","163.4","5.78","5.51","0.40","11.7","18.9","93.7","0.12","NA","NA"
"Babolat Xcel Premium 17","51","Slow","Nylon","1.25","1.27","7.3","8.5","9.4","41.41","40.5","18.9","13.2","54.7","12.9","","150.9","5.03","4.28","-0.02","9.3","18.3","99.2","0.12","NA","NA"
"Babolat Xcel Premium 17","51","Medium","Nylon","1.25","1.27","7.3","8.5","9.4","40.95","37.2","26.2","26.7","67.5","22.1","","157.7","5.03","4.74","-0.02","9.7","19.2","95.8","0.12","NA","NA"
"Babolat Xcel Premium 17","51","Fast","Nylon","1.25","1.27","7.3","8.5","9.4","40.90","35.1","32.0","37.3","78.3","31.3","","148.0","5.03","4.79","0.20","9.9","19.7","93.5","0.12","NA","NA"
"Babolat Xcel Premium 17","40","Slow","Nylon","1.25","1.27","7.3","8.5","9.4","32.17","44.0","20.6","13.9","46.1","11.8","","132.6","4.54","2.98","-0.02","7.5","18.9","97.2","0.12","NA","NA"
"Babolat Xcel Premium 17","40","Medium","Nylon","1.25","1.27","7.3","8.5","9.4","32.02","40.1","28.8","26.7","58.7","21.1","","130.3","4.54","3.13","0.00","7.7","19.3","95.3","0.12","NA","NA"
"Babolat Xcel Premium 17","40","Fast","Nylon","1.25","1.27","7.3","8.5","9.4","31.93","37.7","34.0","37.5","69.2","29.5","","130.9","4.54","3.22","0.11","7.9","19.8","92.5","0.12","NA","NA"
"Pacific XCite 16 (1.30)","51","Fast","Polyester","1.3","NA","7.3","7.6","3.9","37.46","33.4","31.0","52.0","89.5","34.7","16.9","220.0","3.53","9.73","0.31","13.5","26.7","87.6","0.076","0.499","6.6"
"Pacific XCite 16L (1.25)","51","Fast","Polyester","1.25","1.22","2.1","10.6","11.8","36.82","34.0","31.6","50.7","87.5","34.6","17.2","206.3","3.86","10.04","0.22","14.1","27.8","87.6","0.079","0.458","5.8"
"Kirschbaum Xplosive Speed 1.25","51","Fast","Polyester","1.25","1.29","9.4","10.3","11.8","29.86","35.6","33.0","49.8","79.6","32.9","15.2","185.7","7.34","13.52","0.14","20.9","41.4","86.5","0.082","0.585","7.1"
"Kirschbaum Xplosive Speed 1.30","51","Fast","Polyester","1.3","1.33","1.8","4.2","6.1","29.11","35.5","32.9","51.4","80.5","33.1","15.3","193.2","8.56","13.05","0.36","22.1","43.3","86.9","0.102","0.577","5.7"
"Tecnifibre XR3 16","62","Slow","Nylon/Polyurethane","1.3","NA","6.4","7.6","8.5","50.98","37.0","17.0","13.5","64.4","13.7","","189.7","6.15","4.61","-0.02","10.8","17.4","99.4","0.161","0.465","2.9"
"Tecnifibre XR3 16","62","Medium","Nylon/Polyurethane","1.3","NA","6.4","7.6","8.5","50.76","34.1","24.1","28.4","79.4","23.9","","198.9","6.15","4.83","-0.04","11.0","17.7","96.0","0.161","0.465","2.9"
"Tecnifibre XR3 16","62","Fast","Nylon/Polyurethane","1.3","NA","6.4","7.6","8.5","50.60","32.4","29.4","39.7","90.4","33.2","","186.9","6.15","4.99","0.19","11.2","18.4","94.5","0.161","0.465","2.9"
"Tecnifibre XR3 16","51","Slow","Nylon/Polyurethane","1.3","NA","6.4","7.6","8.5","40.53","40.1","18.1","14.6","55.1","12.5","","179.5","5.56","4.63","0.00","10.1","20.1","96.6","0.161","0.465","2.9"
"Tecnifibre XR3 16","51","Medium","Nylon/Polyurethane","1.3","NA","6.4","7.6","8.5","40.40","36.6","26.1","29.8","70.1","22.9","","177.7","5.56","4.76","0.05","10.4","20.4","95.5","0.161","0.465","2.9"
"Tecnifibre XR3 16","51","Fast","Nylon/Polyurethane","1.3","NA","6.4","7.6","8.5","40.29","34.7","32.0","40.8","81.1","32.4","","162.9","5.56","4.87","0.14","10.6","20.8","92.0","0.161","0.465","2.9"
"Tecnifibre XR3 16","40","Slow","Nylon/Polyurethane","1.3","NA","6.4","7.6","8.5","30.78","44.3","20.2","15.4","46.1","11.7","","152.6","5.03","3.88","-0.11","8.8","22.2","96.2","0.161","0.465","2.9"
"Tecnifibre XR3 16","40","Fast","Nylon/Polyurethane","1.3","NA","6.4","7.6","8.5","30.76","37.5","34.0","40.4","71.2","30.3","","141.7","5.03","3.90","0.13","9.0","22.8","89.7","0.161","0.465","2.9"
"Tecnifibre XR3 17","62","Slow","Nylon/Polyurethane","1.25","1.26","7.0","7.9","9.1","51.55","36.6","17.0","13.0","64.6","13.7","","183.5","5.45","4.74","-0.02","10.1","16.5","96.2","0.159","0.474","3"
"Tecnifibre XR3 17","62","Medium","Nylon/Polyurethane","1.25","1.26","7.0","7.9","9.1","51.29","34.3","24.0","26.5","77.6","23.3","","185.7","5.45","5.00","-0.02","10.4","16.9","95.8","0.159","0.474","3"
"Tecnifibre XR3 17","62","Fast","Nylon/Polyurethane","1.25","1.26","7.0","7.9","9.1","51.11","32.5","29.4","38.6","89.7","33.0","","180.6","5.45","5.18","0.15","10.8","17.5","94.9","0.159","0.474","3"
"Tecnifibre XR3 17","51","Slow","Nylon/Polyurethane","1.25","1.26","7.0","7.9","9.1","42.01","39.5","18.0","13.7","55.6","12.5","","169.7","4.34","4.37","-0.06","8.6","17","97.4","0.159","0.474","3"
"Tecnifibre XR3 17","51","Medium","Nylon/Polyurethane","1.25","1.26","7.0","7.9","9.1","41.78","36.5","26.0","27.6","69.5","22.6","","166.3","4.34","4.60","-0.07","8.8","17.5","95.3","0.159","0.474","3"
"Tecnifibre XR3 17","51","Fast","Nylon/Polyurethane","1.25","1.26","7.0","7.9","9.1","41.70","34.5","31.3","38.6","80.3","31.4","","160.6","4.34","4.68","0.11","9.0","18","92.5","0.159","0.474","3"
"Tecnifibre XR3 17","40","Slow","Nylon/Polyurethane","1.25","1.26","7.0","7.9","9.1","31.99","43.5","20.1","14.6","46.5","11.7","","147.4","3.90","3.80","-0.03","7.7","19.3","96.8","0.159","0.474","3"
"Tecnifibre XR3 17","40","Medium","Nylon/Polyurethane","1.25","1.26","7.0","7.9","9.1","31.88","39.6","28.1","28.2","60.0","21.1","","145.7","3.90","3.91","0.00","7.7","19.7","94.9","0.159","0.474","3"
"Tecnifibre XR3 17","40","Fast","Nylon/Polyurethane","1.25","1.26","7.0","7.9","9.1","31.80","37.3","34.0","38.4","70.1","29.8","","134.9","3.90","3.99","0.11","7.9","20.2","90.6","0.159","0.474","3"
"Signum Pro Yellow Jacket 17g (1.22)","51","Fast","Polyester","1.22","1.29","7.0","3.9","8.5","34.40","34.5","32.0","49.6","84.0","33.6","15.6","197.7","4.23","12.09","0.22","16.5","32.6","88.4","0.097","0.614","6.3"
"Gamma Zo Black Ice 17 (1.23)","62","Slow","Polyester","1.23","1.23","2.4","3.6","4.5","40.26","37.7","18.0","22.7","62.8","14.2","","284.0","9.08","12.40","-0.44","20.9","34.1","97.2","0.11","0.402","3.7"
"Gamma Zo Black Ice 17 (1.23)","62","Medium","Polyester","1.23","1.23","2.4","3.6","4.5","40.92","34.2","24.2","39.7","80.7","24.4","","277.2","9.08","11.74","0.13","20.9","33.9","92.4","0.11","0.402","3.7"
"Gamma Zo Black Ice 17 (1.23)","62","Fast","Polyester","1.23","1.23","2.4","3.6","4.5","40.92","32.4","29.5","50.7","91.5","33.7","","237.2","9.08","11.74","0.46","21.2","34.5","89.7","0.11","0.402","3.7"
"Gamma Zo Black Ice 17 (1.23)","51","Slow","Polyester","1.23","1.23","2.4","3.6","4.5","29.61","41.1","19.9","24.9","54.5","13.6","","253.7","8.09","13.02","-0.36","20.7","40.9","95.8","0.11","0.402","3.7"
"Gamma Zo Black Ice 17 (1.23)","51","Medium","Polyester","1.23","1.23","2.4","3.6","4.5","30.23","36.8","26.1","41.0","71.2","23.3","","244.6","8.09","12.40","0.22","20.7","40.8","90.8","0.11","0.402","3.7"
"Gamma Zo Black Ice 17 (1.23)","51","Fast","Polyester","1.23","1.23","2.4","3.6","4.5","30.25","34.6","31.8","52.5","82.7","32.9","","211.5","8.09","12.38","0.44","20.9","41.2","87.2","0.11","0.402","3.7"
"Gamma Zo Black Ice 17 (1.23)","40","Slow","Polyester","1.23","1.23","2.4","3.6","4.5","16.63","46.5","22.2","26.9","43.7","12.1","","221.7","7.32","15.74","-0.17","22.9","57.7","90.6","0.11","0.402","3.7"
"Gamma Zo Black Ice 17 (1.23)","40","Medium","Polyester","1.23","1.23","2.4","3.6","4.5","17.18","41.2","30.0","41.7","58.9","22.1","","189.2","7.32","15.19","0.36","22.9","57.6","84.3","0.11","0.402","3.7"
"Gamma Zo Black Ice 17 (1.23)","40","Fast","Polyester","1.23","1.23","2.4","3.6","4.5","17.22","38.5","34.4","53.6","70.8","30.4","","184.0","7.32","15.15","0.46","22.9","57.8","81.0","0.11","0.402","3.7"
"Gamma Zo Black Ice 18 (1.18)","62","Slow","Polyester","1.18","1.18","3.0","3.6","5.2","39.03","38.3","18.0","22.1","61.1","13.7","","276.6","8.07","14.64","-0.48","22.3","36","95.5","0.108","0.431","4"
"Gamma Zo Black Ice 18 (1.18)","62","Medium","Polyester","1.18","1.18","3.0","3.6","5.2","39.76","34.8","25.0","37.9","77.6","24.3","","246.9","8.07","13.91","0.16","22.1","35.9","92.9","0.108","0.431","4"
"Gamma Zo Black Ice 18 (1.18)","62","Fast","Polyester","1.18","1.18","3.0","3.6","5.2","39.80","33.0","30.0","49.0","88.9","33.3","","221.7","8.07","13.87","0.51","22.5","36.4","88.5","0.108","0.431","4"
"Gamma Zo Black Ice 18 (1.18)","51","Slow","Polyester","1.18","1.18","3.0","3.6","5.2","30.52","40.9","19.9","24.0","54.5","13.6","","245.2","8.25","11.95","-0.44","19.8","39","94.3","0.108","0.431","4"
"Gamma Zo Black Ice 18 (1.18)","51","Medium","Polyester","1.18","1.18","3.0","3.6","5.2","30.96","36.9","26.2","39.5","70.3","23.1","","233.7","8.25","11.51","0.02","19.8","39","91.4","0.108","0.431","4"
"Gamma Zo Black Ice 18 (1.18)","51","Fast","Polyester","1.18","1.18","3.0","3.6","5.2","31.09","34.8","31.9","49.8","80.9","32.3","","199.5","8.25","11.38","0.44","20.1","39.6","87.8","0.108","0.431","4"
"Gamma Zo Black Ice 18 (1.18)","40","Slow","Polyester","1.18","1.18","3.0","3.6","5.2","19.16","45.7","22.0","26.0","45.2","12.4","","217.7","7.08","13.45","-0.24","20.3","51.1","93.3","0.108","0.431","4"
"Gamma Zo Black Ice 18 (1.18)","40","Medium","Polyester","1.18","1.18","3.0","3.6","5.2","19.73","40.5","29.5","40.1","59.8","22.1","","188.0","7.08","12.88","0.33","20.3","51.1","85.6","0.108","0.431","4"
"Gamma Zo Black Ice 18 (1.18)","40","Fast","Polyester","1.18","1.18","3.0","3.6","5.2","19.71","37.9","34.0","51.6","71.2","30.3","","181.2","7.08","12.90","0.53","20.5","51.7","81.9","0.108","0.431","4"
"Gamma Zo Dart 17 (1.25)","51","Fast","Polyester","1.25","1.32","3.0","3.3","3.6","37.37","33.7","31.5","50.5","87.8","34.5","16.2","206.9","3.95","9.40","0.22","13.5","26.7","88.7","0.085","0.452","5.3"
"Gamma Zo Ice 16","62","Slow","Polyester","1.27","1.27","1.5","NA","3.0","39.32","38.1","18.0","24.3","63.5","14.3","","304.0","9.39","13.03","-0.37","22.1","35.7","96.0","0.102","0.43","4.2"
"Gamma Zo Ice 16","62","Medium","Polyester","1.27","1.27","1.5","NA","3.0","39.87","34.5","24.7","41.0","80.9","25.0","","273.2","9.39","12.48","0.20","22.1","35.8","92.4","0.102","0.43","4.2"
"Gamma Zo Ice 16","62","Fast","Polyester","1.27","1.27","1.5","NA","3.0","39.84","32.8","29.8","52.5","92.4","34.4","","240.6","9.39","12.51","0.55","22.5","36.4","87.6","0.102","0.43","4.2"
"Gamma Zo Ice 16","51","Slow","Polyester","1.27","1.27","1.5","NA","3.0","31.60","40.4","19.3","26.0","57.6","13.9","","281.2","6.68","12.44","-0.15","19.0","37.4","94.3","0.102","0.43","4.2"
"Gamma Zo Ice 16","51","Medium","Polyester","1.27","1.27","1.5","NA","3.0","32.02","36.3","26.0","42.8","74.7","24.3","","256.6","6.68","12.02","0.27","19.0","37.4","90.4","0.102","0.43","4.2"
"Gamma Zo Ice 16","51","Fast","Polyester","1.27","1.27","1.5","NA","3.0","32.02","34.4","31.0","52.9","84.9","32.9","","223.5","6.68","12.02","0.49","19.2","37.8","85.2","0.102","0.43","4.2"
"Gamma Zo Ice 16","40","Slow","Polyester","1.27","1.27","1.5","NA","3.0","23.26","43.2","20.9","28.2","51.4","13.5","","261.2","4.61","11.82","-0.16","16.3","41","94.7","0.102","0.43","4.2"
"Gamma Zo Ice 16","40","Medium","Polyester","1.27","1.27","1.5","NA","3.0","23.66","38.5","28.0","44.5","68.1","23.9","","230.9","4.61","11.42","0.29","16.3","41.1","87.6","0.102","0.43","4.2"
"Gamma Zo Ice 16","40","Fast","Polyester","1.27","1.27","1.5","NA","3.0","23.62","36.3","32.8","54.5","78.1","32.0","","204.6","4.61","11.46","0.31","16.3","41.3","82.6","0.102","0.43","4.2"
"Gamma Zo Magic 16","62","Slow","Polyester","1.27","1.28","1.8","2.4","3.0","43.00","37.5","18.0","23.2","66.2","14.9","","290.3","7.12","11.62","-0.15","18.5","30.1","98.0","0.097","0.395","4.1"
"Gamma Zo Magic 16","62","Medium","Polyester","1.27","1.28","1.8","2.4","3.0","43.37","33.4","24.0","41.2","84.7","25.4","","290.9","7.12","11.25","0.06","18.5","29.9","95.3","0.097","0.395","4.1"
"Gamma Zo Magic 16","62","Fast","Polyester","1.27","1.28","1.8","2.4","3.0","43.37","31.8","28.9","53.1","96.4","34.9","","257.7","7.12","11.25","0.39","18.7","30.4","90.1","0.097","0.395","4.1"
"Gamma Zo Magic 16","51","Slow","Polyester","1.27","1.28","1.8","2.4","3.0","33.91","38.9","18.2","26.2","60.2","13.7","","321.2","6.37","10.44","-0.14","16.8","32.9","94.9","0.097","0.395","4.1"
"Gamma Zo Magic 16","51","Medium","Polyester","1.27","1.28","1.8","2.4","3.0","34.16","35.3","25.2","43.2","77.4","24.4","","276.6","6.37","10.19","0.18","16.8","33","92.7","0.097","0.395","4.1"
"Gamma Zo Magic 16","51","Fast","Polyester","1.27","1.28","1.8","2.4","3.0","34.11","33.3","30.0","54.9","89.1","33.4","","248.0","6.37","10.24","0.48","17.2","33.7","89.3","0.097","0.395","4.1"
"Gamma Zo Magic 16","40","Slow","Polyester","1.27","1.28","1.8","2.4","3.0","22.54","42.9","20.6","28.4","50.9","13.1","","270.3","5.49","11.66","-0.02","17.2","43.2","95.3","0.097","0.395","4.1"
"Gamma Zo Magic 16","40","Medium","Polyester","1.27","1.28","1.8","2.4","3.0","22.78","38.2","28.0","45.9","68.6","24.0","","238.3","5.49","11.42","0.31","17.2","43.4","87.2","0.097","0.395","4.1"
"Gamma Zo Magic 16","40","Fast","Polyester","1.27","1.28","1.8","2.4","3.0","22.78","35.7","32.1","58.2","80.9","32.5","","229.2","5.49","11.42","0.38","17.2","43.6","85.2","0.097","0.395","4.1"
"Gamma Zo Power 16L","62","Slow","Polyester","1.25","1.27","2.1","3.9","5.2","33.30","39.5","19.0","25.4","58.7","13.9","","284.6","12.39","16.05","-0.22","28.2","45.7","94.9","0.132","0.383","2.9"
"Gamma Zo Power 16L","62","Medium","Polyester","1.25","1.27","2.1","3.9","5.2","33.80","35.5","25.9","42.6","76.3","24.7","","258.3","12.39","15.55","0.17","28.2","45.5","90.8","0.132","0.383","2.9"
"Gamma Zo Power 16L","62","Fast","Polyester","1.25","1.27","2.1","3.9","5.2","33.76","33.6","30.1","54.2","88.0","33.0","","243.5","12.39","15.59","0.64","28.7","46.4","86.7","0.132","0.383","2.9"
"Gamma Zo Power 16L","51","Slow","Polyester","1.25","1.27","2.1","3.9","5.2","22.29","43.5","21.0","27.1","49.4","13.0","","249.2","9.99","18.44","-0.16","28.2","55.7","93.1","0.132","0.383","2.9"
"Gamma Zo Power 16L","51","Medium","Polyester","1.25","1.27","2.1","3.9","5.2","22.82","39.0","28.0","42.3","65.0","22.8","","219.5","9.99","17.91","0.46","28.4","55.9","87.6","0.132","0.383","2.9"
"Gamma Zo Power 16L","51","Fast","Polyester","1.25","1.27","2.1","3.9","5.2","22.78","37.0","33.1","52.0","74.7","30.9","","193.2","9.99","17.95","0.82","28.7","56.7","81.7","0.132","0.383","2.9"
"Gamma Zo Power 16L","40","Slow","Polyester","1.25","1.27","2.1","3.9","5.2","13.94","47.9","23.4","28.9","42.8","12.5","","213.7","6.46","19.29","-0.08","25.6","64.7","88.4","0.132","0.383","2.9"
"Gamma Zo Power 16L","40","Medium","Polyester","1.25","1.27","2.1","3.9","5.2","14.49","42.7","30.2","42.6","57.1","21.5","","190.3","6.46","18.74","0.60","25.8","65","81.4","0.132","0.383","2.9"
"Gamma Zo Power 16L","40","Fast","Polyester","1.25","1.27","2.1","3.9","5.2","14.42","40.5","35.9","70.8","85.1","38.2","","223.5","6.46","18.81","0.53","25.8","65","76.4","0.132","0.383","2.9"
"Gamma Zo Tour 16","62","Slow","","1.3","1.33","1.8","2.7","4.2","34.73","39.4","18.3","25.8","60.4","13.8","","313.2","11.88","15.13","-0.33","26.7","43.2","97.4","0.11","0.422","3.8"
"Gamma Zo Tour 16","62","Medium","","1.3","1.33","1.8","2.7","4.2","35.30","35.0","25.2","44.3","79.6","25.1","","283.5","11.88","14.56","0.22","26.7","43.2","90.2","0.11","0.422","3.8"
"Gamma Zo Tour 16","62","Fast","","1.3","1.33","1.8","2.7","4.2","35.28","33.2","30.1","55.6","90.8","34.1","","250.3","11.88","14.58","0.60","27.1","43.8","87.2","0.11","0.422","3.8"
"Gamma Zo Tour 16","51","Slow","","1.3","1.33","1.8","2.7","4.2","24.06","42.7","20.0","28.2","52.5","13.1","","286.9","9.75","16.91","-0.55","26.0","51.5","94.7","0.11","0.422","3.8"
"Gamma Zo Tour 16","51","Medium","","1.3","1.33","1.8","2.7","4.2","24.83","38.0","27.9","44.8","69.7","24.3","","233.2","9.75","16.14","0.40","26.2","51.8","87.2","0.11","0.422","3.8"
"Gamma Zo Tour 16","51","Fast","","1.3","1.33","1.8","2.7","4.2","24.78","36.0","32.4","55.6","80.5","32.6","","214.9","9.75","16.19","0.61","26.5","52.3","82.8","0.11","0.422","3.8"
"Gamma Zo Tour 16","40","Slow","","1.3","1.33","1.8","2.7","4.2","17.84","45.4","22.0","28.9","46.7","12.8","","242.3","5.45","16.40","0.00","21.8","55.1","89.5","0.11","0.422","3.8"
"Gamma Zo Tour 16","40","Medium","","1.3","1.33","1.8","2.7","4.2","18.10","40.3","29.2","44.8","62.8","22.9","","213.2","5.45","16.14","0.39","22.1","55.4","84.6","0.11","0.422","3.8"
"Gamma Zo Tour 16","40","Fast","","1.3","1.33","1.8","2.7","4.2","18.04","38.2","34.0","54.5","72.5","30.9","","191.5","5.45","16.20","0.40","22.1","55.6","78.7","0.11","0.422","3.8"
"Gamma Zo Tour 17 (1.25)","62","Slow","Polyester","1.25","1.27","2.4","3.3","4.8","35.04","38.9","18.1","24.9","59.8","13.5","","308.0","11.25","15.45","-0.42","26.2","42.6","94.7","0.109","0.408","3.7"
"Gamma Zo Tour 17 (1.25)","62","Medium","Polyester","1.25","1.27","2.4","3.3","4.8","35.74","35.1","25.4","41.7","77.4","24.5","","262.9","11.25","14.75","0.15","26.2","42.4","91.8","0.109","0.408","3.7"
"Gamma Zo Tour 17 (1.25)","62","Fast","Polyester","1.25","1.27","2.4","3.3","4.8","35.77","33.3","30.0","53.1","88.9","33.3","","239.5","11.25","14.72","0.51","26.5","42.9","85.9","0.109","0.408","3.7"
"Gamma Zo Tour 17 (1.25)","51","Slow","Polyester","1.25","1.27","2.4","3.3","4.8","25.09","42.6","20.1","26.2","51.4","12.9","","265.7","8.93","16.70","-0.25","25.4","50","93.7","0.109","0.408","3.7"
"Gamma Zo Tour 17 (1.25)","51","Medium","Polyester","1.25","1.27","2.4","3.3","4.8","25.75","38.1","27.8","41.5","67.0","23.3","","217.7","8.93","16.04","0.24","25.1","49.7","87.8","0.109","0.408","3.7"
"Gamma Zo Tour 17 (1.25)","51","Fast","Polyester","1.25","1.27","2.4","3.3","4.8","25.73","36.0","32.1","51.6","77.4","31.0","","204.0","8.93","16.06","0.55","25.6","50.3","83.7","0.109","0.408","3.7"
"Gamma Zo Tour 17 (1.25)","40","Slow","Polyester","1.25","1.27","2.4","3.3","4.8","16.78","46.2","22.1","27.8","44.5","12.3","","230.3","6.20","16.71","-0.24","22.7","57.1","92.0","0.109","0.408","3.7"
"Gamma Zo Tour 17 (1.25)","40","Medium","Polyester","1.25","1.27","2.4","3.3","4.8","17.35","41.2","29.9","42.3","59.5","22.3","","192.0","6.20","16.14","0.33","22.7","57.1","84.5","0.109","0.408","3.7"
"Gamma Zo Tour 17 (1.25)","40","Fast","Polyester","1.25","1.27","2.4","3.3","4.8","17.35","39.0","34.3","50.9","68.4","29.2","","176.6","6.20","16.14","0.53","22.9","57.6","78.3","0.109","0.408","3.7"
"Gamma Zo Tour Rough 16","62","Slow","Polyester","1.28","1.32","2.7","4.8","6.7","37.04","39.1","18.3","22.3","59.3","13.6","","270.9","10.36","14.34","-0.20","24.5","39.7","96.4","0.083","0.505","6.1"
"Gamma Zo Tour Rough 16","62","Medium","Polyester","1.28","1.32","2.7","4.8","6.7","37.51","35.6","25.7","38.4","75.9","24.4","","237.2","10.36","13.87","0.14","24.3","39.5","90.6","0.083","0.505","6.1"
"Gamma Zo Tour Rough 16","62","Fast","Polyester","1.28","1.32","2.7","4.8","6.7","37.48","33.5","30.0","49.2","86.7","32.6","","222.3","10.36","13.90","0.52","24.7","40.1","89.3","0.083","0.505","6.1"
"Gamma Zo Tour Rough 16","51","Slow","Polyester","1.28","1.32","2.7","4.8","6.7","26.17","42.8","20.2","25.1","51.2","12.9","","250.9","9.33","15.22","-0.14","24.5","48.1","94.5","0.083","0.505","6.1"
"Gamma Zo Tour Rough 16","51","Medium","Polyester","1.28","1.32","2.7","4.8","6.7","26.57","38.5","28.0","39.0","65.5","22.9","","202.3","9.33","14.82","0.31","24.5","48.2","90.1","0.083","0.505","6.1"
"Gamma Zo Tour Rough 16","51","Fast","Polyester","1.28","1.32","2.7","4.8","6.7","26.59","36.3","33.0","50.1","76.7","31.6","","186.9","9.33","14.80","0.66","24.7","48.9","85.9","0.083","0.505","6.1"
"Gamma Zo Tour Rough 16","40","Slow","Polyester","1.28","1.32","2.7","4.8","6.7","13.47","49.5","24.0","26.2","39.7","11.9","","185.2","7.61","18.61","-0.07","26.2","65.9","89.5","0.083","0.505","6.1"
"Gamma Zo Tour Rough 16","40","Medium","Polyester","1.28","1.32","2.7","4.8","6.7","13.89","44.4","31.9","39.0","52.9","21.1","","154.9","7.61","18.19","0.44","26.2","66.1","80.6","0.083","0.505","6.1"
"Gamma Zo Tour Rough 16","40","Fast","Polyester","1.28","1.32","2.7","4.8","6.7","13.91","42.0","37.0","47.0","60.9","28.2","","139.4","7.61","18.17","0.72","26.5","66.8","76.7","0.083","0.505","6.1"
"Gamma Zo Twist 16","62","Slow","Polyester","1.28","1.28","3.0","5.8","7.0","35.30","39.8","19.0","21.8","57.1","13.6","","244.0","9.94","16.50","-0.11","26.2","42.6","93.3","0.085","0.4","4.7"
"Gamma Zo Twist 16","62","Medium","Polyester","1.28","1.28","3.0","5.8","7.0","35.63","36.1","26.0","37.7","73.2","23.8","","226.3","9.94","16.17","0.17","26.2","42.6","93.9","0.085","0.4","4.7"
"Gamma Zo Twist 16","62","Fast","Polyester","1.28","1.28","3.0","5.8","7.0","35.61","34.2","31.0","48.7","84.5","32.7","","206.3","9.94","16.19","0.46","26.7","43.1","89.3","0.085","0.4","4.7"
"Gamma Zo Twist 16","51","Slow","Polyester","1.28","1.28","3.0","5.8","7.0","27.34","42.5","20.0","24.0","51.2","12.8","","242.9","8.73","14.65","-0.24","23.2","45.6","97.6","0.085","0.4","4.7"
"Gamma Zo Twist 16","51","Medium","Polyester","1.28","1.28","3.0","5.8","7.0","27.87","38.2","27.9","38.8","66.6","23.2","","203.5","8.73","14.12","0.31","23.2","45.7","89.5","0.085","0.4","4.7"
"Gamma Zo Twist 16","51","Fast","Polyester","1.28","1.28","3.0","5.8","7.0","27.87","36.2","32.3","49.0","76.7","30.9","","190.3","8.73","14.12","0.64","23.4","46.3","86.7","0.085","0.4","4.7"
"Gamma Zo Twist 16","40","Slow","Polyester","1.28","1.28","3.0","5.8","7.0","14.09","49.1","24.0","26.5","40.6","12.1","","186.9","7.76","17.84","-0.02","25.6","64.4","91.2","0.085","0.4","4.7"
"Gamma Zo Twist 16","40","Medium","Polyester","1.28","1.28","3.0","5.8","7.0","14.51","44.0","31.2","37.9","52.5","20.5","","158.3","7.76","17.42","0.40","25.6","64.4","83.0","0.085","0.4","4.7"
"Gamma Zo Twist 16","40","Fast","Polyester","1.28","1.28","3.0","5.8","7.0","14.49","41.3","36.4","47.6","62.0","28.2","","146.3","7.76","17.44","0.73","26.0","65.3","78.0","0.085","0.4","4.7"
"Gamma Zo Verve 16 (1.32)","51","Fast","Polyester","1.32","1.28","3.0","3.9","3.0","39.67","32.9","30.5","52.7","92.2","35.2","16.7","229.2","3.09","7.96","0.20","11.2","22.2","90.4","0.076","0.446","5.9"
"Gamma Zo Verve 17","40","Slow","Polyester","1.25","NA","1.5","2.1","3.0","23.59","42.9","20.4","27.6","51.2","13.1","6.8","268.0","4.48","11.62","0.00","16.1","40.6","95.8","0.082","0.502","6.1"
"Gamma Zo Verve 17","40","Medium","Polyester","1.25","NA","1.5","2.1","3.0","23.92","37.5","28.0","45.4","69.5","24.3","11.5","236.6","4.48","11.29","0.22","15.9","40.3","90.1","0.082","0.502","6.1"
"Gamma Zo Verve 17","40","Fast","Polyester","1.25","NA","1.5","2.1","3.0","24.08","35.2","32.5","56.4","80.5","32.6","15.2","217.7","4.48","11.13","0.31","15.9","40.1","87.6","0.082","0.502","6.1"
"Gamma Zo Verve 17","51","Slow","Polyester","1.25","NA","1.5","2.1","3.0","37.93","38.5","18.1","22.9","60.9","13.7","7.7","285.2","3.22","9.57","-0.15","12.6","24.9","94.9","0.082","0.502","6.1"
"Gamma Zo Verve 17","51","Medium","Polyester","1.25","NA","1.5","2.1","3.0","38.26","34.8","25.5","40.1","78.5","25.0","12.9","252.0","3.22","9.24","0.11","12.6","24.8","94.3","0.082","0.502","6.1"
"Gamma Zo Verve 17","51","Fast","Polyester","1.25","NA","1.5","2.1","3.0","38.23","32.6","30.1","51.4","89.5","33.6","16.7","230.9","3.22","9.27","0.37","12.8","25.3","89.5","0.082","0.502","6.1"
"Gamma Zo Verve 17","62","Slow","Polyester","1.25","NA","1.5","2.1","3.0","47.30","36.4","17.1","20.5","67.9","14.5","7.9","288.0","3.59","10.85","-0.22","14.3","23","96.0","0.082","0.502","6.1"
"Gamma Zo Verve 17","62","Medium","Polyester","1.25","NA","1.5","2.1","3.0","47.58","33.0","24.0","37.7","85.3","25.6","13.6","266.3","3.59","10.57","0.08","14.3","23.1","94.1","0.082","0.502","6.1"
"Gamma Zo Verve 17","62","Fast","Polyester","1.25","NA","1.5","2.1","3.0","47.54","31.3","28.8","48.7","96.4","34.6","17.8","240.0","3.59","10.61","0.38","14.6","23.6","91.2","0.082","0.502","6.1"